  0
SECTION
  2
HEADER
  9
$ACADVER
  1
AC1021
  9
$DWGCODEPAGE
  3
ANSI_1251
  9
$LASTSAVEDBY
  1
Autodesk
  9
$DIMASO
 70
     1
  9
$DIMSHO
 70
     1
  9
$PLINEGEN
 70
     0
  9
$ORTHOMODE
 70
     0
  9
$REGENMODE
 70
     1
  9
$FILLMODE
 70
     1
  9
$QTEXTMODE
 70
     0
  9
$PSLTSCALE
 70
     1
  9
$LIMCHECK
 70
     0
  9
$USRTIMER
 70
     1
  9
$SKPOLY
 70
     0
  9
$ANGDIR
 70
     0
  9
$SPLFRAME
 70
     0
  9
$MIRRTEXT
 70
     0
  9
$WORLDVIEW
 70
     1
  9
$TILEMODE
 70
     0
  9
$PLIMCHECK
 70
     0
  9
$VISRETAIN
 70
     1
  9
$DISPSILH
 70
     0
  9
$PROXYGRAPHICS
 70
     1
  9
$TREEDEPTH
 70
  3020
  9
$LUNITS
 70
     2
  9
$LUPREC
 70
     4
  9
$AUNITS
 70
     0
  9
$AUPREC
 70
     0
  9
$ATTMODE
 70
     1
  9
$PDMODE
 70
     0
  9
$USERI1
 70
     0
  9
$USERI2
 70
     0
  9
$USERI3
 70
     0
  9
$USERI4
 70
     0
  9
$USERI5
 70
     0
  9
$SPLINESEGS
 70
     8
  9
$SURFU
 70
     6
  9
$SURFV
 70
     6
  9
$SURFTYPE
 70
     6
  9
$SURFTAB1
 70
     6
  9
$SURFTAB2
 70
     6
  9
$SPLINETYPE
 70
     6
  9
$SHADEDGE
 70
     3
  9
$SHADEDIF
 70
    70
  9
$UNITMODE
 70
     0
  9
$MAXACTVP
 70
    64
  9
$CMLJUST
 70
     0
  9
$LTSCALE
 40
1.0
  9
$TEXTSIZE
 40
0.200000000000000011
  9
$TRACEWID
 40
0.0500000000000000028
  9
$SKETCHINC
 40
0.100000000000000006
  9
$FILLETRAD
 40
0.0
  9
$THICKNESS
 40
0.0
  9
$ANGBASE
 50
0.0
  9
$PDSIZE
 40
0.0
  9
$PLINEWID
 40
0.0
  9
$USERR1
 40
0.0
  9
$USERR2
 40
0.0
  9
$USERR3
 40
0.0
  9
$USERR4
 40
0.0
  9
$USERR5
 40
0.0
  9
$CHAMFERA
 40
0.0
  9
$CHAMFERB
 40
0.0
  9
$CHAMFERC
 40
0.0
  9
$CHAMFERD
 40
0.0
  9
$CMLSCALE
 40
1.0
  9
$CELTSCALE
 40
1.0
  9
$TDCREATE
 40
2454060.23984067142
  9
$TDUPDATE
 40
2454215.98581777792
  9
$TDINDWG
 40
0.26352416666666667
  9
$TDUSRTIMER
 40
0.263522534722222201
  9
$CECOLOR
 62
   256
  9
$HANDSEED
  5
CEC1
  9
$CLAYER
  8
10
  9
$TEXTSTYLE
  7
11
  9
$CELTYPE
  6
15
  9
$DIMSTYLE
  2
19F8
  9
$CMLSTYLE
  2
18
  9
$PSVPSCALE
 40
0.0
  9
$PINSBASE
 10
0.0
 20
0.0
 30
0.0
  9
$PEXTMIN
 10
-0.249883571165071316
 20
-0.749920947464630672
 30
0.0
  9
$PEXTMAX
 10
35.7498860288358742
 20
23.2499254525353365
 30
0.0
  9
$PLIMMIN
 10
-0.228100386191540827
 20
-0.70054136861966354
  9
$PLIMMAX
 10
35.7719005749920242
 20
23.2994576701967731
  9
$PELEVATION
 40
0.0
  9
$PUCSORG
 10
0.0
 20
0.0
 30
0.0
  9
$PUCSXDIR
 10
1.0
 20
0.0
 30
0.0
  9
$PUCSYDIR
 10
0.0
 20
1.0
 30
0.0
  9
$PUCSNAME
  2
0
  9
$PUCSORTHOREF
  2
0
  9
$PUCSORTHOVIEW
 70
     0
  9
$PUCSBASE
  2
0
  9
$PUCSORGTOP
 10
0.0
 20
0.0
 30
0.0
  9
$PUCSORGBOTTOM
 10
0.0
 20
0.0
 30
0.0
  9
$PUCSORGLEFT
 10
0.0
 20
0.0
 30
0.0
  9
$PUCSORGRIGHT
 10
0.0
 20
0.0
 30
0.0
  9
$PUCSORGFRONT
 10
0.0
 20
0.0
 30
0.0
  9
$PUCSORGBACK
 10
0.0
 20
0.0
 30
0.0
  9
$INSBASE
 10
0.0
 20
0.0
 30
0.0
  9
$EXTMIN
 10
-53.71424341666701
 20
13.7114797174901355
 30
0.0
  9
$EXTMAX
 10
1375.66395025160318
 20
581.779998584036434
 30
0.0
  9
$LIMMIN
 10
0.0
 20
0.0
  9
$LIMMAX
 10
12.0
 20
9.0
  9
$ELEVATION
 40
0.0
  9
$UCSORG
 10
0.0
 20
0.0
 30
0.0
  9
$UCSXDIR
 10
1.0
 20
0.0
 30
0.0
  9
$UCSYDIR
 10
0.0
 20
1.0
 30
0.0
  9
$UCSNAME
  2
0
  9
$UCSORTHOREF
  2
0
  9
$UCSORTHOVIEW
 70
     0
  9
$UCSBASE
  2
0
  9
$UCSORGTOP
 10
0.0
 20
0.0
 30
0.0
  9
$UCSORGBOTTOM
 10
0.0
 20
0.0
 30
0.0
  9
$UCSORGLEFT
 10
0.0
 20
0.0
 30
0.0
  9
$UCSORGRIGHT
 10
0.0
 20
0.0
 30
0.0
  9
$UCSORGFRONT
 10
0.0
 20
0.0
 30
0.0
  9
$UCSORGBACK
 10
0.0
 20
0.0
 30
0.0
  9
$DIMPOST
  1
\X
  9
$DIMAPOST
  1

  9
$DIMSCALE
 40
0.0
  9
$DIMASZ
 40
0.09375
  9
$DIMEXO
 40
0.09375
  9
$DIMDLI
 40
0.375
  9
$DIMEXE
 40
0.09375
  9
$DIMRND
 40
0.0
  9
$DIMDLE
 40
0.09375
  9
$DIMTP
 40
0.0
  9
$DIMTM
 40
0.0
  9
$DIMFXL
 40
1.0
  9
$DIMJOGANG
 40
0.785398163397448279
  9
$DIMTFILLCLR
 70
   256
  9
$DIMTOL
 70
     0
  9
$DIMLIM
 70
     0
  9
$DIMTIH
 70
     0
  9
$DIMTOH
 70
     0
  9
$DIMSE1
 70
     0
  9
$DIMSE2
 70
     0
  9
$DIMTAD
 70
     1
  9
$DIMZIN
 70
     1
  9
$DIMAZIN
 70
     0
  9
$DIMARCSYM
 70
     0
  9
$DIMTXT
 40
0.078125
  9
$DIMCEN
 40
0.0625
  9
$DIMTSZ
 40
0.0
  9
$DIMALTF
 40
25.3999999999999986
  9
$DIMLFAC
 40
1.0
  9
$DIMTVP
 40
0.0
  9
$DIMTFAC
 40
1.0
  9
$DIMGAP
 40
0.0625
  9
$DIMALTRND
 40
0.0
  9
$DIMALT
 70
     1
  9
$DIMALTD
 70
     0
  9
$DIMTOFL
 70
     0
  9
$DIMSAH
 70
     0
  9
$DIMTIX
 70
     0
  9
$DIMSOXD
 70
     0
  9
$DIMCLRD
 70
   256
  9
$DIMCLRE
 70
   256
  9
$DIMCLRT
 70
   256
  9
$DIMADEC
 70
     0
  9
$DIMDEC
 70
     4
  9
$DIMTDEC
 70
     4
  9
$DIMALTU
 70
     2
  9
$DIMALTTD
 70
     0
  9
$DIMAUNIT
 70
     0
  9
$DIMFRAC
 70
     2
  9
$DIMLUNIT
 70
     4
  9
$DIMDSEP
 70
    46
  9
$DIMTMOVE
 70
     0
  9
$DIMJUST
 70
     0
  9
$DIMSD1
 70
     0
  9
$DIMSD2
 70
     0
  9
$DIMTOLJ
 70
     1
  9
$DIMTZIN
 70
     0
  9
$DIMALTZ
 70
     0
  9
$DIMALTTZ
 70
     0
  9
$DIMUPT
 70
     0
  9
$DIMATFIT
 70
     0
  9
$DIMFXLON
 70
     0
  9
$DIMTXSTY
  7
3CC
  9
$DIMLDRBLK
  1
0
  9
$DIMBLK
  1
175
  9
$DIMBLK1
  1
0
  9
$DIMBLK2
  1
0
  9
$DIMLWD
 70
    -2
  9
$DIMLWE
 70
    -2
  9
$TSTACKALIGN
 70
     1
  9
$TSTACKSIZE
 70
    70
  9
$HYPERLINKBASE
  1

  9
$STYLESHEET
  1

  9
$CELWEIGHT
370
    -1
  9
$ENDCAPS
280
     0
  9
$JOINSTYLE
280
     0
  9
$LWDISPLAY
290
     0
  9
$XEDIT
290
     1
  9
$EXTNAMES
290
     1
  9
$PSTYLEMODE
290
     1
  9
$OLESTARTUP
290
     0
  9
$INSUNITS
 70
     1
  9
$CEPSNTYPE
380
     0
  9
$FINGERPRINTGUID
  2
{428A32A0-D3BB-47EC-95AC-0ACDAAD370BE}
  9
$VERSIONGUID
  2
{72E3728B-0C31-484A-B459-8096B7937A62}
  9
$SORTENTS
280
   127
  9
$INDEXCTL
280
     0
  9
$HIDETEXT
280
     1
  9
$XCLIPFRAME
280
     0
  9
$DIMASSOC
280
     2
  9
$HALOGAP
280
     0
  9
$OBSCOLOR
 70
   257
  9
$INTERSECTIONCOLOR
 70
   257
  9
$OBSLTYPE
280
     0
  9
$INTERSECTIONDISPLAY
280
     0
  9
$PROJECTNAME
  1

  9
$CAMERADISPLAY
290
     0
  9
$STEPSPERSEC
 40
2.0
  9
$STEPSIZE
 40
6.0
  9
$LENSLENGTH
 40
50.0
  9
$CAMERAHEIGHT
 40
0.0
  9
$SOLIDHIST
280
     1
  9
$SHOWHIST
280
     1
  9
$PSOLWIDTH
 40
0.25
  9
$PSOLHEIGHT
 40
4.0
  9
$LOFTANG1
 40
1.57079632679489656
  9
$LOFTANG2
 40
1.57079632679489656
  9
$LOFTMAG1
 40
0.0
  9
$LOFTMAG2
 40
0.0
  9
$LOFTPARAM
 70
     7
  9
$LOFTNORMALS
280
     1
  9
$LATITUDE
 40
37.7950000000000017
  9
$LONGITUDE
 40
-122.394000000000005
  9
$NORTHDIRECTION
 40
0.0
  9
$TIMEZONE
 70
 -8000
  9
$LIGHTGLYPHDISPLAY
280
     1
  9
$TILEMODELIGHTSYNCH
280
     1
  9
$DWFFRAME
280
     2
  9
$DGNFRAME
280
     0
  9
$INTERFERECOLOR
 62
     1
  9
$INTERFEREOBJVS
345
A3
  9
$INTERFEREVPVS
346
A0
  9
$DRAGVS
349
0
  9
$CSHADOW
280
     0
  9
$SHADOWPLANELOCATION
 40
0.0
  0
ENDSEC
  0
SECTION
  2
CLASSES
  0
CLASS
  1
ACDBDICTIONARYWDFLT
  2
AcDbDictionaryWithDefault
  3
ObjectDBX Classes
 90
        0
 91
        1
280
     0
281
     0
  0
CLASS
  1
ACDBPLACEHOLDER
  2
AcDbPlaceHolder
  3
ObjectDBX Classes
 90
        0
 91
        1
280
     0
281
     0
  0
CLASS
  1
LAYOUT
  2
AcDbLayout
  3
ObjectDBX Classes
 90
        0
 91
        2
280
     0
281
     0
  0
CLASS
  1
DICTIONARYVAR
  2
AcDbDictionaryVar
  3
ObjectDBX Classes
 90
        0
 91
        6
280
     0
281
     0
  0
CLASS
  1
TABLESTYLE
  2
AcDbTableStyle
  3
ObjectDBX Classes
 90
     4095
 91
        1
280
     0
281
     0
  0
CLASS
  1
MATERIAL
  2
AcDbMaterial
  3
ObjectDBX Classes
 90
     1153
 91
        3
280
     0
281
     0
  0
CLASS
  1
VISUALSTYLE
  2
AcDbVisualStyle
  3
ObjectDBX Classes
 90
     4095
 91
       16
280
     0
281
     0
  0
CLASS
  1
SCALE
  2
AcDbScale
  3
ObjectDBX Classes
 90
     1153
 91
       32
280
     0
281
     0
  0
CLASS
  1
MLEADERSTYLE
  2
AcDbMLeaderStyle
  3
ACDB_MLEADERSTYLE_CLASS
 90
     4095
 91
        3
280
     0
281
     0
  0
CLASS
  1
CELLSTYLEMAP
  2
AcDbCellStyleMap
  3
ObjectDBX Classes
 90
     1152
 91
        2
280
     0
281
     0
  0
CLASS
  1
SORTENTSTABLE
  2
AcDbSortentsTable
  3
ObjectDBX Classes
 90
        0
 91
        3
280
     0
281
     0
  0
CLASS
  1
FIELD
  2
AcDbField
  3
ObjectDBX Classes
 90
     1152
 91
       66
280
     0
281
     0
  0
CLASS
  1
FIELDLIST
  2
AcDbFieldList
  3
ObjectDBX Classes
 90
     1152
 91
        1
280
     0
281
     0
  0
CLASS
  1
ACDB_ALDIMOBJECTCONTEXTDATA_CLASS
  2
AcDbAlignedDimensionObjectContextData
  3
ObjectDBX Classes
 90
     1153
 91
       28
280
     0
281
     0
  0
CLASS
  1
ACAD_EVALUATION_GRAPH
  2
AcDbEvalGraph
  3
ObjectDBX Classes
 90
     1153
 91
        1
280
     0
281
     0
  0
CLASS
  1
BLOCKLINEARPARAMETER
  2
AcDbBlockLinearParameter
  3
ObjectDBX Classes
 90
     1153
 91
        1
280
     0
281
     0
  0
CLASS
  1
BLOCKLINEARGRIP
  2
AcDbBlockLinearGrip
  3
ObjectDBX Classes
 90
     1153
 91
        2
280
     0
281
     0
  0
CLASS
  1
BLOCKGRIPLOCATIONCOMPONENT
  2
AcDbBlockGripExpr
  3
ObjectDBX Classes
 90
     1153
 91
        4
280
     0
281
     0
  0
CLASS
  1
BLOCKSTRETCHACTION
  2
AcDbBlockStretchAction
  3
ObjectDBX Classes
 90
     1153
 91
        1
280
     0
281
     0
  0
CLASS
  1
ACDB_DYNAMICBLOCKPURGEPREVENTER_VERSION
  2
AcDbDynamicBlockPurgePreventer
  3
ObjectDBX Classes
 90
     1153
 91
        1
280
     0
281
     0
  0
CLASS
  1
ACDB_BLOCKREPRESENTATION_DATA
  2
AcDbBlockRepresentationData
  3
ObjectDBX Classes
 90
     1153
 91
        4
280
     0
281
     0
  0
CLASS
  1
MULTILEADER
  2
AcDbMLeader
  3
ACDB_MLEADER_CLASS
 90
     1025
 91
       36
280
     0
281
     0
  0
CLASS
  1
ACDB_MLEADEROBJECTCONTEXTDATA_CLASS
  2
AcDbMLeaderObjectContextData
  3
ObjectDBX Classes
 90
     1153
 91
       36
280
     0
281
     0
  0
CLASS
  1
ACDB_MTEXTOBJECTCONTEXTDATA_CLASS
  2
AcDbMTextObjectContextData
  3
ObjectDBX Classes
 90
     1153
 91
        5
280
     0
281
     0
  0
CLASS
  1
DIMASSOC
  2
AcDbDimAssoc
  3
"AcDbDimAssoc|Product Desc:     AcDim ARX App For Dimension|Company:          Autodesk, Inc.|WEB Address:      www.autodesk.com"
 90
        0
 91
        7
280
     0
281
     0
  0
CLASS
  1
EXACXREFPANELOBJECT
  2
ExAcXREFPanelObject
  3
EXAC_ESW
 90
     1025
 91
        1
280
     0
281
     0
  0
CLASS
  1
NPOCOLLECTION
  2
AcDbImpNonPersistentObjectsCollection
  3
ObjectDBX Classes
 90
     1153
 91
        1
280
     0
281
     0
  0
ENDSEC
  0
SECTION
  2
TABLES
  0
TABLE
  2
VPORT
  5
8
330
0
100
AcDbSymbolTable
 70
        1
  0
VPORT
  5
94
330
8
100
AcDbSymbolTableRecord
100
AcDbViewportTableRecord
  2
*Active
 70
     2
 10
0.0
 20
0.0
 11
1.0
 21
1.0
 12
660.9749
 22
297.7477
 13
0.0
 23
0.0
 14
0.5
 24
0.5
 15
0.5
 25
0.5
 16
0.0
 26
0.0
 36
1.0
 17
0.0
 27
0.0
 37
0.0
 40
827.115471948087588
 41
1.7369
 42
50.0
 43
0.0
 44
0.0
 50
0.0
 51
0.0
 71
    16
 72
  1000
 73
     1
 74
     3
 75
     0
 76
     0
 77
     0
 78
     0
281
     0
110
0.0
120
0.0
130
0.0
111
1.0
121
0.0
131
0.0
112
0.0
122
1.0
132
0.0
 79
     0
146
0.0
348
9F
 61
     5
292
     1
282
     1
141
0.0
142
0.0
 63
   250
  0
ENDTAB
  0
TABLE
  2
LTYPE
  5
5
330
0
100
AcDbSymbolTable
 70
        6
  0
LTYPE
  5
15
330
5
100
AcDbSymbolTableRecord
100
AcDbLinetypeTableRecord
  2
ByLayer
 70
     0
  3

 72
    65
 73
     0
 40
0.0
  0
LTYPE
  5
16
330
5
100
AcDbSymbolTableRecord
100
AcDbLinetypeTableRecord
  2
Continuous
 70
     0
  3
Solid line
 72
    65
 73
     0
 40
0.0
  0
LTYPE
  5
361
330
5
100
AcDbSymbolTableRecord
100
AcDbLinetypeTableRecord
  2
HIDDEN
 70
     0
  3
Hidden __ __ __ __ __ __ __ __ __ __ __ __ __ _
 72
    65
 73
     2
 40
0.375
 49
0.25
 74
     0
 49
-0.125
 74
     0
  0
LTYPE
  5
362
330
5
100
AcDbSymbolTableRecord
100
AcDbLinetypeTableRecord
  2
CENTER
 70
     0
  3
Center ____ _ ____ _ ____ _ ____ _ ____ _ ____
 72
    65
 73
     4
 40
2.0
 49
1.25
 74
     0
 49
-0.25
 74
     0
 49
0.25
 74
     0
 49
-0.25
 74
     0
  0
LTYPE
  5
363
330
5
100
AcDbSymbolTableRecord
100
AcDbLinetypeTableRecord
  2
BATTING
 70
     0
  3
Batting SSSSSSSSSSSSSSSSSSSSSSSSSSSSSSSSSSSSSSS
 72
    65
 73
     4
 40
0.4001
 49
0.0001
 74
     0
 49
-0.1
 74
     4
 75
     0
340
3CD
 46
1.0
 50
0.0
 44
0.0
 45
0.0
 49
-0.2
 74
     4
 75
   134
340
3CD
 46
0.1
 50
0.0
 44
-0.1
 45
0.0
 49
-0.1
 74
     0
  0
LTYPE
  5
14
330
5
100
AcDbSymbolTableRecord
100
AcDbLinetypeTableRecord
  2
ByBlock
 70
     0
  3

 72
    65
 73
     0
 40
0.0
  0
ENDTAB
  0
TABLE
  2
LAYER
  5
2
330
0
100
AcDbSymbolTable
 70
       50
  0
LAYER
  5
36B
330
2
100
AcDbSymbolTableRecord
100
AcDbLayerTableRecord
  2
LAYER131A
 70
     0
 62
   131
  6
Continuous
290
     1
370
    -3
390
F
347
98
  0
LAYER
  5
36E
330
2
100
AcDbSymbolTableRecord
100
AcDbLayerTableRecord
  2
Struc_Section_Steel
 70
     0
 62
    11
  6
Continuous
290
     1
370
    -3
390
F
347
98
  0
LAYER
  5
371
330
2
100
AcDbSymbolTableRecord
100
AcDbLayerTableRecord
  2
Struc_Section_Dim
 70
     0
 62
     5
  6
Continuous
290
     1
370
    -3
390
F
347
98
  0
LAYER
  5
374
330
2
100
AcDbSymbolTableRecord
100
AcDbLayerTableRecord
  2
Struc_Section_Conc
 70
     0
 62
    71
  6
Continuous
290
     1
370
    -3
390
F
347
98
  0
LAYER
  5
377
330
2
100
AcDbSymbolTableRecord
100
AcDbLayerTableRecord
  2
LAYER11A
 70
     0
 62
    11
  6
Continuous
290
     1
370
    -3
390
F
347
98
  0
LAYER
  5
37A
330
2
100
AcDbSymbolTableRecord
100
AcDbLayerTableRecord
  2
Struc_Section_BP
 70
     0
 62
   135
  6
Continuous
290
     1
370
    -3
390
F
347
98
  0
LAYER
  5
37D
330
2
100
AcDbSymbolTableRecord
100
AcDbLayerTableRecord
  2
C-241-1
 70
     0
 62
   241
  6
Continuous
290
     1
370
    -3
390
F
347
98
  0
LAYER
  5
380
330
2
100
AcDbSymbolTableRecord
100
AcDbLayerTableRecord
  2
Struc_Section_MachineBolt
 70
     0
 62
   133
  6
Continuous
290
     1
370
    -3
390
F
347
98
  0
LAYER
  5
383
330
2
100
AcDbSymbolTableRecord
100
AcDbLayerTableRecord
  2
Struc_Section_Stair
 70
     0
 62
   131
  6
Continuous
290
     1
370
    -3
390
F
347
98
  0
LAYER
  5
386
330
2
100
AcDbSymbolTableRecord
100
AcDbLayerTableRecord
  2
Structural_Section_StAngle
 70
     0
 62
     2
  6
Continuous
290
     1
370
    -3
390
F
347
98
  0
LAYER
  5
389
330
2
100
AcDbSymbolTableRecord
100
AcDbLayerTableRecord
  2
LAYER131D
 70
     0
 62
   131
  6
HIDDEN
290
     1
370
    -3
390
F
347
98
  0
LAYER
  5
38C
330
2
100
AcDbSymbolTableRecord
100
AcDbLayerTableRecord
  2
Layer131B
 70
     0
 62
    71
  6
Continuous
290
     1
370
    -3
390
F
347
98
  0
LAYER
  5
38F
330
2
100
AcDbSymbolTableRecord
100
AcDbLayerTableRecord
  2
Structural_Steel_Deck
 70
     0
 62
    41
  6
Continuous
290
     1
370
    -3
390
F
347
98
  0
LAYER
  5
392
330
2
100
AcDbSymbolTableRecord
100
AcDbLayerTableRecord
  2
Stair_Conc.
 70
     0
 62
   252
  6
Continuous
290
     1
370
    -3
390
F
347
98
  0
LAYER
  5
398
330
2
100
AcDbSymbolTableRecord
100
AcDbLayerTableRecord
  2
Arch_Section_Ceiling
 70
     0
 62
   150
  6
Continuous
290
     1
370
    -3
390
F
347
98
  0
LAYER
  5
39B
330
2
100
AcDbSymbolTableRecord
100
AcDbLayerTableRecord
  2
LAYER251A
 70
     0
 62
   251
  6
Continuous
290
     1
370
    -3
390
F
347
98
  0
LAYER
  5
39E
330
2
100
AcDbSymbolTableRecord
100
AcDbLayerTableRecord
  2
Arch_Detail_Door
 70
     0
 62
   140
  6
Continuous
290
     1
370
    -3
390
F
347
98
  0
LAYER
  5
3A1
330
2
100
AcDbSymbolTableRecord
100
AcDbLayerTableRecord
  2
Arch_Section_Wall
 70
     0
 62
   131
  6
Continuous
290
     1
370
    -3
390
F
347
98
  0
LAYER
  5
3A4
330
2
100
AcDbSymbolTableRecord
100
AcDbLayerTableRecord
  2
Arch_Section_Handrail
 70
     0
 62
     1
  6
Continuous
290
     1
370
    -3
390
F
347
98
  0
LAYER
  5
3A7
330
2
100
AcDbSymbolTableRecord
100
AcDbLayerTableRecord
  2
Arch_Section_Insul
 70
     0
 62
    11
  6
BATTING
290
     1
370
    -3
390
F
347
98
  0
LAYER
  5
3AA
330
2
100
AcDbSymbolTableRecord
100
AcDbLayerTableRecord
  2
Arch_Section_VP
 70
     0
 62
    71
  6
HIDDEN
290
     1
370
    -3
390
F
347
98
  0
LAYER
  5
3BC
330
2
100
AcDbSymbolTableRecord
100
AcDbLayerTableRecord
  2
L1
 70
     0
 62
     1
  6
Continuous
290
     1
370
    -3
390
F
347
98
1001
RAK
1000
{ACET-LAYISO
1070
     0
1070
     1
1000
Continuous
1071
       -3
1071
        1
1005
F
1000
ACET-LAYISO}
  0
LAYER
  5
3BF
330
2
100
AcDbSymbolTableRecord
100
AcDbLayerTableRecord
  2
Structural_Steel_Joist
 70
     0
 62
    21
  6
Continuous
290
     1
370
    -3
390
F
347
98
1001
RAK
1000
{ACET-LAYISO
1070
     0
1070
    21
1000
Continuous
1071
       -3
1071
        1
1005
F
1000
ACET-LAYISO}
  0
LAYER
  5
3C2
330
2
100
AcDbSymbolTableRecord
100
AcDbLayerTableRecord
  2
Arch_Section_Truss
 70
     0
 62
    45
  6
Continuous
290
     1
370
    -3
390
F
347
98
1001
RAK
1000
{ACET-LAYISO
1070
     0
1070
    45
1000
Continuous
1071
       -3
1071
        1
1005
F
1000
ACET-LAYISO}
  0
LAYER
  5
3C5
330
2
100
AcDbSymbolTableRecord
100
AcDbLayerTableRecord
  2
Struc_Plan_Deck
 70
     0
 62
    41
  6
Continuous
290
     1
370
    -3
390
F
347
98
  0
LAYER
  5
1246
330
2
100
AcDbSymbolTableRecord
100
AcDbLayerTableRecord
  2
Mleader
 70
     0
 62
     5
  6
Continuous
290
     1
370
    -3
390
F
347
98
1001
AcAecLayerStandard
1000

1000

  0
LAYER
  5
1247
330
2
100
AcDbSymbolTableRecord
100
AcDbLayerTableRecord
  2
Dim
 70
     0
 62
     5
  6
Continuous
290
     1
370
    -3
390
F
347
98
1001
AcAecLayerStandard
1000

1000

  0
LAYER
  5
2286
330
2
100
AcDbSymbolTableRecord
100
AcDbLayerTableRecord
  2
PS_Viewport
 70
     0
 62
   220
  6
Continuous
290
     0
370
    -3
390
F
347
98
  0
LAYER
  5
2289
330
2
100
AcDbSymbolTableRecord
100
AcDbLayerTableRecord
  2
PS_Annot
 70
     0
 62
     5
  6
Continuous
290
     1
370
    -3
390
F
347
98
  0
LAYER
  5
228C
330
2
100
AcDbSymbolTableRecord
100
AcDbLayerTableRecord
  2
TS-TEXT2
 70
     0
 62
     7
  6
Continuous
290
     1
370
    -3
390
F
347
98
  0
LAYER
  5
228F
330
2
100
AcDbSymbolTableRecord
100
AcDbLayerTableRecord
  2
TEXT
 70
     0
 62
     5
  6
Continuous
290
     1
370
    -3
390
F
347
98
  0
LAYER
  5
2292
330
2
100
AcDbSymbolTableRecord
100
AcDbLayerTableRecord
  2
Foundation_Plan_Dim
 70
     0
 62
     5
  6
Continuous
290
     1
370
    -3
390
F
347
98
  0
LAYER
  5
2295
330
2
100
AcDbSymbolTableRecord
100
AcDbLayerTableRecord
  2
TB_TEXT1
 70
     0
 62
     5
  6
Continuous
290
     1
370
    -3
390
F
347
98
  0
LAYER
  5
2298
330
2
100
AcDbSymbolTableRecord
100
AcDbLayerTableRecord
  2
TB_TEXT3
 70
     0
 62
     1
  6
Continuous
290
     1
370
    -3
390
F
347
98
  0
LAYER
  5
229B
330
2
100
AcDbSymbolTableRecord
100
AcDbLayerTableRecord
  2
TB_BORDER
 70
     0
 62
     6
  6
Continuous
290
     1
370
    -3
390
F
347
98
  0
LAYER
  5
229E
330
2
100
AcDbSymbolTableRecord
100
AcDbLayerTableRecord
  2
TB_INFORMATION
 70
     0
 62
     3
  6
Continuous
290
     1
370
    -3
390
F
347
98
  0
LAYER
  5
22A1
330
2
100
AcDbSymbolTableRecord
100
AcDbLayerTableRecord
  2
TB_TEXT4
 70
     0
 62
     5
  6
Continuous
290
     1
370
    -3
390
F
347
98
  0
LAYER
  5
22A4
330
2
100
AcDbSymbolTableRecord
100
AcDbLayerTableRecord
  2
TB_CORNERS
 70
     0
 62
     1
  6
Continuous
290
     1
370
    -3
390
F
347
98
  0
LAYER
  5
22A7
330
2
100
AcDbSymbolTableRecord
100
AcDbLayerTableRecord
  2
Title
 70
     0
 62
     7
  6
Continuous
290
     1
370
    -3
390
F
347
98
  0
LAYER
  5
50C4
330
2
100
AcDbSymbolTableRecord
100
AcDbLayerTableRecord
  2
TB_TEXT2
 70
     0
 62
     1
  6
Continuous
290
     1
370
    -3
390
F
347
98
  0
LAYER
  5
CE98
330
2
100
AcDbSymbolTableRecord
100
AcDbLayerTableRecord
  2
Dim @ 48
 70
     0
 62
     5
  6
Continuous
290
     1
370
    -3
390
F
347
98
1001
AcAecLayerStandard
1000

1000

1001
AcadAnnotativeDecomposition
1000
AnnotativeData
1002
{
1070
     1
1070
     1
1002
}
  0
LAYER
  5
CE9B
330
2
100
AcDbSymbolTableRecord
100
AcDbLayerTableRecord
  2
Dim @ 24
 70
     0
 62
     5
  6
Continuous
290
     1
370
    -3
390
F
347
98
1001
AcAecLayerStandard
1000

1000

1001
AcadAnnotativeDecomposition
1000
AnnotativeData
1002
{
1070
     1
1070
     1
1002
}
  0
LAYER
  5
CE9E
330
2
100
AcDbSymbolTableRecord
100
AcDbLayerTableRecord
  2
Mleader @ 48
 70
     0
 62
     5
  6
Continuous
290
     1
370
    -3
390
F
347
98
1001
AcAecLayerStandard
1000

1000

1001
AcadAnnotativeDecomposition
1000
AnnotativeData
1002
{
1070
     1
1070
     1
1002
}
  0
LAYER
  5
CEA1
330
2
100
AcDbSymbolTableRecord
100
AcDbLayerTableRecord
  2
Mleader @ 24
 70
     0
 62
     5
  6
Continuous
290
     1
370
    -3
390
F
347
98
1001
AcAecLayerStandard
1000

1000

1001
AcadAnnotativeDecomposition
1000
AnnotativeData
1002
{
1070
     1
1070
     1
1002
}
  0
LAYER
  5
CEA4
330
2
100
AcDbSymbolTableRecord
100
AcDbLayerTableRecord
  2
Mleader @ 4
 70
     0
 62
     5
  6
Continuous
290
     1
370
    -3
390
F
347
98
1001
AcAecLayerStandard
1000

1000

1001
AcadAnnotativeDecomposition
1000
AnnotativeData
1002
{
1070
     1
1070
     1
1002
}
  0
LAYER
  5
10
330
2
100
AcDbSymbolTableRecord
100
AcDbLayerTableRecord
  2
0
 70
     0
 62
     7
  6
Continuous
290
     1
370
    -3
390
F
347
98
  0
LAYER
  5
364
330
2
100
AcDbSymbolTableRecord
100
AcDbLayerTableRecord
  2
DEFPOINTS
 70
     0
 62
     7
  6
Continuous
290
     0
370
    -3
390
F
347
98
  0
LAYER
  5
365
330
2
100
AcDbSymbolTableRecord
100
AcDbLayerTableRecord
  2
Center
 70
     0
 62
   251
  6
CENTER
290
     1
370
    -3
390
F
347
98
  0
LAYER
  5
368
330
2
100
AcDbSymbolTableRecord
100
AcDbLayerTableRecord
  2
Structural_SteelBeam
 70
     0
 62
    22
  6
Continuous
290
     1
370
    -3
390
F
347
98
  0
LAYER
  5
CEAA
330
2
100
AcDbSymbolTableRecord
100
AcDbLayerTableRecord
  2
WatermarkLayer
 70
     0
 62
     0
  6
Continuous
290
     1
370
    -3
390
F
347
98
1001
AcAecLayerStandard
1000

1001
AcCmTransparency
1071
 33554546
  0
ENDTAB
  0
TABLE
  2
STYLE
  5
3
330
0
100
AcDbSymbolTable
 70
        8
  0
STYLE
  5
22AB
330
3
100
AcDbSymbolTableRecord
100
AcDbTextStyleTableRecord
  2
ROMANC
 70
     0
 40
0.0
 41
1.0
 50
0.0
 71
     0
 42
36.0
  3
romanc
  4

  0
STYLE
  5
22AC
330
3
100
AcDbSymbolTableRecord
100
AcDbTextStyleTableRecord
  2
ROMAND
 70
     0
 40
0.0
 41
1.0
 50
0.0
 71
     0
 42
0.1
  3
ROMAND
  4

  0
STYLE
  5
22AD
330
3
100
AcDbSymbolTableRecord
100
AcDbTextStyleTableRecord
  2
SANSERIF
 70
     0
 40
0.0
 41
1.0
 50
0.0
 71
     0
 42
0.1875
  3
sanss___.ttf
  4

1001
ACAD
1000
SansSerif
1071
      514
  0
STYLE
  5
11
330
3
100
AcDbSymbolTableRecord
100
AcDbTextStyleTableRecord
  2
Standard
 70
     0
 40
0.0
 41
1.0
 50
0.0
 71
     0
 42
0.2
  3
txt.shx
  4

1001
AcadAnnotative
1000
AnnotativeData
1002
{
1070
     1
1070
     1
1002
}
  0
STYLE
  5
3CB
330
3
100
AcDbSymbolTableRecord
100
AcDbTextStyleTableRecord
  2
SANSSERIFBOLD
 70
     0
 40
0.0
 41
1.0
 50
0.0
 71
     0
 42
0.0625
  3
sanssb__.ttf
  4

1001
ACAD
1000
SansSerif
1071
 33554946
  0
STYLE
  5
3CC
330
3
100
AcDbSymbolTableRecord
100
AcDbTextStyleTableRecord
  2
ROMANS
 70
     0
 40
0.0
 41
1.15
 50
0.0
 71
     0
 42
0.0625
  3
romans.shx
  4

1001
AcadAnnotative
1000
AnnotativeData
1002
{
1070
     1
1070
     1
1002
}
  0
STYLE
  5
3CD
330
3
100
AcDbSymbolTableRecord
100
AcDbTextStyleTableRecord
  2

 70
     1
 40
0.0
 41
1.0
 50
0.0
 71
     0
 42
0.0625
  3
ltypeshp.shx
  4

  0
STYLE
  5
22AA
330
3
100
AcDbSymbolTableRecord
100
AcDbTextStyleTableRecord
  2
ROMANS-80
 70
     0
 40
0.0
 41
0.8
 50
0.0
 71
     0
 42
12.0
  3
romans.shx
  4

  0
ENDTAB
  0
TABLE
  2
VIEW
  5
6
330
0
100
AcDbSymbolTable
 70
        0
  0
ENDTAB
  0
TABLE
  2
UCS
  5
7
330
0
100
AcDbSymbolTable
 70
        0
  0
ENDTAB
  0
TABLE
  2
APPID
  5
9
330
0
100
AcDbSymbolTable
 70
       21
  0
APPID
  5
3D5
330
9
100
AcDbSymbolTableRecord
100
AcDbRegAppTableRecord
  2
ACAD_PSEXT
 70
     0
  0
APPID
  5
3D6
330
9
100
AcDbSymbolTableRecord
100
AcDbRegAppTableRecord
  2
AcAecLayerStandard
 70
     0
  0
APPID
  5
3D7
330
9
100
AcDbSymbolTableRecord
100
AcDbRegAppTableRecord
  2
RAK
 70
     0
  0
APPID
  5
3D8
330
9
100
AcDbSymbolTableRecord
100
AcDbRegAppTableRecord
  2
PE_URL
 70
     0
  0
APPID
  5
3D9
330
9
100
AcDbSymbolTableRecord
100
AcDbRegAppTableRecord
  2
ACAD_DSTYLE_DIMTEXT_FILL
 70
     0
  0
APPID
  5
165C
330
9
100
AcDbSymbolTableRecord
100
AcDbRegAppTableRecord
  2
AcadAnnotativeDecomposition
 70
     0
  0
APPID
  5
19F7
330
9
100
AcDbSymbolTableRecord
100
AcDbRegAppTableRecord
  2
ACAD_DSTYLE_DIMBREAK
 70
     0
  0
APPID
  5
22B0
330
9
100
AcDbSymbolTableRecord
100
AcDbRegAppTableRecord
  2
AcDbBlockRepETag
 70
     0
  0
APPID
  5
22B1
330
9
100
AcDbSymbolTableRecord
100
AcDbRegAppTableRecord
  2
AcDbDynamicBlockTrueName
 70
     0
  0
APPID
  5
22B2
330
9
100
AcDbSymbolTableRecord
100
AcDbRegAppTableRecord
  2
AcDbDynamicBlockGUID
 70
     0
  0
APPID
  5
22B3
330
9
100
AcDbSymbolTableRecord
100
AcDbRegAppTableRecord
  2
AcDbBlockRepBTag
 70
     0
  0
APPID
  5
50CB
330
9
100
AcDbSymbolTableRecord
100
AcDbRegAppTableRecord
  2
AcadAnnoAV
 70
     0
  0
APPID
  5
5750
330
9
100
AcDbSymbolTableRecord
100
AcDbRegAppTableRecord
  2
ACAD_EXEMPT_FROM_CAD_STANDARDS
 70
     0
  0
APPID
  5
B922
330
9
100
AcDbSymbolTableRecord
100
AcDbRegAppTableRecord
  2
ACAD_MLEADERVER
 70
     0
  0
APPID
  5
12
330
9
100
AcDbSymbolTableRecord
100
AcDbRegAppTableRecord
  2
ACAD
 70
     0
  0
APPID
  5
DD
330
9
100
AcDbSymbolTableRecord
100
AcDbRegAppTableRecord
  2
AcadAnnoPO
 70
     0
  0
APPID
  5
DE
330
9
100
AcDbSymbolTableRecord
100
AcDbRegAppTableRecord
  2
AcadAnnotative
 70
     0
  0
APPID
  5
DF
330
9
100
AcDbSymbolTableRecord
100
AcDbRegAppTableRecord
  2
ACAD_DSTYLE_DIMJAG
 70
     0
  0
APPID
  5
E0
330
9
100
AcDbSymbolTableRecord
100
AcDbRegAppTableRecord
  2
ACAD_DSTYLE_DIMTALN
 70
     0
  0
APPID
  5
CEA8
330
9
100
AcDbSymbolTableRecord
100
AcDbRegAppTableRecord
  2
AcAecLayerStandard
 70
     0
  0
APPID
  5
CEA9
330
9
100
AcDbSymbolTableRecord
100
AcDbRegAppTableRecord
  2
AcCmTransparency
 70
     0
  0
ENDTAB
  0
TABLE
  2
DIMSTYLE
  5
A
330
0
100
AcDbSymbolTable
 70
        3
100
AcDbDimStyleTable
 71
     3
340
27
340
3CF
340
19F8
  0
DIMSTYLE
105
27
330
A
100
AcDbSymbolTableRecord
100
AcDbDimStyleTableRecord
  2
Standard
 70
     0
  3

  4

 40
1.0
 41
0.18
 42
0.0625
 43
0.38
 44
0.18
 45
0.0
 46
0.0
 47
0.0
 48
0.0
 49
1.0
 50
0.7854
 71
     0
 72
     0
 73
     1
 74
     1
 75
     0
 76
     0
 77
     0
 78
     0
 79
     0
 90
        0
140
0.18
141
0.09
142
0.0
143
25.4
144
1.0
145
0.0
146
1.0
147
0.09
148
0.0
170
     0
171
     2
172
     0
173
     0
174
     0
175
     0
176
     0
177
     0
178
     0
179
     0
270
     0
271
     4
272
     4
273
     2
274
     2
275
     0
276
     0
277
     2
278
    46
279
     0
280
     0
281
     0
282
     0
283
     1
284
     0
285
     0
286
     0
287
     3
288
     0
289
     0
290
     0
340
11
371
    -2
372
    -2
  0
DIMSTYLE
105
3CF
330
A
100
AcDbSymbolTableRecord
100
AcDbDimStyleTableRecord
  2
ROMANS
 70
     0
  3

  4

 40
0.0
 41
0.0938
 42
0.0938
 43
0.375
 44
0.0938
 45
0.0
 46
0.0938
 47
0.0
 48
0.0
 49
1.0
 50
0.7854
 71
     0
 72
     0
 73
     0
 74
     0
 75
     0
 76
     0
 77
     0
 78
     1
 79
     0
 90
        0
140
0.0781
141
0.0625
142
0.0
143
25.4
144
1.0
145
0.0
146
1.0
147
0.0625
148
0.0
170
     1
171
     0
172
     0
173
     0
174
     0
175
     0
176
   256
177
   256
178
   256
179
     0
270
     0
271
     4
272
     4
273
     2
274
     0
275
     0
276
     2
277
     4
278
    46
279
     2
280
     0
281
     0
282
     0
283
     1
284
     0
285
     0
286
     0
287
     0
288
     0
289
     0
290
     0
340
3CC
341
175
371
    -2
372
    -2
1001
ACAD_DSTYLE_DIMTEXT_FILL
1070
   376
1070
     0
1070
   377
1004
18-00-00-00-01-00-00-00-00-00-00-C0-00-00-00-00-00-00-00-00-00-00-00-00
1001
AcadAnnotative
1000
AnnotativeData
1002
{
1070
     1
1070
     1
1002
}
1001
ACAD_DSTYLE_DIMJAG
1070
   388
1040
1.5
1001
ACAD_DSTYLE_DIMTALN
1070
   392
1070
     0
  0
DIMSTYLE
105
19F8
330
A
100
AcDbSymbolTableRecord
100
AcDbDimStyleTableRecord
  2
ROMANS-beside
 70
     0
  3
\X
  4

 40
0.0
 41
0.0938
 42
0.0938
 43
0.375
 44
0.0938
 45
0.0
 46
0.0938
 47
0.0
 48
0.0
 49
1.0
 50
0.7854
 71
     0
 72
     0
 73
     0
 74
     0
 75
     0
 76
     0
 77
     1
 78
     1
 79
     0
 90
        0
140
0.0781
141
0.0625
142
0.0
143
25.4
144
1.0
145
0.0
146
1.0
147
0.0625
148
0.0
170
     1
171
     0
172
     0
173
     0
174
     0
175
     0
176
   256
177
   256
178
   256
179
     0
270
     0
271
     4
272
     4
273
     2
274
     0
275
     0
276
     2
277
     4
278
    46
279
     0
280
     0
281
     0
282
     0
283
     1
284
     0
285
     0
286
     0
287
     0
288
     0
289
     0
290
     0
340
3CC
341
175
371
    -2
372
    -2
1001
ACAD_DSTYLE_DIMBREAK
1070
   391
1040
0.125
1001
AcadAnnotative
1000
AnnotativeData
1002
{
1070
     1
1070
     1
1002
}
1001
ACAD_DSTYLE_DIMJAG
1070
   388
1040
1.5
1001
ACAD_DSTYLE_DIMTALN
1070
   392
1070
     0
  0
ENDTAB
  0
TABLE
  2
BLOCK_RECORD
  5
1
330
0
100
AcDbSymbolTable
 70
       43
  0
BLOCK_RECORD
  5
2194
330
1
100
AcDbSymbolTableRecord
100
AcDbBlockTableRecord
  2
Rev
 70
     0
280
     2
281
     0
  0
BLOCK_RECORD
  5
219B
330
1
100
AcDbSymbolTableRecord
100
AcDbBlockTableRecord
  2
title
 70
     0
280
     2
281
     0
  0
BLOCK_RECORD
  5
220C
330
1
100
AcDbSymbolTableRecord
100
AcDbBlockTableRecord
  2
Drawing Title
310
2800000020000000200000000100080000000000000400000000000000000000000000000000000000000000000080000080000000808000800000008000800080800000C0C0C000C0DCC000F0CAA6000020400000206000002080000020A0000020C0000020E00000400000004020000040400000406000004080000040A0
310
000040C0000040E00000600000006020000060400000606000006080000060A0000060C0000060E00000800000008020000080400000806000008080000080A0000080C0000080E00000A0000000A0200000A0400000A0600000A0800000A0A00000A0C00000A0E00000C0000000C0200000C0400000C0600000C0800000C0
310
A00000C0C00000C0E00000E0000000E0200000E0400000E0600000E0800000E0A00000E0C00000E0E00040000000400020004000400040006000400080004000A0004000C0004000E00040200000402020004020400040206000402080004020A0004020C0004020E000404000004040200040404000404060004040800040
310
40A0004040C0004040E00040600000406020004060400040606000406080004060A0004060C0004060E00040800000408020004080400040806000408080004080A0004080C0004080E00040A0000040A0200040A0400040A0600040A0800040A0A00040A0C00040A0E00040C0000040C0200040C0400040C0600040C08000
310
40C0A00040C0C00040C0E00040E0000040E0200040E0400040E0600040E0800040E0A00040E0C00040E0E00080000000800020008000400080006000800080008000A0008000C0008000E00080200000802020008020400080206000802080008020A0008020C0008020E00080400000804020008040400080406000804080
310
008040A0008040C0008040E00080600000806020008060400080606000806080008060A0008060C0008060E00080800000808020008080400080806000808080008080A0008080C0008080E00080A0000080A0200080A0400080A0600080A0800080A0A00080A0C00080A0E00080C0000080C0200080C0400080C0600080C0
310
800080C0A00080C0C00080C0E00080E0000080E0200080E0400080E0600080E0800080E0A00080E0C00080E0E000C0000000C0002000C0004000C0006000C0008000C000A000C000C000C000E000C0200000C0202000C0204000C0206000C0208000C020A000C020C000C020E000C0400000C0402000C0404000C0406000C0
310
408000C040A000C040C000C040E000C0600000C0602000C0604000C0606000C0608000C060A000C060C000C060E000C0800000C0802000C0804000C0806000C0808000C080A000C080C000C080E000C0A00000C0A02000C0A04000C0A06000C0A08000C0A0A000C0A0C000C0A0E000C0C00000C0C02000C0C04000C0C06000
310
C0C08000C0C0A000F0FBFF00A4A0A000808080000000FF0000FF000000FFFF00FF000000FF00FF00FFFF0000FFFFFF00FFFFFFFFFFFFFFFFFFFFFFFFFFFFFFFFFFFFFFFFFFFFFFFFFFFFFFFFFFFFFFFFFFFFFFFFFFFFFFFFFFFFFFFFFFFFFFFFFFFFFFFFFFFFFFFFFFFFFFFFFFFFFFFFFFFFFFFFFFFFFFFFFFFFFFFFFFFFFF
310
FFFFFFFFFFFFFFFFFFFFFFFFFFFFFFFFFFFFFFFFFFFFFFFFFFFFFFFFFFFFFFFFFFFFFFFFFFFFFFFFFFFFFFFFFFFFFFFFFFFFFFFFFFFFFFFFFFFFFFFFFFFFFFFFFFFFFFFFFFFFFFFFFFFFFFFFFFFFFFFFFFFFFFFFFFFFFFFFFFFFFFFFFFFFFFFFFFFFFFFFFFFFFFFFFFFFFFFFFFFFFFFFFFFFFFFFFFFFFFFFFFFFFFFFFFFFFF
310
FFFFFFFFFFFFFFFFFFFFFFFFFFFFFFFFFFFFFFFFFFFFFFFFFFFFFFFFFFFFFFFFFFFFFFFFFFFFFFFFFFFFFFFFFFFFFFFFFFFFFFFFFFFFFFFFFFFFFFFFFFFFFFFFFFFFFFFFFFFFFFFFFFFFFFFFFFFFFFFFFFFFFFFFFFFFFF0000000000000000FFFFFFFFFFFFFFFFFFFFFFFFFFFFFFFFFFFFFFFFFFFFFF00FFFFFFFFFFFFFF00
310
FFFFFFFFFFFFFFFFFFFFFFFFFFFFFFFFFFFFFFFFFFFFFF00FFFFFFFFFFFFFFFF00FFFFFFFF000000000000000000000000FF00FFFFFF00FFFFFFFFFFFFFFFFFF00FFFFFFFF000000000000000000000000FF00FFFFFF00FFFFFFFFFFFFFFFFFFFF00FFFFFFFF0000FF000000000000FFFF0000FFFF00FFFFFFFFFFFFFFFFFF
310
FFFF00FFFFFFFFFFFFFFFFFFFFFFFFFFFFFFFFFFFFFF00FFFFFFFFFFFFFFFFFFFFFFFF00FFFFFFFFFFFFFFFFFFFFFFFFFFFFFFFFFF00FFFFFFFFFFFFFFFFFFFFFFFFFF00FFFFFFFFFFFFFFFFFFFFFFFFFFFFFFFFFFFF00FFFFFFFFFFFFFFFFFFFFFFFF00FFFF0000FF00000000000000FF000000FFFF00FFFFFFFFFFFFFFFF
310
FFFFFF00FFFFFF0000FF00000000000000FF000000FFFFFF00FFFFFFFFFFFFFFFFFFFF00FFFF000000FF0000000000000000000000FFFFFFFF00FFFFFFFFFFFFFFFF00FFFFFF000000FF000000000000000000FF00FFFFFFFF00FFFFFFFFFFFFFFFF00FFFFFF00FF000000000000FFFFFF00FF0000FFFFFFFFFF0000000000
310
000000FFFFFF0000FF00000000000000000000FF0000FFFFFFFFFFFFFFFFFFFFFFFFFFFFFFFF0000FF00000000000000000000FF0000FFFFFFFFFFFFFFFFFFFFFFFFFFFFFFFFFFFFFFFFFFFFFFFFFFFFFFFFFFFFFFFFFFFFFFFFFFFFFFFFFFFFFFFFFFFFFFFFFFFFFFFFFFFFFFFFFFFFFFFFFFFFFFFFFFFFFFFFFFFFFFFFFF
310
FFFFFFFFFFFFFFFFFFFFFFFFFFFFFFFFFFFFFFFFFFFFFFFFFFFFFFFFFFFFFFFFFFFFFFFFFFFFFFFFFFFFFFFFFFFFFFFFFFFFFFFFFFFFFFFFFFFFFFFFFFFFFFFFFFFFFFFFFFFFFFFFFFFFFFFFFFFFFFFFFFFFFFFFFFFFFFFFFFFFFFFFFFFFFFFFFFFFFFFFFFFFFFFFFFFFFFFFFFFFFFFFFFFFFFFFFFFFFFFFFFFFFFFFFFFFFF
310
FFFFFFFFFFFFFFFFFFFFFFFFFFFFFFFFFFFFFFFFFFFFFFFFFFFFFFFFFFFFFFFFFFFFFFFFFFFFFFFFFFFFFFFFFFFFFFFFFFFFFFFFFFFFFFFF
 70
     0
280
     2
281
     0
1001
AcDbDynamicBlockTrueName
1000
Drawing Title
1001
AcDbDynamicBlockGUID
1000
{0F9FDBF8-DA45-4136-AAEA-5DFBB63CF7E3}
1001
AcDbBlockRepETag
1070
     1
1071
        6
  0
BLOCK_RECORD
  5
222E
330
1
100
AcDbSymbolTableRecord
100
AcDbBlockTableRecord
  2
*B8
 70
     0
280
     2
281
     0
1001
AcDbBlockRepBTag
1070
     1
1005
220C
  0
BLOCK_RECORD
  5
2244
330
1
100
AcDbSymbolTableRecord
100
AcDbBlockTableRecord
  2
*B9
 70
     0
280
     2
281
     0
1001
AcDbBlockRepBTag
1070
     1
1005
220C
  0
BLOCK_RECORD
  5
225A
330
1
100
AcDbSymbolTableRecord
100
AcDbBlockTableRecord
  2
*B10
 70
     0
280
     2
281
     0
1001
AcDbBlockRepBTag
1070
     1
1005
220C
  0
BLOCK_RECORD
  5
2270
330
1
100
AcDbSymbolTableRecord
100
AcDbBlockTableRecord
  2
*B11
 70
     0
280
     2
281
     0
1001
AcDbBlockRepBTag
1070
     1
1005
220C
  0
BLOCK_RECORD
  5
3235
330
1
100
AcDbSymbolTableRecord
100
AcDbBlockTableRecord
  2
_DetailCallout
 70
     0
280
     2
281
     0
  0
BLOCK_RECORD
  5
CBC3
330
1
100
AcDbSymbolTableRecord
100
AcDbBlockTableRecord
  2
*D13
 70
     0
280
     2
281
     0
  0
BLOCK_RECORD
  5
CBD0
330
1
100
AcDbSymbolTableRecord
100
AcDbBlockTableRecord
  2
*D14
 70
     0
280
     2
281
     0
  0
BLOCK_RECORD
  5
CBDD
330
1
100
AcDbSymbolTableRecord
100
AcDbBlockTableRecord
  2
*D15
 70
     0
280
     2
281
     0
  0
BLOCK_RECORD
  5
CBE9
330
1
100
AcDbSymbolTableRecord
100
AcDbBlockTableRecord
  2
*D16
 70
     0
280
     2
281
     0
  0
BLOCK_RECORD
  5
CBF5
330
1
100
AcDbSymbolTableRecord
100
AcDbBlockTableRecord
  2
*D17
 70
     0
280
     2
281
     0
  0
BLOCK_RECORD
  5
CC02
330
1
100
AcDbSymbolTableRecord
100
AcDbBlockTableRecord
  2
*D18
 70
     0
280
     2
281
     0
  0
BLOCK_RECORD
  5
CC0E
330
1
100
AcDbSymbolTableRecord
100
AcDbBlockTableRecord
  2
*D19
 70
     0
280
     2
281
     0
  0
BLOCK_RECORD
  5
CC1A
330
1
100
AcDbSymbolTableRecord
100
AcDbBlockTableRecord
  2
*D20
 70
     0
280
     2
281
     0
  0
BLOCK_RECORD
  5
CC27
330
1
100
AcDbSymbolTableRecord
100
AcDbBlockTableRecord
  2
*D21
 70
     0
280
     2
281
     0
  0
BLOCK_RECORD
  5
CC37
330
1
100
AcDbSymbolTableRecord
100
AcDbBlockTableRecord
  2
*D22
 70
     0
280
     2
281
     0
  0
BLOCK_RECORD
  5
CC44
330
1
100
AcDbSymbolTableRecord
100
AcDbBlockTableRecord
  2
*D23
 70
     0
280
     2
281
     0
  0
BLOCK_RECORD
  5
CC51
330
1
100
AcDbSymbolTableRecord
100
AcDbBlockTableRecord
  2
*D24
 70
     0
280
     2
281
     0
  0
BLOCK_RECORD
  5
CC5E
330
1
100
AcDbSymbolTableRecord
100
AcDbBlockTableRecord
  2
*D25
 70
     0
280
     2
281
     0
  0
BLOCK_RECORD
  5
CC6A
330
1
100
AcDbSymbolTableRecord
100
AcDbBlockTableRecord
  2
*D26
 70
     0
280
     2
281
     0
  0
BLOCK_RECORD
  5
CC77
330
1
100
AcDbSymbolTableRecord
100
AcDbBlockTableRecord
  2
*D27
 70
     0
280
     2
281
     0
  0
BLOCK_RECORD
  5
CC84
330
1
100
AcDbSymbolTableRecord
100
AcDbBlockTableRecord
  2
*D28
 70
     0
280
     2
281
     0
  0
BLOCK_RECORD
  5
CC91
330
1
100
AcDbSymbolTableRecord
100
AcDbBlockTableRecord
  2
*D29
 70
     0
280
     2
281
     0
  0
BLOCK_RECORD
  5
CC9E
330
1
100
AcDbSymbolTableRecord
100
AcDbBlockTableRecord
  2
*D30
 70
     0
280
     2
281
     0
  0
BLOCK_RECORD
  5
CCAC
330
1
100
AcDbSymbolTableRecord
100
AcDbBlockTableRecord
  2
*D31
 70
     0
280
     2
281
     0
  0
BLOCK_RECORD
  5
CCB9
330
1
100
AcDbSymbolTableRecord
100
AcDbBlockTableRecord
  2
*D32
 70
     0
280
     2
281
     0
  0
BLOCK_RECORD
  5
CCC7
330
1
100
AcDbSymbolTableRecord
100
AcDbBlockTableRecord
  2
*D33
 70
     0
280
     2
281
     0
  0
BLOCK_RECORD
  5
CCD4
330
1
100
AcDbSymbolTableRecord
100
AcDbBlockTableRecord
  2
*D34
 70
     0
280
     2
281
     0
  0
BLOCK_RECORD
  5
CCE1
330
1
100
AcDbSymbolTableRecord
100
AcDbBlockTableRecord
  2
*D35
 70
     0
280
     2
281
     0
  0
BLOCK_RECORD
  5
CCEE
330
1
100
AcDbSymbolTableRecord
100
AcDbBlockTableRecord
  2
*D36
 70
     0
280
     2
281
     0
  0
BLOCK_RECORD
  5
CCFB
330
1
100
AcDbSymbolTableRecord
100
AcDbBlockTableRecord
  2
*D37
 70
     0
280
     2
281
     0
  0
BLOCK_RECORD
  5
CD0E
330
1
100
AcDbSymbolTableRecord
100
AcDbBlockTableRecord
  2
*D38
 70
     0
280
     2
281
     0
  0
BLOCK_RECORD
  5
CD1B
330
1
100
AcDbSymbolTableRecord
100
AcDbBlockTableRecord
  2
*D39
 70
     0
280
     2
281
     0
  0
BLOCK_RECORD
  5
CD2A
330
1
100
AcDbSymbolTableRecord
100
AcDbBlockTableRecord
  2
*D40
 70
     0
280
     2
281
     0
  0
BLOCK_RECORD
  5
1F
330
1
100
AcDbSymbolTableRecord
100
AcDbBlockTableRecord
  2
*Model_Space
340
22
 70
     0
280
     2
281
     0
  0
BLOCK_RECORD
  5
2188
330
1
100
AcDbSymbolTableRecord
100
AcDbBlockTableRecord
  2
*Paper_Space
340
2189
 70
     0
280
     2
281
     0
  0
BLOCK_RECORD
  5
104
330
1
100
AcDbSymbolTableRecord
100
AcDbBlockTableRecord
  2
outstandingconn1
310
2800000020000000200000000100080000000000000400000000000000000000000000000000000000000000000080000080000000808000800000008000800080800000C0C0C000C0DCC000F0CAA6000020400000206000002080000020A0000020C0000020E00000400000004020000040400000406000004080000040A0
310
000040C0000040E00000600000006020000060400000606000006080000060A0000060C0000060E00000800000008020000080400000806000008080000080A0000080C0000080E00000A0000000A0200000A0400000A0600000A0800000A0A00000A0C00000A0E00000C0000000C0200000C0400000C0600000C0800000C0
310
A00000C0C00000C0E00000E0000000E0200000E0400000E0600000E0800000E0A00000E0C00000E0E00040000000400020004000400040006000400080004000A0004000C0004000E00040200000402020004020400040206000402080004020A0004020C0004020E000404000004040200040404000404060004040800040
310
40A0004040C0004040E00040600000406020004060400040606000406080004060A0004060C0004060E00040800000408020004080400040806000408080004080A0004080C0004080E00040A0000040A0200040A0400040A0600040A0800040A0A00040A0C00040A0E00040C0000040C0200040C0400040C0600040C08000
310
40C0A00040C0C00040C0E00040E0000040E0200040E0400040E0600040E0800040E0A00040E0C00040E0E00080000000800020008000400080006000800080008000A0008000C0008000E00080200000802020008020400080206000802080008020A0008020C0008020E00080400000804020008040400080406000804080
310
008040A0008040C0008040E00080600000806020008060400080606000806080008060A0008060C0008060E00080800000808020008080400080806000808080008080A0008080C0008080E00080A0000080A0200080A0400080A0600080A0800080A0A00080A0C00080A0E00080C0000080C0200080C0400080C0600080C0
310
800080C0A00080C0C00080C0E00080E0000080E0200080E0400080E0600080E0800080E0A00080E0C00080E0E000C0000000C0002000C0004000C0006000C0008000C000A000C000C000C000E000C0200000C0202000C0204000C0206000C0208000C020A000C020C000C020E000C0400000C0402000C0404000C0406000C0
310
408000C040A000C040C000C040E000C0600000C0602000C0604000C0606000C0608000C060A000C060C000C060E000C0800000C0802000C0804000C0806000C0808000C080A000C080C000C080E000C0A00000C0A02000C0A04000C0A06000C0A08000C0A0A000C0A0C000C0A0E000C0C00000C0C02000C0C04000C0C06000
310
C0C08000C0C0A000F0FBFF00A4A0A000808080000000FF0000FF000000FFFF00FF000000FF00FF00FFFF0000FFFFFF0000000000000000000000000000000000000000000000000000000000000000000000000000000000000909090909090909090909090909000000000000000000000000000000000000090900000000
310
00000000000000090000000000000000000000000000000000000909000000000000000000000009000000000000000000000000000000000000090900000000000000000000000900000000000000000000000000000000000009090000000000000000000000090000000000000000000000000000000000000909000000
310
0000F3F300000000090000000000000000000000000000000000000909000000F3F3F300F3F30000090000000000000000000000000000000000000909000000F3F300F3F3F30000090000000000000000000000000000000000000909000000F3F3F3F300F300000900000000000000000000000000000000000009090000
310
00F3F30000F3F3000009000000000000000000000000000000000000090900000000F3F3F3000000000900000000000000000000000000000000000009090000000000000000000000090000000000000000000000000000000000000909000000000000000000000009000000000000000000000000000000000000090900
310
00000000000000000000090000000000000000000000000000000000000909000000000000000000000009000000000000000000000000000000000000090900000000000000000000000900000000000000000000000000000000000009090000000000000000000000090000000000000000000000000000000000000909
310
000000000000000000000009000000000000000000000000000000000000090900000000000000000000000900000000000000000000000000000000000009090000000000F3F300000000090000000000000000000000000000000000000909000000F3F30000F3F300000900000000000000000000000000000000000009
310
09000000F3F3F3F300F30000090000000000000000000000000000000000000909000000F3F300F3F3F30000090000000000000000000000000000000000000909000000F3F3F300F3F3000009000000000000000000000000000000000000090900000000F3F3F30000000009000000000000000000000000000000000000
310
09090000000000000000000000090000000000000000000000000000000000000909000000000000000000000009000000000000000000000000000000000000090900000000000000000000000900000000000000000000000000000000000009090000000000000000000000090000000000000000000000000000000000
310
0009090909090909090909090909090000000000000000000000000000000000000000000000000000000000000000000000000000000000
 70
     0
280
     2
281
     0
  0
BLOCK_RECORD
  5
110
330
1
100
AcDbSymbolTableRecord
100
AcDbBlockTableRecord
  2
C250x23
310
2800000020000000200000000100080000000000000400000000000000000000000000000000000000000000000080000080000000808000800000008000800080800000C0C0C000C0DCC000F0CAA6000020400000206000002080000020A0000020C0000020E00000400000004020000040400000406000004080000040A0
310
000040C0000040E00000600000006020000060400000606000006080000060A0000060C0000060E00000800000008020000080400000806000008080000080A0000080C0000080E00000A0000000A0200000A0400000A0600000A0800000A0A00000A0C00000A0E00000C0000000C0200000C0400000C0600000C0800000C0
310
A00000C0C00000C0E00000E0000000E0200000E0400000E0600000E0800000E0A00000E0C00000E0E00040000000400020004000400040006000400080004000A0004000C0004000E00040200000402020004020400040206000402080004020A0004020C0004020E000404000004040200040404000404060004040800040
310
40A0004040C0004040E00040600000406020004060400040606000406080004060A0004060C0004060E00040800000408020004080400040806000408080004080A0004080C0004080E00040A0000040A0200040A0400040A0600040A0800040A0A00040A0C00040A0E00040C0000040C0200040C0400040C0600040C08000
310
40C0A00040C0C00040C0E00040E0000040E0200040E0400040E0600040E0800040E0A00040E0C00040E0E00080000000800020008000400080006000800080008000A0008000C0008000E00080200000802020008020400080206000802080008020A0008020C0008020E00080400000804020008040400080406000804080
310
008040A0008040C0008040E00080600000806020008060400080606000806080008060A0008060C0008060E00080800000808020008080400080806000808080008080A0008080C0008080E00080A0000080A0200080A0400080A0600080A0800080A0A00080A0C00080A0E00080C0000080C0200080C0400080C0600080C0
310
800080C0A00080C0C00080C0E00080E0000080E0200080E0400080E0600080E0800080E0A00080E0C00080E0E000C0000000C0002000C0004000C0006000C0008000C000A000C000C000C000E000C0200000C0202000C0204000C0206000C0208000C020A000C020C000C020E000C0400000C0402000C0404000C0406000C0
310
408000C040A000C040C000C040E000C0600000C0602000C0604000C0606000C0608000C060A000C060C000C060E000C0800000C0802000C0804000C0806000C0808000C080A000C080C000C080E000C0A00000C0A02000C0A04000C0A06000C0A08000C0A0A000C0A0C000C0A0E000C0C00000C0C02000C0C04000C0C06000
310
C0C08000C0C0A000F0FBFF00A4A0A000808080000000FF0000FF000000FFFF00FF000000FF00FF00FFFF0000FFFFFF000000000000000000000000000000000000000000000000000000000000000000000000000000000000000000A7A7A7A7A7A7A7A7000000000000000000000000000000000000000000000000A70000
310
00A7A7A7A7000000000000000000000000000000000000000000000000A7A7A7A700000000000000000000000000000000000000000000000000000000A7A7000000000000000000000000000000000000000000000000000000000000A7A7000000000000000000000000000000000000000000000000000000000000A7A7
310
000000000000000000000000000000000000000000000000000000000000A7A7000000000000000000000000000000000000000000000000000000000000A7A7000000000000000000000000000000000000000000000000000000000000A7A7000000000000000000000000000000000000000000000000000000000000A7
310
A7000000000000000000000000000000000000000000000000000000000000A7A7000000000000000000000000000000000000000000000000000000000000A7A7000000000000000000000000000000000000000000000000000000000000A7A7000000000000000000000000000000000000000000000000000000000000
310
A7A7000000000000000000000000000000000000000000000000000000000000A7A7000000000000000000000000000000000000000000000000000000000000A7A7000000000000000000000000000000000000000000000000000000000000A7A70000000000000000000000000000000000000000000000000000000000
310
00A7A7000000000000000000000000000000000000000000000000000000000000A7A7000000000000000000000000000000000000000000000000000000000000A7A7000000000000000000000000000000000000000000000000000000000000A7A700000000000000000000000000000000000000000000000000000000
310
0000A7A7000000000000000000000000000000000000000000000000000000000000A7A7000000000000000000000000000000000000000000000000000000000000A7A7000000000000000000000000000000000000000000000000000000000000A7A7000000000000000000000000000000000000000000000000000000
310
000000A7A7000000000000000000000000000000000000000000000000000000000000A7A7000000000000000000000000000000000000000000000000000000000000A7A7A7A700000000000000000000000000000000000000000000000000000000A7000000A7A7A7A70000000000000000000000000000000000000000
310
00000000A7A7A7A7A7A7A7A70000000000000000000000000000000000000000000000000000000000000000000000000000000000000000
 70
     0
280
     2
281
     0
  0
BLOCK_RECORD
  5
114
330
1
100
AcDbSymbolTableRecord
100
AcDbBlockTableRecord
  2
STAIR
310
2800000020000000200000000100080000000000000400000000000000000000000000000000000000000000000080000080000000808000800000008000800080800000C0C0C000C0DCC000F0CAA6000020400000206000002080000020A0000020C0000020E00000400000004020000040400000406000004080000040A0
310
000040C0000040E00000600000006020000060400000606000006080000060A0000060C0000060E00000800000008020000080400000806000008080000080A0000080C0000080E00000A0000000A0200000A0400000A0600000A0800000A0A00000A0C00000A0E00000C0000000C0200000C0400000C0600000C0800000C0
310
A00000C0C00000C0E00000E0000000E0200000E0400000E0600000E0800000E0A00000E0C00000E0E00040000000400020004000400040006000400080004000A0004000C0004000E00040200000402020004020400040206000402080004020A0004020C0004020E000404000004040200040404000404060004040800040
310
40A0004040C0004040E00040600000406020004060400040606000406080004060A0004060C0004060E00040800000408020004080400040806000408080004080A0004080C0004080E00040A0000040A0200040A0400040A0600040A0800040A0A00040A0C00040A0E00040C0000040C0200040C0400040C0600040C08000
310
40C0A00040C0C00040C0E00040E0000040E0200040E0400040E0600040E0800040E0A00040E0C00040E0E00080000000800020008000400080006000800080008000A0008000C0008000E00080200000802020008020400080206000802080008020A0008020C0008020E00080400000804020008040400080406000804080
310
008040A0008040C0008040E00080600000806020008060400080606000806080008060A0008060C0008060E00080800000808020008080400080806000808080008080A0008080C0008080E00080A0000080A0200080A0400080A0600080A0800080A0A00080A0C00080A0E00080C0000080C0200080C0400080C0600080C0
310
800080C0A00080C0C00080C0E00080E0000080E0200080E0400080E0600080E0800080E0A00080E0C00080E0E000C0000000C0002000C0004000C0006000C0008000C000A000C000C000C000E000C0200000C0202000C0204000C0206000C0208000C020A000C020C000C020E000C0400000C0402000C0404000C0406000C0
310
408000C040A000C040C000C040E000C0600000C0602000C0604000C0606000C0608000C060A000C060C000C060E000C0800000C0802000C0804000C0806000C0808000C080A000C080C000C080E000C0A00000C0A02000C0A04000C0A06000C0A08000C0A0A000C0A0C000C0A0E000C0C00000C0C02000C0C04000C0C06000
310
C0C08000C0C0A000F0FBFF00A4A0A000808080000000FF0000FF000000FFFF00FF000000FF00FF00FFFF0000FFFFFF0000000000000000000000000000000000000000000000000000000000000000000000000000000000000000000000000000000000000000000000000000000000000000000000000000000000000000
310
0000000000000000000000000000000000000000000000000000000000000000000000000000000000000000000000000000000000000000000000000000000000000000000000000000000000000000000000000000000000000000000000000000000000000000000000000000A400000000000000000000000000000000
310
000000000000000000000000000000A4A40000000000000000000000000000000000000000000000000000000000000000000000000000000000000000000000000000000000000000000000000000000000000000000000000000000000000000000000000000000000000000000000000000000000000000000000000000
310
00000000000000000000000000000000000000000000000000000000000000000000000000000000000000000000000000000000000000000000000000000000000000000000000000000000000000000000000000000000000000000000000000000000000000000000000000000000000000000000000000000000000000
310
00000000000000000000000000000000000000000000000000000000000000000000000000000000000000000000000000000000000000000000000000000000000000000000000000000000000000000000000000000000000000000000000000000000000000000000000000000000000000000000000000000000000000
310
00000000000000000000000000000000000000000000000000000000000000000000000000000000000000000000000000000000000000000000000000000000000000000000000000000000000000000000000000000000000000000000000000000000000000000000000000000000000000000000000000000000000000
310
0000000000000000000000000000000000000000000000000000000000000000000000000000000000000000000000000000000000000000000000000000000000000000000000000000000000000000000000000000000000000000000000000000000000000000000000000000000000000000000000FB00000000000000
310
00000000000000000000000000000000000000000000000000000000000000000000000000000000000000000000000000000000000000000000000000000000000000000000000000000000000000000000000000000000000000000000000000000000000000000000000000000000000000000000000000000000000000
310
0000000000000000000000000000000000000000000000000000000000000000000000000000000000000000000000000000000000000000
 70
     0
280
     2
281
     0
  0
BLOCK_RECORD
  5
161
330
1
100
AcDbSymbolTableRecord
100
AcDbBlockTableRecord
  2
W250x33
310
2800000020000000200000000100080000000000000400000000000000000000000000000000000000000000000080000080000000808000800000008000800080800000C0C0C000C0DCC000F0CAA6000020400000206000002080000020A0000020C0000020E00000400000004020000040400000406000004080000040A0
310
000040C0000040E00000600000006020000060400000606000006080000060A0000060C0000060E00000800000008020000080400000806000008080000080A0000080C0000080E00000A0000000A0200000A0400000A0600000A0800000A0A00000A0C00000A0E00000C0000000C0200000C0400000C0600000C0800000C0
310
A00000C0C00000C0E00000E0000000E0200000E0400000E0600000E0800000E0A00000E0C00000E0E00040000000400020004000400040006000400080004000A0004000C0004000E00040200000402020004020400040206000402080004020A0004020C0004020E000404000004040200040404000404060004040800040
310
40A0004040C0004040E00040600000406020004060400040606000406080004060A0004060C0004060E00040800000408020004080400040806000408080004080A0004080C0004080E00040A0000040A0200040A0400040A0600040A0800040A0A00040A0C00040A0E00040C0000040C0200040C0400040C0600040C08000
310
40C0A00040C0C00040C0E00040E0000040E0200040E0400040E0600040E0800040E0A00040E0C00040E0E00080000000800020008000400080006000800080008000A0008000C0008000E00080200000802020008020400080206000802080008020A0008020C0008020E00080400000804020008040400080406000804080
310
008040A0008040C0008040E00080600000806020008060400080606000806080008060A0008060C0008060E00080800000808020008080400080806000808080008080A0008080C0008080E00080A0000080A0200080A0400080A0600080A0800080A0A00080A0C00080A0E00080C0000080C0200080C0400080C0600080C0
310
800080C0A00080C0C00080C0E00080E0000080E0200080E0400080E0600080E0800080E0A00080E0C00080E0E000C0000000C0002000C0004000C0006000C0008000C000A000C000C000C000E000C0200000C0202000C0204000C0206000C0208000C020A000C020C000C020E000C0400000C0402000C0404000C0406000C0
310
408000C040A000C040C000C040E000C0600000C0602000C0604000C0606000C0608000C060A000C060C000C060E000C0800000C0802000C0804000C0806000C0808000C080A000C080C000C080E000C0A00000C0A02000C0A04000C0A06000C0A08000C0A0A000C0A0C000C0A0E000C0C00000C0C02000C0C04000C0C06000
310
C0C08000C0C0A000F0FBFF00A4A0A000808080000000FF0000FF000000FFFF00FF000000FF00FF00FFFF0000FFFFFF000000000000000000000000000000000000000000000000000000000000000000000000000000005BA75B5BA75BA75B5BA75BA75B5BA75B5BA700000000000000000000000000005B5BA75B5B5B5BA7
310
5B5B5B5BA75B5BA75BA700000000000000000000000000000000000000000000A75B0000000000000000000000000000000000000000000000000000000000005BA70000000000000000000000000000000000000000000000000000000000005B5B0000000000000000000000000000000000000000000000000000000000
310
00A75B0000000000000000000000000000000000000000000000000000000000005B5B0000000000000000000000000000000000000000000000000000000000005B5B0000000000000000000000000000000000000000000000000000000000005BA700000000000000000000000000000000000000000000000000000000
310
00005B5B000000000000000000000000000000000000000000000000000000000000A75B0000000000000000000000000000000000000000000000000000000000005B5B0000000000000000000000000000000000000000000000000000000000005B5B000000000000000000000000000000000000000000000000000000
310
0000005BA70000000000000000000000000000000000000000000000000000000000005B5B000000000000000000000000000000000000000000000000000000000000A75B0000000000000000000000000000000000000000000000000000000000005B5B0000000000000000000000000000000000000000000000000000
310
000000005B5B0000000000000000000000000000000000000000000000000000000000005BA70000000000000000000000000000000000000000000000000000000000005B5B000000000000000000000000000000000000000000000000000000000000A75B00000000000000000000000000000000000000000000000000
310
00000000005B5B0000000000000000000000000000000000000000000000000000000000005B5B0000000000000000000000000000000000000000000000000000000000005BA70000000000000000000000000000000000000000000000000000000000005B5B000000000000000000000000000000000000000000000000
310
000000000000A75B0000000000000000000000000000000000000000000000000000000000005BA70000000000000000000000000000000000000000000000000000000000005B5B000000000000000000000000000000000000000000005BA75BA75B5BA75B5B5B5BA75B5B5B5BA7A70000000000000000000000000000A7
310
5B5B5BA75B5BA75BA75B5BA75BA75B5BA7000000000000000000000000000000000000000000000000000000000000000000000000000000
 70
     0
280
     2
281
     0
  0
BLOCK_RECORD
  5
175
330
1
100
AcDbSymbolTableRecord
100
AcDbBlockTableRecord
  2
_ArchTick
 70
     0
280
     2
281
     0
  0
ENDTAB
  0
ENDSEC
  0
SECTION
  2
BLOCKS
  0
BLOCK
  5
2195
330
2194
100
AcDbEntity
  8
0
100
AcDbBlockBegin
  2
Rev
 70
     0
 10
0.0
 20
0.0
 30
0.0
  3
Rev
  1

  4

  0
ATTDEF
  5
2196
330
2194
100
AcDbEntity
  8
TEXT
  6
Continuous
 62
   256
 60
     0
 48
1.0
370
    -1
100
AcDbText
 39
0.0
 10
1.2019
 20
-0.0004
 30
0.0
 40
0.125
  1
1
 41
0.8
  7
ROMANS-80
 72
     4
 11
1.2423
 21
0.0621
100
AcDbAttributeDefinition
  3
ENTER REV SERIES
  2
REV
 70
     0
 73
     0
280
     0
  0
LWPOLYLINE
  5
2197
330
2194
100
AcDbEntity
  8
0
  6
Continuous
 62
     4
 60
     0
 48
1.0
370
    -1
100
AcDbPolyline
 90
        3
 70
     1
 10
1.2429
 20
0.2404
 10
1.0835
 20
-0.0358
 10
1.4023
 20
-0.0358
  0
ATTDEF
  5
2198
330
2194
100
AcDbEntity
  8
TEXT
  6
Continuous
 62
   256
 60
     0
 48
1.0
370
    -1
100
AcDbText
 39
0.0
 10
1.5785
 20
-0.0179
 30
0.0
 40
0.125
  1
RELEASED
 41
0.8
  7
ROMANS-80
 11
1.5785
 21
-0.0596
100
AcDbAttributeDefinition
  3
ENTER REV NOTE 
  2
REV
 70
     0
 73
     0
 74
     1
280
     0
  0
ATTDEF
  5
2199
330
2194
100
AcDbEntity
  8
TEXT
  6
Continuous
 62
   256
 60
     0
 48
1.0
370
    -1
100
AcDbText
 39
0.0
 10
4.4944
 20
-0.0179
 30
0.0
 40
0.125
  1
00/00/00
 41
0.8
  7
ROMANS-80
 11
4.4944
 21
-0.0596
100
AcDbAttributeDefinition
  3
ENTER DATE
  2
REV
 70
     0
 73
     0
 74
     1
280
     0
  0
ENDBLK
  5
219A
330
2194
100
AcDbEntity
  8
0
100
AcDbBlockEnd
  0
BLOCK
  5
219E
330
219B
100
AcDbEntity
  8
0
100
AcDbBlockBegin
  2
title
 70
     0
 10
0.0
 20
0.0
 30
0.0
  3
title
  1

  4

  0
LINE
  5
219F
330
219B
100
AcDbEntity
  8
TB_BORDER
  6
Continuous
 62
   256
 60
     0
 48
1.0
370
    -1
100
AcDbLine
 39
0.0
 10
1.0201
 20
22.9801
 30
0.0
 11
1.0201
 21
0.9944
 31
0.0
  0
LINE
  5
21A0
330
219B
100
AcDbEntity
  8
TB_BORDER
  6
Continuous
 62
   256
 60
     0
 48
1.0
370
    -1
100
AcDbLine
 39
0.0
 10
1.0
 20
22.9999
 30
0.0
 11
1.0
 21
0.9746
 31
0.0
  0
LINE
  5
21A1
330
219B
100
AcDbEntity
  8
TB_BORDER
  6
Continuous
 62
   256
 60
     0
 48
1.0
370
    -1
100
AcDbLine
 39
0.0
 10
1.0201
 20
0.9944
 30
0.0
 11
30.6978
 21
0.9944
 31
0.0
  0
LINE
  5
21A2
330
219B
100
AcDbEntity
  8
TB_BORDER
  6
Continuous
 62
   256
 60
     0
 48
1.0
370
    -1
100
AcDbLine
 39
0.0
 10
1.0
 20
0.9746
 30
0.0
 11
30.718
 21
0.9746
 31
0.0
  0
LINE
  5
21A3
330
219B
100
AcDbEntity
  8
TB_CORNERS
  6
Continuous
 62
   256
 60
     0
 48
1.0
370
    -1
100
AcDbLine
 39
0.0
 10
0.0
 20
0.0
 30
0.0
 11
0.0
 21
1.0
 31
0.0
  0
LINE
  5
21A4
330
219B
100
AcDbEntity
  8
TB_CORNERS
  6
Continuous
 62
   256
 60
     0
 48
1.0
370
    -1
100
AcDbLine
 39
0.0
 10
1.0
 20
0.0
 30
0.0
 11
0.0
 21
0.0
 31
0.0
  0
LINE
  5
21A5
330
219B
100
AcDbEntity
  8
TB_BORDER
  6
Continuous
 62
   256
 60
     0
 48
1.0
370
    -1
100
AcDbLine
 39
0.0
 10
30.6978
 20
22.9801
 30
0.0
 11
1.0201
 21
22.9801
 31
0.0
  0
LINE
  5
21A6
330
219B
100
AcDbEntity
  8
TB_BORDER
  6
Continuous
 62
   256
 60
     0
 48
1.0
370
    -1
100
AcDbLine
 39
0.0
 10
30.718
 20
22.9999
 30
0.0
 11
1.0
 21
22.9999
 31
0.0
  0
LINE
  5
21A7
330
219B
100
AcDbEntity
  8
TB_CORNERS
  6
Continuous
 62
   256
 60
     0
 48
1.0
370
    -1
100
AcDbLine
 39
0.0
 10
0.0
 20
22.9999
 30
0.0
 11
0.0
 21
23.9998
 31
0.0
  0
LINE
  5
21A8
330
219B
100
AcDbEntity
  8
TB_CORNERS
  6
Continuous
 62
   256
 60
     0
 48
1.0
370
    -1
100
AcDbLine
 39
0.0
 10
1.0
 20
23.9998
 30
0.0
 11
0.0
 21
23.9998
 31
0.0
  0
LINE
  5
21A9
330
219B
100
AcDbEntity
  8
TB_BORDER
  6
Continuous
 62
   256
 60
     0
 48
1.0
370
    -1
100
AcDbLine
 39
0.0
 10
30.6978
 20
0.9944
 30
0.0
 11
30.6978
 21
22.9801
 31
0.0
  0
LINE
  5
21AA
330
219B
100
AcDbEntity
  8
TB_BORDER
  6
Continuous
 62
   256
 60
     0
 48
1.0
370
    -1
100
AcDbLine
 39
0.0
 10
30.718
 20
0.9746
 30
0.0
 11
30.718
 21
22.9999
 31
0.0
  0
TEXT
  5
21AB
330
219B
100
AcDbEntity
  8
TB_TEXT4
  6
Continuous
 62
   256
 60
     0
 48
1.0
370
    -1
100
AcDbText
  1
drawing no.
 10
30.9698
 20
1.7141
 30
0.0
 39
0.0
 40
0.1479
 41
1.0217
  7
ROMAND
100
AcDbText
  0
TEXT
  5
21AC
330
219B
100
AcDbEntity
  8
TB_TEXT4
  6
Continuous
 62
   256
 60
     0
 48
1.0
370
    -1
100
AcDbText
  1
date;
 10
30.9698
 20
2.2071
 30
0.0
 39
0.0
 40
0.1479
 41
1.0217
  7
ROMAND
100
AcDbText
  0
TEXT
  5
21AD
330
219B
100
AcDbEntity
  8
TB_TEXT4
  6
Continuous
 62
   256
 60
     0
 48
1.0
370
    -1
100
AcDbText
  1
checked by;
 10
30.9698
 20
2.7001
 30
0.0
 39
0.0
 40
0.1479
 41
1.0217
  7
ROMAND
100
AcDbText
  0
TEXT
  5
21AE
330
219B
100
AcDbEntity
  8
TB_TEXT4
  6
Continuous
 62
   256
 60
     0
 48
1.0
370
    -1
100
AcDbText
  1
drawn by;
 10
30.9698
 20
3.1931
 30
0.0
 39
0.0
 40
0.1479
 41
1.0217
  7
ROMAND
100
AcDbText
  0
LINE
  5
21AF
330
219B
100
AcDbEntity
  8
TB_CORNERS
  6
Continuous
 62
   256
 60
     0
 48
1.0
370
    -1
100
AcDbLine
 39
0.0
 10
35.9998
 20
0.0
 30
0.0
 11
35.9998
 21
1.0
 31
0.0
  0
LINE
  5
21B0
330
219B
100
AcDbEntity
  8
TB_CORNERS
  6
Continuous
 62
   256
 60
     0
 48
1.0
370
    -1
100
AcDbLine
 39
0.0
 10
35.9998
 20
0.0
 30
0.0
 11
34.9998
 21
0.0
 31
0.0
  0
TEXT
  5
21B1
330
219B
100
AcDbEntity
  8
TB_TEXT4
  6
Continuous
 62
   256
 60
     0
 48
1.0
370
    -1
100
AcDbText
  1
content
 10
30.9698
 20
5.9046
 30
0.0
 39
0.0
 40
0.1479
 41
1.0217
  7
ROMAND
100
AcDbText
  0
TEXT
  5
21B2
330
219B
100
AcDbEntity
  8
TB_TEXT4
  6
Continuous
 62
   256
 60
     0
 48
1.0
370
    -1
100
AcDbText
  1
client
 10
30.9698
 20
7.6301
 30
0.0
 39
0.0
 40
0.1479
 41
1.0217
  7
ROMAND
100
AcDbText
  0
TEXT
  5
21B3
330
219B
100
AcDbEntity
  8
TB_TEXT4
  6
Continuous
 62
   256
 60
     0
 48
1.0
370
    -1
100
AcDbText
  1
project
 10
30.9698
 20
11.3276
 30
0.0
 39
0.0
 40
0.1479
 41
1.0217
  7
ROMAND
100
AcDbText
  0
LINE
  5
21B4
330
219B
100
AcDbEntity
  8
TB_INFORMATION
  6
Continuous
 62
   256
 60
     0
 48
1.0
370
    -1
100
AcDbLine
 39
0.0
 10
30.7181
 20
13.1357
 30
0.0
 11
35.02
 21
13.1357
 31
0.0
  0
LINE
  5
21B5
330
219B
100
AcDbEntity
  8
TB_INFORMATION
  6
Continuous
 62
   256
 60
     0
 48
1.0
370
    -1
100
AcDbLine
 39
0.0
 10
30.7181
 20
14.7132
 30
0.0
 11
35.02
 21
14.7132
 31
0.0
  0
LINE
  5
21B6
330
219B
100
AcDbEntity
  8
TB_INFORMATION
  6
Continuous
 62
   256
 60
     0
 48
1.0
370
    -1
100
AcDbLine
 39
0.0
 10
30.7181
 20
14.3977
 30
0.0
 11
35.02
 21
14.3977
 31
0.0
  0
LINE
  5
21B7
330
219B
100
AcDbEntity
  8
TB_INFORMATION
  6
Continuous
 62
   256
 60
     0
 48
1.0
370
    -1
100
AcDbLine
 39
0.0
 10
30.7181
 20
14.0822
 30
0.0
 11
35.02
 21
14.0822
 31
0.0
  0
LINE
  5
21B8
330
219B
100
AcDbEntity
  8
TB_INFORMATION
  6
Continuous
 62
   256
 60
     0
 48
1.0
370
    -1
100
AcDbLine
 39
0.0
 10
30.7181
 20
13.7667
 30
0.0
 11
35.02
 21
13.7667
 31
0.0
  0
LINE
  5
21B9
330
219B
100
AcDbEntity
  8
TB_INFORMATION
  6
Continuous
 62
   256
 60
     0
 48
1.0
370
    -1
100
AcDbLine
 39
0.0
 10
30.7181
 20
13.4512
 30
0.0
 11
35.02
 21
13.4512
 31
0.0
  0
LINE
  5
21BA
330
219B
100
AcDbEntity
  8
TB_INFORMATION
  6
Continuous
 62
   256
 60
     0
 48
1.0
370
    -1
100
AcDbLine
 39
0.0
 10
31.1243
 20
14.7132
 30
0.0
 11
31.1243
 21
13.1357
 31
0.0
  0
TEXT
  5
21BB
330
219B
100
AcDbEntity
  8
TB_TEXT4
  6
Continuous
 62
   256
 60
     0
 48
1.0
370
    -1
100
AcDbText
  1
revisions
 10
30.9533
 20
12.7642
 30
0.0
 39
0.0
 40
0.2188
 41
1.0217
  7
ROMAND
100
AcDbText
  0
TEXT
  5
21BC
330
219B
100
AcDbEntity
  8
TB_TEXT4
  6
Continuous
 62
   256
 60
     0
 48
1.0
370
    -1
100
AcDbText
  1
REV
 10
30.7923
 20
13.2238
 30
0.0
 39
0.0
 40
0.0789
 41
1.0217
  7
Standard
100
AcDbText
  0
TEXT
  5
21BD
330
219B
100
AcDbEntity
  8
TB_TEXT4
  6
Continuous
 62
   256
 60
     0
 48
1.0
370
    -1
100
AcDbText
  1
REVISION
 10
31.3561
 20
13.2334
 30
0.0
 39
0.0
 40
0.0789
 41
1.0217
  7
Standard
100
AcDbText
  0
LINE
  5
21BE
330
219B
100
AcDbEntity
  8
TB_INFORMATION
  6
Continuous
 62
   256
 60
     0
 48
1.0
370
    -1
100
AcDbLine
 39
0.0
 10
35.02
 20
14.7132
 30
0.0
 11
35.02
 21
13.1357
 31
0.0
  0
LINE
  5
21BF
330
219B
100
AcDbEntity
  8
TB_INFORMATION
  6
Continuous
 62
   256
 60
     0
 48
1.0
370
    -1
100
AcDbLine
 39
0.0
 10
34.0398
 20
14.7132
 30
0.0
 11
34.0398
 21
13.1357
 31
0.0
  0
TEXT
  5
21C0
330
219B
100
AcDbEntity
  8
TB_TEXT4
  6
Continuous
 62
   256
 60
     0
 48
1.0
370
    -1
100
AcDbText
  1
DATE
 10
34.1411
 20
13.2238
 30
0.0
 39
0.0
 40
0.0789
 41
1.0217
  7
Standard
100
AcDbText
  0
TEXT
  5
21C1
330
219B
100
AcDbEntity
  8
TB_TEXT1
  6
Continuous
 62
   256
 60
     0
 48
1.0
370
    -1
100
AcDbText
  1
JBS ENGINEERING INC.
 10
31.1467
 20
21.9715
 30
0.0
 39
0.0
 40
0.1972
 41
1.0217
  7
ROMANC
100
AcDbText
  0
TEXT
  5
21C2
330
219B
100
AcDbEntity
  8
TB_TEXT1
  6
Continuous
 62
   256
 60
     0
 48
1.0
370
    -1
100
AcDbText
  1
CONSULTING ENGINEERS
 10
31.5099
 20
21.5485
 30
0.0
 39
0.0
 40
0.1479
 41
1.0217
  7
ROMAND
100
AcDbText
  0
TEXT
  5
21C3
330
219B
100
AcDbEntity
  8
TB_TEXT1
  6
Continuous
 62
   256
 60
     0
 48
1.0
370
    -1
100
AcDbText
  1
SASKATOON       SASKATCHEWAN
 10
31.1409
 20
20.6896
 30
0.0
 39
0.0
 40
0.1479
 41
1.0217
  7
ROMAND
100
AcDbText
  0
LINE
  5
21C4
330
219B
100
AcDbEntity
  8
TB_CORNERS
  6
Continuous
 62
   256
 60
     0
 48
1.0
370
    -1
100
AcDbLine
 39
0.0
 10
35.9998
 20
22.9999
 30
0.0
 11
35.9998
 21
23.9998
 31
0.0
  0
LINE
  5
21C5
330
219B
100
AcDbEntity
  8
TB_CORNERS
  6
Continuous
 62
   256
 60
     0
 48
1.0
370
    -1
100
AcDbLine
 39
0.0
 10
35.9998
 20
23.9998
 30
0.0
 11
34.9998
 21
23.9998
 31
0.0
  0
ATTDEF
  5
21C6
330
219B
100
AcDbEntity
  8
TB_TEXT3
  6
Continuous
 62
   256
 60
     0
 48
1.0
370
    -1
100
AcDbText
 39
0.0
 10
32.4125
 20
0.978
 30
0.0
 40
0.5
  1
####
  7
SANSERIF
 11
32.4125
 21
1.478
100
AcDbAttributeDefinition
  3
#
  2
X
 70
     8
 73
     0
 74
     3
280
     0
  0
ATTDEF
  5
21CB
330
219B
100
AcDbEntity
  8
TB_TEXT3
  6
Continuous
 62
     1
 60
     0
 48
1.0
370
    -1
100
AcDbText
 39
0.0
 10
33.282
 20
2.206
 30
0.0
 40
0.125
  1
JAN.  2003
  7
SANSERIF
100
AcDbAttributeDefinition
  3
date
  2
DATE
 70
     8
 73
     0
280
     0
  0
ATTDEF
  5
21D0
330
219B
100
AcDbEntity
  8
TB_TEXT3
  6
Continuous
 62
    10
 60
     0
 48
1.0
370
    -1
100
AcDbText
 39
0.0
 10
33.282
 20
2.7304
 30
0.0
 40
0.125
  1
###
  7
SANSERIF
100
AcDbAttributeDefinition
  3
check
  2
CHECK
 70
     8
 73
     0
280
     0
  0
ATTDEF
  5
21D5
330
219B
100
AcDbEntity
  8
TB_TEXT3
  6
Continuous
 62
    10
 60
     0
 48
1.0
370
    -1
100
AcDbText
 39
0.0
 10
33.282
 20
3.171
 30
0.0
 40
0.125
  1
###
  7
SANSERIF
100
AcDbAttributeDefinition
  3
draw
  2
DRAW
 70
     8
 73
     0
280
     0
  0
ATTDEF
  5
21DA
330
219B
100
AcDbEntity
  8
TB_TEXT3
  6
Continuous
 62
    10
 60
     0
 48
15.0
370
    -1
100
AcDbText
 39
0.0
 10
31.2828
 20
5.5667
 30
0.0
 40
0.1875
  1
####
  7
SANSERIF
100
AcDbAttributeDefinition
  3
Sheet Content 1:
  2
SHEET_CONTENT1
 70
     8
 73
     0
280
     0
  0
ATTDEF
  5
21DF
330
219B
100
AcDbEntity
  8
TB_TEXT3
  6
Continuous
 62
    10
 60
     0
 48
15.0
370
    -1
100
AcDbText
 39
0.0
 10
31.2828
 20
5.267
 30
0.0
 40
0.1875
  1
####
  7
SANSERIF
100
AcDbAttributeDefinition
  3
Sheet Content 2:
  2
SHEET_CONTENT2
 70
     8
 73
     0
280
     0
  0
ATTDEF
  5
21E4
330
219B
100
AcDbEntity
  8
TB_TEXT3
  6
Continuous
 62
   256
 60
     0
 48
15.0
370
    -1
100
AcDbText
 39
0.0
 10
31.2828
 20
10.9896
 30
0.0
 40
0.1875
  1
####
  7
SANSERIF
100
AcDbAttributeDefinition
  3
Project Name:
  2
PROJECT_NAME
 70
     8
 73
     0
280
     0
  0
ATTDEF
  5
21E9
330
219B
100
AcDbEntity
  8
TB_TEXT3
  6
Continuous
 62
   256
 60
     0
 48
15.0
370
    -1
100
AcDbText
 39
0.0
 10
31.2828
 20
10.69
 30
0.0
 40
0.1875
  1
####
  7
SANSERIF
100
AcDbAttributeDefinition
  3
Project Phase:
  2
PROJECT_PHASE
 70
     8
 73
     0
280
     0
  0
ATTDEF
  5
21EE
330
219B
100
AcDbEntity
  8
TB_TEXT3
  6
Continuous
 62
   256
 60
     0
 48
15.0
370
    -1
100
AcDbText
 39
0.0
 10
31.2828
 20
10.3904
 30
0.0
 40
0.1875
  1
####
  7
SANSERIF
100
AcDbAttributeDefinition
  3
Project Street:
  2
PROJECT_STREET
 70
     8
 73
     0
280
     0
  0
ATTDEF
  5
21F3
330
219B
100
AcDbEntity
  8
TB_TEXT3
  6
Continuous
 62
   256
 60
     0
 48
15.0
370
    -1
100
AcDbText
 39
0.0
 10
31.2828
 20
10.0907
 30
0.0
 40
0.1875
  1
####,  ####  ####
  7
SANSERIF
100
AcDbAttributeDefinition
  3
Project City, State, ZIP
  2
PROJECT_CITY
 70
     8
 73
     0
280
     0
  0
ATTDEF
  5
21FA
330
219B
100
AcDbEntity
  8
TB_TEXT3
  6
Continuous
 62
   256
 60
     0
 48
15.0
370
    -1
100
AcDbText
 39
0.0
 10
31.2828
 20
7.2922
 30
0.0
 40
0.1875
  1
####
  7
SANSERIF
100
AcDbAttributeDefinition
  3
Client Name:
  2
CLIENT_NAME
 70
     8
 73
     0
280
     0
  0
ATTDEF
  5
21FF
330
219B
100
AcDbEntity
  8
TB_TEXT3
  6
Continuous
 62
   256
 60
     0
 48
15.0
370
    -1
100
AcDbText
 39
0.0
 10
31.2828
 20
6.9925
 30
0.0
 40
0.1875
  1
####
  7
SANSERIF
100
AcDbAttributeDefinition
  3
Client Street:
  2
CLIENT_STREET
 70
     8
 73
     0
280
     0
  0
ATTDEF
  5
2204
330
219B
100
AcDbEntity
  8
TB_TEXT3
  6
Continuous
 62
   256
 60
     0
 48
15.0
370
    -1
100
AcDbText
 39
0.0
 10
31.2828
 20
6.6929
 30
0.0
 40
0.1875
  1
####,  ####  ####
  7
SANSERIF
100
AcDbAttributeDefinition
  3
Client City, State, ZIP
  2
CLIENT_CITY
 70
     8
 73
     0
280
     0
  0
ENDBLK
  5
220B
330
219B
100
AcDbEntity
  8
0
100
AcDbBlockEnd
  0
BLOCK
  5
2219
330
220C
100
AcDbEntity
  8
0
100
AcDbBlockBegin
  2
Drawing Title
 70
     0
 10
0.0
 20
0.0
 30
0.0
  3
Drawing Title
  1

  4

  0
LINE
  5
222C
330
220C
100
AcDbEntity
  8
0
  6
Continuous
 62
   256
 60
     0
 48
1.0
370
    -1
100
AcDbLine
 39
0.0
 10
0.8423
 20
-0.5126
 30
0.0
 11
2.3423
 21
-0.5126
 31
0.0
1001
AcDbBlockRepETag
1070
     1
1071
        5
1005
222C
  0
CIRCLE
  5
221A
330
220C
100
AcDbEntity
  8
0
  6
Continuous
 62
   256
 60
     0
 48
1.0
370
    25
100
AcDbCircle
 39
0.0
 10
0.5923
 20
-0.5126
 30
0.0
 40
0.25
1001
AcDbBlockRepETag
1070
     1
1071
        0
1005
221A
  0
MTEXT
  5
221B
330
220C
100
AcDbEntity
  8
0
  6
Continuous
 62
   256
 60
     0
 48
1.0
370
    -1
100
AcDbMText
 10
0.9523
 20
-0.5907
 30
0.0
210
0.0
220
0.0
230
1.0
 40
0.0938
 41
0.3916
 50
0.0
 71
     1
 72
     5
  1
Scale: 
  7
SANSSERIFBOLD
 11
1.0
 21
0.0
 31
0.0
 42
0.3656
 73
     1
 44
1.0
 90
        0
 75
     0
 78
     0
 79
     0
 48
0.0
 49
0.0
1001
AcDbBlockRepETag
1070
     1
1071
        1
1005
221B
  0
ATTDEF
  5
221D
330
220C
100
AcDbEntity
  8
0
  6
Continuous
 62
   256
 60
     0
 48
15.0
370
    -1
100
AcDbText
 39
0.0
 10
-0.3008
 20
-0.6046
 30
0.0
 40
0.1875
  1
VIEWNUMBER
  7
SANSSERIFBOLD
 72
     1
 11
0.5922
 21
-0.5109
100
AcDbAttributeDefinition
  3
ViewNumber
  2
#
 70
     8
 73
     0
 74
     2
280
     0
1001
AcDbBlockRepETag
1070
     1
1071
        2
1005
221D
  0
ATTDEF
  5
2222
330
220C
100
AcDbEntity
  8
0
  6
Continuous
 62
   256
 60
     0
 48
15.0
370
    -1
100
AcDbText
 39
0.0
 10
0.9422
 20
-0.4543
 30
0.0
 40
0.1875
  1
VIEWTITLE
  7
SANSSERIFBOLD
 11
0.9422
 21
-0.5109
100
AcDbAttributeDefinition
  3
DrawingName
  2
VIEWNAME
 70
     8
 73
     0
 74
     1
280
     0
1001
AcDbBlockRepETag
1070
     1
1071
        3
1005
2222
  0
ATTDEF
  5
2227
330
220C
100
AcDbEntity
  8
0
  6
Continuous
 62
   256
 60
     0
 48
15.0
370
    -1
100
AcDbText
 39
0.0
 10
1.3617
 20
-0.6827
 30
0.0
 40
0.0938
  1
ViewportScale
  7
SANSSERIFBOLD
 11
1.3617
 21
-0.589
100
AcDbAttributeDefinition
  3
Viewport Scale
  2
VPSCALE
 70
     8
 73
     0
 74
     3
280
     0
1001
AcDbBlockRepETag
1070
     1
1071
        4
1005
2227
  0
ENDBLK
  5
222D
330
220C
100
AcDbEntity
  8
0
100
AcDbBlockEnd
  0
BLOCK
  5
222F
330
222E
100
AcDbEntity
  8
0
100
AcDbBlockBegin
  2
*B8
 70
     0
 10
0.0
 20
0.0
 30
0.0
  3
*B8
  1

  4

  0
CIRCLE
  5
2230
330
222E
100
AcDbEntity
  8
0
  6
Continuous
 62
   256
 60
     0
 48
1.0
370
    25
100
AcDbCircle
 39
0.0
 10
0.5923
 20
-0.5126
 30
0.0
 40
0.25
1001
AcDbBlockRepETag
1070
     1
1071
        0
1005
2230
  0
MTEXT
  5
2231
330
222E
100
AcDbEntity
  8
0
  6
Continuous
 62
   256
 60
     0
 48
1.0
370
    -1
100
AcDbMText
 10
0.9523
 20
-0.5907
 30
0.0
210
0.0
220
0.0
230
1.0
 40
0.0938
 41
0.3916
 50
0.0
 71
     1
 72
     5
  1
Scale: 
  7
SANSSERIFBOLD
 11
1.0
 21
0.0
 31
0.0
 42
0.3656
 73
     1
 44
1.0
 90
        0
 75
     0
 78
     0
 79
     0
 48
0.0
 49
0.0
1001
AcDbBlockRepETag
1070
     1
1071
        1
1005
2231
  0
ATTDEF
  5
2233
330
222E
100
AcDbEntity
  8
0
  6
Continuous
 62
   256
 60
     0
 48
15.0
370
    -1
100
AcDbText
 39
0.0
 10
-0.3008
 20
-0.6046
 30
0.0
 40
0.1875
  1
VIEWNUMBER
  7
SANSSERIFBOLD
 72
     1
 11
0.5922
 21
-0.5109
100
AcDbAttributeDefinition
  3
ViewNumber
  2
#
 70
     8
 73
     0
 74
     2
280
     0
1001
AcDbBlockRepETag
1070
     1
1071
        2
1005
2233
  0
ATTDEF
  5
2238
330
222E
100
AcDbEntity
  8
0
  6
Continuous
 62
   256
 60
     0
 48
15.0
370
    -1
100
AcDbText
 39
0.0
 10
0.9422
 20
-0.4543
 30
0.0
 40
0.1875
  1
VIEWTITLE
  7
SANSSERIFBOLD
 11
0.9422
 21
-0.5109
100
AcDbAttributeDefinition
  3
DrawingName
  2
VIEWNAME
 70
     8
 73
     0
 74
     1
280
     0
1001
AcDbBlockRepETag
1070
     1
1071
        3
1005
2238
  0
ATTDEF
  5
223D
330
222E
100
AcDbEntity
  8
0
  6
Continuous
 62
   256
 60
     0
 48
15.0
370
    -1
100
AcDbText
 39
0.0
 10
1.3617
 20
-0.6827
 30
0.0
 40
0.0938
  1
ViewportScale
  7
SANSSERIFBOLD
 11
1.3617
 21
-0.589
100
AcDbAttributeDefinition
  3
Viewport Scale
  2
VPSCALE
 70
     8
 73
     0
 74
     3
280
     0
1001
AcDbBlockRepETag
1070
     1
1071
        4
1005
223D
  0
LINE
  5
2242
330
222E
100
AcDbEntity
  8
0
  6
Continuous
 62
   256
 60
     0
 48
1.0
370
    -1
100
AcDbLine
 39
0.0
 10
0.8423
 20
-0.5126
 30
0.0
 11
2.1159
 21
-0.5126
 31
0.0
1001
AcDbBlockRepETag
1070
     1
1071
        5
1005
2242
  0
ENDBLK
  5
2243
330
222E
100
AcDbEntity
  8
0
100
AcDbBlockEnd
  0
BLOCK
  5
2245
330
2244
100
AcDbEntity
  8
0
100
AcDbBlockBegin
  2
*B9
 70
     0
 10
0.0
 20
0.0
 30
0.0
  3
*B9
  1

  4

  0
CIRCLE
  5
2246
330
2244
100
AcDbEntity
  8
0
  6
Continuous
 62
   256
 60
     0
 48
1.0
370
    25
100
AcDbCircle
 39
0.0
 10
0.5923
 20
-0.5126
 30
0.0
 40
0.25
1001
AcDbBlockRepETag
1070
     1
1071
        0
1005
2246
  0
MTEXT
  5
2247
330
2244
100
AcDbEntity
  8
0
  6
Continuous
 62
   256
 60
     0
 48
1.0
370
    -1
100
AcDbMText
 10
0.9523
 20
-0.5907
 30
0.0
210
0.0
220
0.0
230
1.0
 40
0.0938
 41
0.3916
 50
0.0
 71
     1
 72
     5
  1
Scale: 
  7
SANSSERIFBOLD
 11
1.0
 21
0.0
 31
0.0
 42
0.3656
 73
     1
 44
1.0
 90
        0
 75
     0
 78
     0
 79
     0
 48
0.0
 49
0.0
1001
AcDbBlockRepETag
1070
     1
1071
        1
1005
2247
  0
ATTDEF
  5
2249
330
2244
100
AcDbEntity
  8
0
  6
Continuous
 62
   256
 60
     0
 48
15.0
370
    -1
100
AcDbText
 39
0.0
 10
-0.3008
 20
-0.6046
 30
0.0
 40
0.1875
  1
VIEWNUMBER
  7
SANSSERIFBOLD
 72
     1
 11
0.5922
 21
-0.5109
100
AcDbAttributeDefinition
  3
ViewNumber
  2
#
 70
     8
 73
     0
 74
     2
280
     0
1001
AcDbBlockRepETag
1070
     1
1071
        2
1005
2249
  0
ATTDEF
  5
224E
330
2244
100
AcDbEntity
  8
0
  6
Continuous
 62
   256
 60
     0
 48
15.0
370
    -1
100
AcDbText
 39
0.0
 10
0.9422
 20
-0.4543
 30
0.0
 40
0.1875
  1
VIEWTITLE
  7
SANSSERIFBOLD
 11
0.9422
 21
-0.5109
100
AcDbAttributeDefinition
  3
DrawingName
  2
VIEWNAME
 70
     8
 73
     0
 74
     1
280
     0
1001
AcDbBlockRepETag
1070
     1
1071
        3
1005
224E
  0
ATTDEF
  5
2253
330
2244
100
AcDbEntity
  8
0
  6
Continuous
 62
   256
 60
     0
 48
15.0
370
    -1
100
AcDbText
 39
0.0
 10
1.3617
 20
-0.6827
 30
0.0
 40
0.0938
  1
ViewportScale
  7
SANSSERIFBOLD
 11
1.3617
 21
-0.589
100
AcDbAttributeDefinition
  3
Viewport Scale
  2
VPSCALE
 70
     8
 73
     0
 74
     3
280
     0
1001
AcDbBlockRepETag
1070
     1
1071
        4
1005
2253
  0
LINE
  5
2258
330
2244
100
AcDbEntity
  8
0
  6
Continuous
 62
   256
 60
     0
 48
1.0
370
    -1
100
AcDbLine
 39
0.0
 10
0.8423
 20
-0.5126
 30
0.0
 11
2.117
 21
-0.5126
 31
0.0
1001
AcDbBlockRepETag
1070
     1
1071
        5
1005
2258
  0
ENDBLK
  5
2259
330
2244
100
AcDbEntity
  8
0
100
AcDbBlockEnd
  0
BLOCK
  5
225B
330
225A
100
AcDbEntity
  8
0
100
AcDbBlockBegin
  2
*B10
 70
     0
 10
0.0
 20
0.0
 30
0.0
  3
*B10
  1

  4

  0
CIRCLE
  5
225C
330
225A
100
AcDbEntity
  8
0
  6
Continuous
 62
   256
 60
     0
 48
1.0
370
    25
100
AcDbCircle
 39
0.0
 10
0.5923
 20
-0.5126
 30
0.0
 40
0.25
1001
AcDbBlockRepETag
1070
     1
1071
        0
1005
225C
  0
MTEXT
  5
225D
330
225A
100
AcDbEntity
  8
0
  6
Continuous
 62
   256
 60
     0
 48
1.0
370
    -1
100
AcDbMText
 10
0.9523
 20
-0.5907
 30
0.0
210
0.0
220
0.0
230
1.0
 40
0.0938
 41
0.3916
 50
0.0
 71
     1
 72
     5
  1
Scale: 
  7
SANSSERIFBOLD
 11
1.0
 21
0.0
 31
0.0
 42
0.3656
 73
     1
 44
1.0
 90
        0
 75
     0
 78
     0
 79
     0
 48
0.0
 49
0.0
1001
AcDbBlockRepETag
1070
     1
1071
        1
1005
225D
  0
ATTDEF
  5
225F
330
225A
100
AcDbEntity
  8
0
  6
Continuous
 62
   256
 60
     0
 48
15.0
370
    -1
100
AcDbText
 39
0.0
 10
-0.3008
 20
-0.6046
 30
0.0
 40
0.1875
  1
VIEWNUMBER
  7
SANSSERIFBOLD
 72
     1
 11
0.5922
 21
-0.5109
100
AcDbAttributeDefinition
  3
ViewNumber
  2
#
 70
     8
 73
     0
 74
     2
280
     0
1001
AcDbBlockRepETag
1070
     1
1071
        2
1005
225F
  0
ATTDEF
  5
2264
330
225A
100
AcDbEntity
  8
0
  6
Continuous
 62
   256
 60
     0
 48
15.0
370
    -1
100
AcDbText
 39
0.0
 10
0.9422
 20
-0.4543
 30
0.0
 40
0.1875
  1
VIEWTITLE
  7
SANSSERIFBOLD
 11
0.9422
 21
-0.5109
100
AcDbAttributeDefinition
  3
DrawingName
  2
VIEWNAME
 70
     8
 73
     0
 74
     1
280
     0
1001
AcDbBlockRepETag
1070
     1
1071
        3
1005
2264
  0
ATTDEF
  5
2269
330
225A
100
AcDbEntity
  8
0
  6
Continuous
 62
   256
 60
     0
 48
15.0
370
    -1
100
AcDbText
 39
0.0
 10
1.3617
 20
-0.6827
 30
0.0
 40
0.0938
  1
ViewportScale
  7
SANSSERIFBOLD
 11
1.3617
 21
-0.589
100
AcDbAttributeDefinition
  3
Viewport Scale
  2
VPSCALE
 70
     8
 73
     0
 74
     3
280
     0
1001
AcDbBlockRepETag
1070
     1
1071
        4
1005
2269
  0
LINE
  5
226E
330
225A
100
AcDbEntity
  8
0
  6
Continuous
 62
   256
 60
     0
 48
1.0
370
    -1
100
AcDbLine
 39
0.0
 10
0.8423
 20
-0.5126
 30
0.0
 11
1.9272
 21
-0.5126
 31
0.0
1001
AcDbBlockRepETag
1070
     1
1071
        5
1005
226E
  0
ENDBLK
  5
226F
330
225A
100
AcDbEntity
  8
0
100
AcDbBlockEnd
  0
BLOCK
  5
2271
330
2270
100
AcDbEntity
  8
0
100
AcDbBlockBegin
  2
*B11
 70
     0
 10
0.0
 20
0.0
 30
0.0
  3
*B11
  1

  4

  0
CIRCLE
  5
2272
330
2270
100
AcDbEntity
  8
0
  6
Continuous
 62
   256
 60
     0
 48
1.0
370
    25
100
AcDbCircle
 39
0.0
 10
0.5923
 20
-0.5126
 30
0.0
 40
0.25
1001
AcDbBlockRepETag
1070
     1
1071
        0
1005
2272
  0
MTEXT
  5
2273
330
2270
100
AcDbEntity
  8
0
  6
Continuous
 62
   256
 60
     0
 48
1.0
370
    -1
100
AcDbMText
 10
0.9523
 20
-0.5907
 30
0.0
210
0.0
220
0.0
230
1.0
 40
0.0938
 41
0.3916
 50
0.0
 71
     1
 72
     5
  1
Scale: 
  7
SANSSERIFBOLD
 11
1.0
 21
0.0
 31
0.0
 42
0.3656
 73
     1
 44
1.0
 90
        0
 75
     0
 78
     0
 79
     0
 48
0.0
 49
0.0
1001
AcDbBlockRepETag
1070
     1
1071
        1
1005
2273
  0
ATTDEF
  5
2275
330
2270
100
AcDbEntity
  8
0
  6
Continuous
 62
   256
 60
     0
 48
15.0
370
    -1
100
AcDbText
 39
0.0
 10
-0.3008
 20
-0.6046
 30
0.0
 40
0.1875
  1
VIEWNUMBER
  7
SANSSERIFBOLD
 72
     1
 11
0.5922
 21
-0.5109
100
AcDbAttributeDefinition
  3
ViewNumber
  2
#
 70
     8
 73
     0
 74
     2
280
     0
1001
AcDbBlockRepETag
1070
     1
1071
        2
1005
2275
  0
ATTDEF
  5
227A
330
2270
100
AcDbEntity
  8
0
  6
Continuous
 62
   256
 60
     0
 48
15.0
370
    -1
100
AcDbText
 39
0.0
 10
0.9422
 20
-0.4543
 30
0.0
 40
0.1875
  1
VIEWTITLE
  7
SANSSERIFBOLD
 11
0.9422
 21
-0.5109
100
AcDbAttributeDefinition
  3
DrawingName
  2
VIEWNAME
 70
     8
 73
     0
 74
     1
280
     0
1001
AcDbBlockRepETag
1070
     1
1071
        3
1005
227A
  0
ATTDEF
  5
227F
330
2270
100
AcDbEntity
  8
0
  6
Continuous
 62
   256
 60
     0
 48
15.0
370
    -1
100
AcDbText
 39
0.0
 10
1.3617
 20
-0.6827
 30
0.0
 40
0.0938
  1
ViewportScale
  7
SANSSERIFBOLD
 11
1.3617
 21
-0.589
100
AcDbAttributeDefinition
  3
Viewport Scale
  2
VPSCALE
 70
     8
 73
     0
 74
     3
280
     0
1001
AcDbBlockRepETag
1070
     1
1071
        4
1005
227F
  0
LINE
  5
2284
330
2270
100
AcDbEntity
  8
0
  6
Continuous
 62
   256
 60
     0
 48
1.0
370
    -1
100
AcDbLine
 39
0.0
 10
0.8423
 20
-0.5126
 30
0.0
 11
1.9354
 21
-0.5126
 31
0.0
1001
AcDbBlockRepETag
1070
     1
1071
        5
1005
2284
  0
ENDBLK
  5
2285
330
2270
100
AcDbEntity
  8
0
100
AcDbBlockEnd
  0
BLOCK
  5
323A
330
3235
100
AcDbEntity
  8
0
100
AcDbBlockBegin
  2
_DetailCallout
 70
     0
 10
0.0
 20
0.0
 30
0.0
  3
_DetailCallout
  1

  4

  0
CIRCLE
  5
3236
330
3235
100
AcDbEntity
  8
0
  6
Byblock
 62
     0
 60
     0
 48
1.0
370
    -2
100
AcDbCircle
 39
0.0
 10
0.0
 20
0.0
 30
0.0
 40
0.25
  0
LINE
  5
3237
330
3235
100
AcDbEntity
  8
0
  6
Byblock
 62
     0
 60
     0
 48
1.0
370
    -2
100
AcDbLine
 39
0.0
 10
0.25
 20
0.0
 30
0.0
 11
-0.25
 21
0.0
 31
0.0
  0
ATTDEF
  5
3238
330
3235
100
AcDbEntity
  8
Mleader
  6
Continuous
 62
     0
 60
     0
 48
1.0
370
    -1
100
AcDbText
 39
0.0
 10
-0.4687
 20
0.0208
 30
0.0
 40
0.0938
  1
VIEWNUMBER
  7
Standard
 72
     1
 11
0.0
 21
0.0208
100
AcDbAttributeDefinition
  3
Enter view number
  2
VIEWNUMBER
 70
     0
 73
     0
280
     0
  0
ATTDEF
  5
3239
330
3235
100
AcDbEntity
  8
Mleader
  6
Continuous
 62
     0
 60
     0
 48
1.0
370
    -1
100
AcDbText
 39
0.0
 10
-0.5
 20
-0.1562
 30
0.0
 40
0.0938
  1
SHEETNUMBER
  7
Standard
 72
     1
 11
0.0
 21
-0.1562
100
AcDbAttributeDefinition
  3
Enter sheet number
  2
SHEETNUMBER
 70
     0
 73
     0
280
     0
  0
ENDBLK
  5
323B
330
3235
100
AcDbEntity
  8
0
100
AcDbBlockEnd
  0
BLOCK
  5
CBC4
330
CBC3
100
AcDbEntity
  8
0
100
AcDbBlockBegin
  2
*D13
 70
     0
 10
0.0
 20
0.0
 30
0.0
  3
*D13
  1

  4

  0
LINE
  5
CBC6
330
CBC3
100
AcDbEntity
  8
Dim
  6
Continuous
 62
   256
 60
     0
 48
1.0
370
    -2
100
AcDbLine
 39
0.0
 10
144.7419
 20
286.705
 30
0.0
 11
144.7419
 21
288.1064
 31
0.0
  0
LINE
  5
CBC7
330
CBC3
100
AcDbEntity
  8
Dim
  6
Continuous
 62
   256
 60
     0
 48
1.0
370
    -2
100
AcDbLine
 39
0.0
 10
36.7419
 20
286.705
 30
0.0
 11
36.7419
 21
288.1064
 31
0.0
  0
LINE
  5
CBC8
330
CBC3
100
AcDbEntity
  8
Dim
  6
Continuous
 62
   256
 60
     0
 48
1.0
370
    -2
100
AcDbLine
 39
0.0
 10
144.8356
 20
283.6064
 30
0.0
 11
115.407
 21
283.6064
 31
0.0
  0
LINE
  5
CBC9
330
CBC3
100
AcDbEntity
  8
Dim
  6
Continuous
 62
   256
 60
     0
 48
1.0
370
    -2
100
AcDbLine
 39
0.0
 10
36.6481
 20
283.6064
 30
0.0
 11
66.0767
 21
283.6064
 31
0.0
  0
INSERT
  5
CBCA
330
CBC3
100
AcDbEntity
  8
Dim
  6
Continuous
 62
   256
 60
     0
 48
1.0
370
    -2
100
AcDbBlockReference
 66
     0
  2
_ArchTick
 10
144.7419
 20
283.6064
 30
0.0
 41
4.5
 42
4.5
 43
4.5
 50
0.0
 70
     0
 71
     0
 44
0.0
 45
0.0
210
0.0
220
0.0
230
1.0
  0
INSERT
  5
CBCB
330
CBC3
100
AcDbEntity
  8
Dim
  6
Continuous
 62
   256
 60
     0
 48
1.0
370
    -2
100
AcDbBlockReference
 66
     0
  2
_ArchTick
 10
36.7419
 20
283.6064
 30
0.0
 41
4.5
 42
4.5
 43
4.5
 50
180.0
 70
     0
 71
     0
 44
0.0
 45
0.0
210
0.0
220
0.0
230
1.0
  0
MTEXT
  5
CBCC
330
CBC3
100
AcDbEntity
  8
Dim
  6
Continuous
 62
   256
 60
     0
 48
1.0
370
    -1
100
AcDbMText
 10
90.7419
 20
283.6064
 30
0.0
210
0.0
220
0.0
230
1.0
 40
3.75
 41
0.0
 50
0.0
 71
     5
 72
     1
  1
\A1;9'-0" [2743]
  7
ROMANS
 11
1.0
 21
0.0
 31
0.0
 42
43.3304
 73
     1
 44
1.0
 90
        0
 75
     0
 78
     0
 79
     0
 48
0.0
 49
0.0
  0
POINT
  5
CBCD
330
CBC3
100
AcDbEntity
  8
DEFPOINTS
  6
Continuous
 62
     0
 60
     0
 48
1.0
370
    -1
100
AcDbPoint
 10
144.7419
 20
282.205
 30
0.0
 39
0.0
 50
0.0
  0
POINT
  5
CBCE
330
CBC3
100
AcDbEntity
  8
DEFPOINTS
  6
Continuous
 62
     0
 60
     0
 48
1.0
370
    -1
100
AcDbPoint
 10
36.7419
 20
282.205
 30
0.0
 39
0.0
 50
0.0
  0
POINT
  5
CBCF
330
CBC3
100
AcDbEntity
  8
DEFPOINTS
  6
Continuous
 62
     0
 60
     0
 48
1.0
370
    -1
100
AcDbPoint
 10
36.7419
 20
283.6064
 30
0.0
 39
0.0
 50
0.0
  0
ENDBLK
  5
CBC5
330
CBC3
100
AcDbEntity
  8
0
100
AcDbBlockEnd
  0
BLOCK
  5
CBD1
330
CBD0
100
AcDbEntity
  8
0
100
AcDbBlockBegin
  2
*D14
 70
     0
 10
0.0
 20
0.0
 30
0.0
  3
*D14
  1

  4

  0
LINE
  5
CBD3
330
CBD0
100
AcDbEntity
  8
Dim
  6
Continuous
 62
   256
 60
     0
 48
1.0
370
    -2
100
AcDbLine
 39
0.0
 10
144.7419
 20
268.4732
 30
0.0
 11
144.7419
 21
268.1649
 31
0.0
  0
LINE
  5
CBD4
330
CBD0
100
AcDbEntity
  8
Dim
  6
Continuous
 62
   256
 60
     0
 48
1.0
370
    -2
100
AcDbLine
 39
0.0
 10
40.7419
 20
268.4732
 30
0.0
 11
40.7419
 21
268.1649
 31
0.0
  0
LINE
  5
CBD5
330
CBD0
100
AcDbEntity
  8
Dim
  6
Continuous
 62
   256
 60
     0
 48
1.0
370
    -2
100
AcDbLine
 39
0.0
 10
144.8356
 20
272.6649
 30
0.0
 11
117.407
 21
272.6649
 31
0.0
  0
LINE
  5
CBD6
330
CBD0
100
AcDbEntity
  8
Dim
  6
Continuous
 62
   256
 60
     0
 48
1.0
370
    -2
100
AcDbLine
 39
0.0
 10
40.6481
 20
272.6649
 30
0.0
 11
68.0767
 21
272.6649
 31
0.0
  0
INSERT
  5
CBD7
330
CBD0
100
AcDbEntity
  8
Dim
  6
Continuous
 62
   256
 60
     0
 48
1.0
370
    -2
100
AcDbBlockReference
 66
     0
  2
_ArchTick
 10
144.7419
 20
272.6649
 30
0.0
 41
4.5
 42
4.5
 43
4.5
 50
0.0
 70
     0
 71
     0
 44
0.0
 45
0.0
210
0.0
220
0.0
230
1.0
  0
INSERT
  5
CBD8
330
CBD0
100
AcDbEntity
  8
Dim
  6
Continuous
 62
   256
 60
     0
 48
1.0
370
    -2
100
AcDbBlockReference
 66
     0
  2
_ArchTick
 10
40.7419
 20
272.6649
 30
0.0
 41
4.5
 42
4.5
 43
4.5
 50
180.0
 70
     0
 71
     0
 44
0.0
 45
0.0
210
0.0
220
0.0
230
1.0
  0
MTEXT
  5
CBD9
330
CBD0
100
AcDbEntity
  8
Dim
  6
Continuous
 62
   256
 60
     0
 48
1.0
370
    -1
100
AcDbMText
 10
92.7419
 20
272.6649
 30
0.0
210
0.0
220
0.0
230
1.0
 40
3.75
 41
0.0
 50
0.0
 71
     5
 72
     1
  1
\A1;8'-8" [2642]
  7
ROMANS
 11
1.0
 21
0.0
 31
0.0
 42
43.3304
 73
     1
 44
1.0
 90
        0
 75
     0
 78
     0
 79
     0
 48
0.0
 49
0.0
  0
POINT
  5
CBDA
330
CBD0
100
AcDbEntity
  8
DEFPOINTS
  6
Continuous
 62
     0
 60
     0
 48
1.0
370
    -1
100
AcDbPoint
 10
144.7419
 20
272.9732
 30
0.0
 39
0.0
 50
0.0
  0
POINT
  5
CBDB
330
CBD0
100
AcDbEntity
  8
DEFPOINTS
  6
Continuous
 62
     0
 60
     0
 48
1.0
370
    -1
100
AcDbPoint
 10
40.7419
 20
272.9732
 30
0.0
 39
0.0
 50
0.0
  0
POINT
  5
CBDC
330
CBD0
100
AcDbEntity
  8
DEFPOINTS
  6
Continuous
 62
     0
 60
     0
 48
1.0
370
    -1
100
AcDbPoint
 10
40.7419
 20
272.6649
 30
0.0
 39
0.0
 50
0.0
  0
ENDBLK
  5
CBD2
330
CBD0
100
AcDbEntity
  8
0
100
AcDbBlockEnd
  0
BLOCK
  5
CBDE
330
CBDD
100
AcDbEntity
  8
0
100
AcDbBlockBegin
  2
*D15
 70
     0
 10
0.0
 20
0.0
 30
0.0
  3
*D15
  1

  4

  0
LINE
  5
CBE0
330
CBDD
100
AcDbEntity
  8
Dim
  6
Continuous
 62
   256
 60
     0
 48
1.0
370
    -2
100
AcDbLine
 39
0.0
 10
40.7419
 20
272.6649
 30
0.0
 11
45.2419
 21
272.6649
 31
0.0
  0
LINE
  5
CBE1
330
CBDD
100
AcDbEntity
  8
Dim
  6
Continuous
 62
   256
 60
     0
 48
1.0
370
    -2
100
AcDbLine
 39
0.0
 10
36.7419
 20
272.6649
 30
0.0
 11
4.2865
 21
272.6649
 31
0.0
  0
INSERT
  5
CBE2
330
CBDD
100
AcDbEntity
  8
Dim
  6
Continuous
 62
   256
 60
     0
 48
1.0
370
    -2
100
AcDbBlockReference
 66
     0
  2
_ArchTick
 10
40.7419
 20
272.6649
 30
0.0
 41
4.5
 42
4.5
 43
4.5
 50
180.0
 70
     0
 71
     0
 44
0.0
 45
0.0
210
0.0
220
0.0
230
1.0
  0
INSERT
  5
CBE3
330
CBDD
100
AcDbEntity
  8
Dim
  6
Continuous
 62
   256
 60
     0
 48
1.0
370
    -2
100
AcDbBlockReference
 66
     0
  2
_ArchTick
 10
36.7419
 20
272.6649
 30
0.0
 41
4.5
 42
4.5
 43
4.5
 50
0.0
 70
     0
 71
     0
 44
0.0
 45
0.0
210
0.0
220
0.0
230
1.0
  0
MTEXT
  5
CBE4
330
CBDD
100
AcDbEntity
  8
Dim
  6
Continuous
 62
   256
 60
     0
 48
1.0
370
    -1
100
AcDbMText
 10
16.0142
 20
277.897
 30
0.0
210
0.0
220
0.0
230
1.0
 40
3.75
 41
0.0
 50
0.0
 71
     5
 72
     1
  1
\A1;0'-4"
  7
ROMANS
 11
1.0
 21
0.0
 31
0.0
 42
17.4554
 73
     1
 44
1.0
 90
        0
 75
     0
 78
     0
 79
     0
 48
0.0
 49
0.0
  0
MTEXT
  5
CBE5
330
CBDD
100
AcDbEntity
  8
Dim
  6
Continuous
 62
   256
 60
     0
 48
1.0
370
    -1
100
AcDbMText
 10
16.0142
 20
266.8077
 30
0.0
210
0.0
220
0.0
230
1.0
 40
3.75
 41
0.0
 50
0.0
 71
     5
 72
     1
  1
\A1;[102]
  7
ROMANS
 11
1.0
 21
0.0
 31
0.0
 42
16.2232
 73
     1
 44
1.0
 90
        0
 75
     0
 78
     0
 79
     0
 48
0.0
 49
0.0
  0
POINT
  5
CBE6
330
CBDD
100
AcDbEntity
  8
DEFPOINTS
  6
Continuous
 62
     0
 60
     0
 48
1.0
370
    -1
100
AcDbPoint
 10
40.7419
 20
272.6649
 30
0.0
 39
0.0
 50
0.0
  0
POINT
  5
CBE7
330
CBDD
100
AcDbEntity
  8
DEFPOINTS
  6
Continuous
 62
     0
 60
     0
 48
1.0
370
    -1
100
AcDbPoint
 10
36.7419
 20
272.6649
 30
0.0
 39
0.0
 50
0.0
  0
POINT
  5
CBE8
330
CBDD
100
AcDbEntity
  8
DEFPOINTS
  6
Continuous
 62
     0
 60
     0
 48
1.0
370
    -1
100
AcDbPoint
 10
36.7419
 20
272.6649
 30
0.0
 39
0.0
 50
0.0
  0
ENDBLK
  5
CBDF
330
CBDD
100
AcDbEntity
  8
0
100
AcDbBlockEnd
  0
BLOCK
  5
CBEA
330
CBE9
100
AcDbEntity
  8
0
100
AcDbBlockBegin
  2
*D16
 70
     0
 10
0.0
 20
0.0
 30
0.0
  3
*D16
  1

  4

  0
LINE
  5
CBEC
330
CBE9
100
AcDbEntity
  8
Dim
  6
Continuous
 62
   256
 60
     0
 48
1.0
370
    -2
100
AcDbLine
 39
0.0
 10
144.7419
 20
272.6649
 30
0.0
 11
140.2419
 21
272.6649
 31
0.0
  0
LINE
  5
CBED
330
CBE9
100
AcDbEntity
  8
Dim
  6
Continuous
 62
   256
 60
     0
 48
1.0
370
    -2
100
AcDbLine
 39
0.0
 10
156.7419
 20
272.6649
 30
0.0
 11
188.5811
 21
272.6649
 31
0.0
  0
INSERT
  5
CBEE
330
CBE9
100
AcDbEntity
  8
Dim
  6
Continuous
 62
   256
 60
     0
 48
1.0
370
    -2
100
AcDbBlockReference
 66
     0
  2
_ArchTick
 10
144.7419
 20
272.6649
 30
0.0
 41
4.5
 42
4.5
 43
4.5
 50
0.0
 70
     0
 71
     0
 44
0.0
 45
0.0
210
0.0
220
0.0
230
1.0
  0
INSERT
  5
CBEF
330
CBE9
100
AcDbEntity
  8
Dim
  6
Continuous
 62
   256
 60
     0
 48
1.0
370
    -2
100
AcDbBlockReference
 66
     0
  2
_ArchTick
 10
156.7419
 20
272.6649
 30
0.0
 41
4.5
 42
4.5
 43
4.5
 50
180.0
 70
     0
 71
     0
 44
0.0
 45
0.0
210
0.0
220
0.0
230
1.0
  0
MTEXT
  5
CBF0
330
CBE9
100
AcDbEntity
  8
Dim
  6
Continuous
 62
   256
 60
     0
 48
1.0
370
    -1
100
AcDbMText
 10
177.1615
 20
277.897
 30
0.0
210
0.0
220
0.0
230
1.0
 40
3.75
 41
0.0
 50
0.0
 71
     5
 72
     1
  1
\A1;1'-0"
  7
ROMANS
 11
1.0
 21
0.0
 31
0.0
 42
16.8393
 73
     1
 44
1.0
 90
        0
 75
     0
 78
     0
 79
     0
 48
0.0
 49
0.0
  0
MTEXT
  5
CBF1
330
CBE9
100
AcDbEntity
  8
Dim
  6
Continuous
 62
   256
 60
     0
 48
1.0
370
    -1
100
AcDbMText
 10
177.1615
 20
266.8077
 30
0.0
210
0.0
220
0.0
230
1.0
 40
3.75
 41
0.0
 50
0.0
 71
     5
 72
     1
  1
\A1;[305]
  7
ROMANS
 11
1.0
 21
0.0
 31
0.0
 42
16.2232
 73
     1
 44
1.0
 90
        0
 75
     0
 78
     0
 79
     0
 48
0.0
 49
0.0
  0
POINT
  5
CBF2
330
CBE9
100
AcDbEntity
  8
DEFPOINTS
  6
Continuous
 62
     0
 60
     0
 48
1.0
370
    -1
100
AcDbPoint
 10
144.7419
 20
272.6649
 30
0.0
 39
0.0
 50
0.0
  0
POINT
  5
CBF3
330
CBE9
100
AcDbEntity
  8
DEFPOINTS
  6
Continuous
 62
     0
 60
     0
 48
1.0
370
    -1
100
AcDbPoint
 10
156.7419
 20
272.6649
 30
0.0
 39
0.0
 50
0.0
  0
POINT
  5
CBF4
330
CBE9
100
AcDbEntity
  8
DEFPOINTS
  6
Continuous
 62
     0
 60
     0
 48
1.0
370
    -1
100
AcDbPoint
 10
156.7419
 20
272.6649
 30
0.0
 39
0.0
 50
0.0
  0
ENDBLK
  5
CBEB
330
CBE9
100
AcDbEntity
  8
0
100
AcDbBlockEnd
  0
BLOCK
  5
CBF6
330
CBF5
100
AcDbEntity
  8
0
100
AcDbBlockBegin
  2
*D17
 70
     0
 10
0.0
 20
0.0
 30
0.0
  3
*D17
  1

  4

  0
LINE
  5
CBF8
330
CBF5
100
AcDbEntity
  8
Dim
  6
Continuous
 62
   256
 60
     0
 48
1.0
370
    -2
100
AcDbLine
 39
0.0
 10
36.7419
 20
75.1885
 30
0.0
 11
36.7419
 21
58.9349
 31
0.0
  0
LINE
  5
CBF9
330
CBF5
100
AcDbEntity
  8
Dim
  6
Continuous
 62
   256
 60
     0
 48
1.0
370
    -2
100
AcDbLine
 39
0.0
 10
144.7419
 20
75.1885
 30
0.0
 11
144.7419
 21
58.9349
 31
0.0
  0
LINE
  5
CBFA
330
CBF5
100
AcDbEntity
  8
Dim
  6
Continuous
 62
   256
 60
     0
 48
1.0
370
    -2
100
AcDbLine
 39
0.0
 10
36.6481
 20
63.4349
 30
0.0
 11
66.0767
 21
63.4349
 31
0.0
  0
LINE
  5
CBFB
330
CBF5
100
AcDbEntity
  8
Dim
  6
Continuous
 62
   256
 60
     0
 48
1.0
370
    -2
100
AcDbLine
 39
0.0
 10
144.8356
 20
63.4349
 30
0.0
 11
115.407
 21
63.4349
 31
0.0
  0
INSERT
  5
CBFC
330
CBF5
100
AcDbEntity
  8
Dim
  6
Continuous
 62
   256
 60
     0
 48
1.0
370
    -2
100
AcDbBlockReference
 66
     0
  2
_ArchTick
 10
36.7419
 20
63.4349
 30
0.0
 41
4.5
 42
4.5
 43
4.5
 50
180.0
 70
     0
 71
     0
 44
0.0
 45
0.0
210
0.0
220
0.0
230
1.0
  0
INSERT
  5
CBFD
330
CBF5
100
AcDbEntity
  8
Dim
  6
Continuous
 62
   256
 60
     0
 48
1.0
370
    -2
100
AcDbBlockReference
 66
     0
  2
_ArchTick
 10
144.7419
 20
63.4349
 30
0.0
 41
4.5
 42
4.5
 43
4.5
 50
0.0
 70
     0
 71
     0
 44
0.0
 45
0.0
210
0.0
220
0.0
230
1.0
  0
MTEXT
  5
CBFE
330
CBF5
100
AcDbEntity
  8
Dim
  6
Continuous
 62
   256
 60
     0
 48
1.0
370
    -1
100
AcDbMText
 10
90.7419
 20
63.4349
 30
0.0
210
0.0
220
0.0
230
1.0
 40
3.75
 41
0.0
 50
0.0
 71
     5
 72
     1
  1
\A1;9'-0" [2743]
  7
ROMANS
 11
1.0
 21
0.0
 31
0.0
 42
43.3304
 73
     1
 44
1.0
 90
        0
 75
     0
 78
     0
 79
     0
 48
0.0
 49
0.0
  0
POINT
  5
CBFF
330
CBF5
100
AcDbEntity
  8
DEFPOINTS
  6
Continuous
 62
     0
 60
     0
 48
1.0
370
    -1
100
AcDbPoint
 10
36.7419
 20
79.6885
 30
0.0
 39
0.0
 50
0.0
  0
POINT
  5
CC00
330
CBF5
100
AcDbEntity
  8
DEFPOINTS
  6
Continuous
 62
     0
 60
     0
 48
1.0
370
    -1
100
AcDbPoint
 10
144.7419
 20
79.6885
 30
0.0
 39
0.0
 50
0.0
  0
POINT
  5
CC01
330
CBF5
100
AcDbEntity
  8
DEFPOINTS
  6
Continuous
 62
     0
 60
     0
 48
1.0
370
    -1
100
AcDbPoint
 10
144.7419
 20
63.4349
 30
0.0
 39
0.0
 50
0.0
  0
ENDBLK
  5
CBF7
330
CBF5
100
AcDbEntity
  8
0
100
AcDbBlockEnd
  0
BLOCK
  5
CC03
330
CC02
100
AcDbEntity
  8
0
100
AcDbBlockBegin
  2
*D18
 70
     0
 10
0.0
 20
0.0
 30
0.0
  3
*D18
  1

  4

  0
LINE
  5
CC05
330
CC02
100
AcDbEntity
  8
Dim
  6
Continuous
 62
   256
 60
     0
 48
1.0
370
    -2
100
AcDbLine
 39
0.0
 10
534.7412
 20
221.5219
 30
0.0
 11
534.7412
 21
309.7921
 31
0.0
  0
LINE
  5
CC06
330
CC02
100
AcDbEntity
  8
Dim
  6
Continuous
 62
   256
 60
     0
 48
1.0
370
    -2
100
AcDbLine
 39
0.0
 10
590.7412
 20
221.5219
 30
0.0
 11
590.7412
 21
309.7921
 31
0.0
  0
LINE
  5
CC07
330
CC02
100
AcDbEntity
  8
Dim
  6
Continuous
 62
   256
 60
     0
 48
1.0
370
    -2
100
AcDbLine
 39
0.0
 10
534.6475
 20
305.2921
 30
0.0
 11
590.835
 21
305.2921
 31
0.0
  0
INSERT
  5
CC08
330
CC02
100
AcDbEntity
  8
Dim
  6
Continuous
 62
   256
 60
     0
 48
1.0
370
    -2
100
AcDbBlockReference
 66
     0
  2
_ArchTick
 10
534.7412
 20
305.2921
 30
0.0
 41
4.5
 42
4.5
 43
4.5
 50
180.0
 70
     0
 71
     0
 44
0.0
 45
0.0
210
0.0
220
0.0
230
1.0
  0
INSERT
  5
CC09
330
CC02
100
AcDbEntity
  8
Dim
  6
Continuous
 62
   256
 60
     0
 48
1.0
370
    -2
100
AcDbBlockReference
 66
     0
  2
_ArchTick
 10
590.7412
 20
305.2921
 30
0.0
 41
4.5
 42
4.5
 43
4.5
 50
0.0
 70
     0
 71
     0
 44
0.0
 45
0.0
210
0.0
220
0.0
230
1.0
  0
MTEXT
  5
CC0A
330
CC02
100
AcDbEntity
  8
Dim
  6
Continuous
 62
   256
 60
     0
 48
1.0
370
    -1
100
AcDbMText
 10
565.2101
 20
305.2921
 30
0.0
210
0.0
220
0.0
230
1.0
 40
3.75
 41
0.0
 50
0.0
 71
     5
 72
     1
  1
\A1;4'-8"\P [1422]
  7
ROMANS
 11
1.0
 21
0.0
 31
0.0
 42
25.4643
 73
     1
 44
1.0
 90
        0
 75
     0
 78
     0
 79
     0
 48
0.0
 49
0.0
  0
POINT
  5
CC0B
330
CC02
100
AcDbEntity
  8
DEFPOINTS
  6
Continuous
 62
     0
 60
     0
 48
1.0
370
    -1
100
AcDbPoint
 10
534.7412
 20
217.0219
 30
0.0
 39
0.0
 50
0.0
  0
POINT
  5
CC0C
330
CC02
100
AcDbEntity
  8
DEFPOINTS
  6
Continuous
 62
     0
 60
     0
 48
1.0
370
    -1
100
AcDbPoint
 10
590.7412
 20
217.0219
 30
0.0
 39
0.0
 50
0.0
  0
POINT
  5
CC0D
330
CC02
100
AcDbEntity
  8
DEFPOINTS
  6
Continuous
 62
     0
 60
     0
 48
1.0
370
    -1
100
AcDbPoint
 10
590.7412
 20
305.2921
 30
0.0
 39
0.0
 50
0.0
  0
ENDBLK
  5
CC04
330
CC02
100
AcDbEntity
  8
0
100
AcDbBlockEnd
  0
BLOCK
  5
CC0F
330
CC0E
100
AcDbEntity
  8
0
100
AcDbBlockBegin
  2
*D19
 70
     0
 10
0.0
 20
0.0
 30
0.0
  3
*D19
  1

  4

  0
LINE
  5
CC11
330
CC0E
100
AcDbEntity
  8
Dim
  6
Continuous
 62
   256
 60
     0
 48
1.0
370
    -2
100
AcDbLine
 39
0.0
 10
599.2412
 20
103.6885
 30
0.0
 11
618.2378
 21
103.6885
 31
0.0
  0
LINE
  5
CC12
330
CC0E
100
AcDbEntity
  8
Dim
  6
Continuous
 62
   256
 60
     0
 48
1.0
370
    -2
100
AcDbLine
 39
0.0
 10
596.5212
 20
174.1885
 30
0.0
 11
618.2378
 21
174.1885
 31
0.0
  0
LINE
  5
CC13
330
CC0E
100
AcDbEntity
  8
Dim
  6
Continuous
 62
   256
 60
     0
 48
1.0
370
    -2
100
AcDbLine
 39
0.0
 10
613.7378
 20
103.5948
 30
0.0
 11
613.7378
 21
174.2823
 31
0.0
  0
INSERT
  5
CC14
330
CC0E
100
AcDbEntity
  8
Dim
  6
Continuous
 62
   256
 60
     0
 48
1.0
370
    -2
100
AcDbBlockReference
 66
     0
  2
_ArchTick
 10
613.7378
 20
103.6885
 30
0.0
 41
4.5
 42
4.5
 43
4.5
 50
270.0
 70
     0
 71
     0
 44
0.0
 45
0.0
210
0.0
220
0.0
230
1.0
  0
INSERT
  5
CC15
330
CC0E
100
AcDbEntity
  8
Dim
  6
Continuous
 62
   256
 60
     0
 48
1.0
370
    -2
100
AcDbBlockReference
 66
     0
  2
_ArchTick
 10
613.7378
 20
174.1885
 30
0.0
 41
4.5
 42
4.5
 43
4.5
 50
90.0
 70
     0
 71
     0
 44
0.0
 45
0.0
210
0.0
220
0.0
230
1.0
  0
MTEXT
  5
CC16
330
CC0E
100
AcDbEntity
  8
Dim
  6
Continuous
 62
   256
 60
     0
 48
1.0
370
    -1
100
AcDbMText
 10
613.7378
 20
139.2477
 30
0.0
210
0.0
220
0.0
230
1.0
 40
3.75
 41
0.0
 50
0.0
 71
     5
 72
     1
  1
\A1;5'-10 1/2"\P [1791]
  7
ROMANS
 11
0.0
 21
1.0
 31
0.0
 42
38.6071
 73
     1
 44
1.0
 90
        0
 75
     0
 78
     0
 79
     0
 48
0.0
 49
0.0
  0
POINT
  5
CC17
330
CC0E
100
AcDbEntity
  8
DEFPOINTS
  6
Continuous
 62
     0
 60
     0
 48
1.0
370
    -1
100
AcDbPoint
 10
594.7412
 20
103.6885
 30
0.0
 39
0.0
 50
0.0
  0
POINT
  5
CC18
330
CC0E
100
AcDbEntity
  8
DEFPOINTS
  6
Continuous
 62
     0
 60
     0
 48
1.0
370
    -1
100
AcDbPoint
 10
592.0212
 20
174.1885
 30
0.0
 39
0.0
 50
0.0
  0
POINT
  5
CC19
330
CC0E
100
AcDbEntity
  8
DEFPOINTS
  6
Continuous
 62
     0
 60
     0
 48
1.0
370
    -1
100
AcDbPoint
 10
613.7378
 20
174.1885
 30
0.0
 39
0.0
 50
0.0
  0
ENDBLK
  5
CC10
330
CC0E
100
AcDbEntity
  8
0
100
AcDbBlockEnd
  0
BLOCK
  5
CC1B
330
CC1A
100
AcDbEntity
  8
0
100
AcDbBlockBegin
  2
*D20
 70
     0
 10
0.0
 20
0.0
 30
0.0
  3
*D20
  1

  4

  0
LINE
  5
CC1D
330
CC1A
100
AcDbEntity
  8
Dim
  6
Continuous
 62
   256
 60
     0
 48
1.0
370
    -2
100
AcDbLine
 39
0.0
 10
322.7412
 20
44.5043
 30
0.0
 11
322.7412
 21
41.5777
 31
0.0
  0
LINE
  5
CC1E
330
CC1A
100
AcDbEntity
  8
Dim
  6
Continuous
 62
   256
 60
     0
 48
1.0
370
    -2
100
AcDbLine
 39
0.0
 10
594.7412
 20
44.5043
 30
0.0
 11
594.7412
 21
41.5777
 31
0.0
  0
LINE
  5
CC1F
330
CC1A
100
AcDbEntity
  8
Dim
  6
Continuous
 62
   256
 60
     0
 48
1.0
370
    -2
100
AcDbLine
 39
0.0
 10
322.6475
 20
46.0777
 30
0.0
 11
432.0225
 21
46.0777
 31
0.0
  0
LINE
  5
CC20
330
CC1A
100
AcDbEntity
  8
Dim
  6
Continuous
 62
   256
 60
     0
 48
1.0
370
    -2
100
AcDbLine
 39
0.0
 10
594.835
 20
46.0777
 30
0.0
 11
485.46
 21
46.0777
 31
0.0
  0
INSERT
  5
CC21
330
CC1A
100
AcDbEntity
  8
Dim
  6
Continuous
 62
   256
 60
     0
 48
1.0
370
    -2
100
AcDbBlockReference
 66
     0
  2
_ArchTick
 10
322.7412
 20
46.0777
 30
0.0
 41
4.5
 42
4.5
 43
4.5
 50
180.0
 70
     0
 71
     0
 44
0.0
 45
0.0
210
0.0
220
0.0
230
1.0
  0
INSERT
  5
CC22
330
CC1A
100
AcDbEntity
  8
Dim
  6
Continuous
 62
   256
 60
     0
 48
1.0
370
    -2
100
AcDbBlockReference
 66
     0
  2
_ArchTick
 10
594.7412
 20
46.0777
 30
0.0
 41
4.5
 42
4.5
 43
4.5
 50
0.0
 70
     0
 71
     0
 44
0.0
 45
0.0
210
0.0
220
0.0
230
1.0
  0
MTEXT
  5
CC23
330
CC1A
100
AcDbEntity
  8
Dim
  6
Continuous
 62
   256
 60
     0
 48
1.0
370
    -1
100
AcDbMText
 10
458.7412
 20
46.0777
 30
0.0
210
0.0
220
0.0
230
1.0
 40
3.75
 41
0.0
 50
0.0
 71
     5
 72
     1
  1
\A1;22'-8" [6909]
  7
ROMANS
 11
1.0
 21
0.0
 31
0.0
 42
47.4375
 73
     1
 44
1.0
 90
        0
 75
     0
 78
     0
 79
     0
 48
0.0
 49
0.0
  0
POINT
  5
CC24
330
CC1A
100
AcDbEntity
  8
DEFPOINTS
  6
Continuous
 62
     0
 60
     0
 48
1.0
370
    -1
100
AcDbPoint
 10
322.7412
 20
49.0043
 30
0.0
 39
0.0
 50
0.0
  0
POINT
  5
CC25
330
CC1A
100
AcDbEntity
  8
DEFPOINTS
  6
Continuous
 62
     0
 60
     0
 48
1.0
370
    -1
100
AcDbPoint
 10
594.7412
 20
49.0043
 30
0.0
 39
0.0
 50
0.0
  0
POINT
  5
CC26
330
CC1A
100
AcDbEntity
  8
DEFPOINTS
  6
Continuous
 62
     0
 60
     0
 48
1.0
370
    -1
100
AcDbPoint
 10
594.7412
 20
46.0777
 30
0.0
 39
0.0
 50
0.0
  0
ENDBLK
  5
CC1C
330
CC1A
100
AcDbEntity
  8
0
100
AcDbBlockEnd
  0
BLOCK
  5
CC28
330
CC27
100
AcDbEntity
  8
0
100
AcDbBlockBegin
  2
*D21
 70
     0
 10
0.0
 20
0.0
 30
0.0
  3
*D21
  1

  4

  0
LINE
  5
CC2A
330
CC27
100
AcDbEntity
  8
Dim
  6
Continuous
 62
   256
 60
     0
 48
1.0
370
    -2
100
AcDbLine
 39
0.0
 10
594.7412
 20
60.7603
 30
0.0
 11
594.7412
 21
62.6489
 31
0.0
  0
LINE
  5
CC2B
330
CC27
100
AcDbEntity
  8
Dim
  6
Continuous
 62
   256
 60
     0
 48
1.0
370
    -2
100
AcDbLine
 39
0.0
 10
534.7412
 20
99.1885
 30
0.0
 11
534.7412
 21
53.6489
 31
0.0
  0
LINE
  5
CC2C
330
CC27
100
AcDbEntity
  8
Dim
  6
Continuous
 62
   256
 60
     0
 48
1.0
370
    -2
100
AcDbLine
 39
0.0
 10
594.835
 20
58.1489
 30
0.0
 11
589.4064
 21
58.1489
 31
0.0
  0
LINE
  5
CC2D
330
CC27
100
AcDbEntity
  8
Dim
  6
Continuous
 62
   256
 60
     0
 48
1.0
370
    -2
100
AcDbLine
 39
0.0
 10
534.6475
 20
58.1489
 30
0.0
 11
540.0761
 21
58.1489
 31
0.0
  0
INSERT
  5
CC2E
330
CC27
100
AcDbEntity
  8
Dim
  6
Continuous
 62
   256
 60
     0
 48
1.0
370
    -2
100
AcDbBlockReference
 66
     0
  2
_ArchTick
 10
594.7412
 20
58.1489
 30
0.0
 41
4.5
 42
4.5
 43
4.5
 50
0.0
 70
     0
 71
     0
 44
0.0
 45
0.0
210
0.0
220
0.0
230
1.0
  0
INSERT
  5
CC2F
330
CC27
100
AcDbEntity
  8
Dim
  6
Continuous
 62
   256
 60
     0
 48
1.0
370
    -2
100
AcDbBlockReference
 66
     0
  2
_ArchTick
 10
534.7412
 20
58.1489
 30
0.0
 41
4.5
 42
4.5
 43
4.5
 50
180.0
 70
     0
 71
     0
 44
0.0
 45
0.0
210
0.0
220
0.0
230
1.0
  0
MTEXT
  5
CC30
330
CC27
100
AcDbEntity
  8
Dim
  6
Continuous
 62
   256
 60
     0
 48
1.0
370
    -1
100
AcDbMText
 10
564.7412
 20
58.1489
 30
0.0
210
0.0
220
0.0
230
1.0
 40
3.75
 41
0.0
 50
0.0
 71
     5
 72
     1
  1
\A1;5'-0" [1524]
  7
ROMANS
 11
1.0
 21
0.0
 31
0.0
 42
43.3304
 73
     1
 44
1.0
 90
        0
 75
     0
 78
     0
 79
     0
 48
0.0
 49
0.0
  0
POINT
  5
CC31
330
CC27
100
AcDbEntity
  8
DEFPOINTS
  6
Continuous
 62
     0
 60
     0
 48
1.0
370
    -1
100
AcDbPoint
 10
594.7412
 20
56.2603
 30
0.0
 39
0.0
 50
0.0
  0
POINT
  5
CC32
330
CC27
100
AcDbEntity
  8
DEFPOINTS
  6
Continuous
 62
     0
 60
     0
 48
1.0
370
    -1
100
AcDbPoint
 10
534.7412
 20
103.6885
 30
0.0
 39
0.0
 50
0.0
  0
POINT
  5
CC33
330
CC27
100
AcDbEntity
  8
DEFPOINTS
  6
Continuous
 62
     0
 60
     0
 48
1.0
370
    -1
100
AcDbPoint
 10
534.7412
 20
58.1489
 30
0.0
 39
0.0
 50
0.0
  0
ENDBLK
  5
CC29
330
CC27
100
AcDbEntity
  8
0
100
AcDbBlockEnd
  0
BLOCK
  5
CC38
330
CC37
100
AcDbEntity
  8
0
100
AcDbBlockBegin
  2
*D22
 70
     0
 10
0.0
 20
0.0
 30
0.0
  3
*D22
  1

  4

  0
LINE
  5
CC3A
330
CC37
100
AcDbEntity
  8
Dim
  6
Continuous
 62
   256
 60
     0
 48
1.0
370
    -2
100
AcDbLine
 39
0.0
 10
534.7412
 20
190.7185
 30
0.0
 11
534.7412
 21
217.9589
 31
0.0
  0
LINE
  5
CC3B
330
CC37
100
AcDbEntity
  8
Dim
  6
Continuous
 62
   256
 60
     0
 48
1.0
370
    -2
100
AcDbLine
 39
0.0
 10
533.4612
 20
190.7185
 30
0.0
 11
533.4612
 21
217.9589
 31
0.0
  0
LINE
  5
CC3C
330
CC37
100
AcDbEntity
  8
Dim
  6
Continuous
 62
   256
 60
     0
 48
1.0
370
    -2
100
AcDbLine
 39
0.0
 10
534.7412
 20
215.7089
 30
0.0
 11
536.9912
 21
215.7089
 31
0.0
  0
LINE
  5
CC3D
330
CC37
100
AcDbEntity
  8
Dim
  6
Continuous
 62
   256
 60
     0
 48
1.0
370
    -2
100
AcDbLine
 39
0.0
 10
533.4612
 20
215.7089
 30
0.0
 11
514.7744
 21
215.7089
 31
0.0
  0
INSERT
  5
CC3E
330
CC37
100
AcDbEntity
  8
Dim
  6
Continuous
 62
   256
 60
     0
 48
1.0
370
    -2
100
AcDbBlockReference
 66
     0
  2
_ArchTick
 10
534.7412
 20
215.7089
 30
0.0
 41
2.25
 42
2.25
 43
2.25
 50
180.0
 70
     0
 71
     0
 44
0.0
 45
0.0
210
0.0
220
0.0
230
1.0
  0
INSERT
  5
CC3F
330
CC37
100
AcDbEntity
  8
Dim
  6
Continuous
 62
   256
 60
     0
 48
1.0
370
    -2
100
AcDbBlockReference
 66
     0
  2
_ArchTick
 10
533.4612
 20
215.7089
 30
0.0
 41
2.25
 42
2.25
 43
2.25
 50
0.0
 70
     0
 71
     0
 44
0.0
 45
0.0
210
0.0
220
0.0
230
1.0
  0
MTEXT
  5
CC40
330
CC37
100
AcDbEntity
  8
Dim
  6
Continuous
 62
   256
 60
     0
 48
1.0
370
    -1
100
AcDbMText
 10
519.5909
 20
220.4813
 30
0.0
210
0.0
220
0.0
230
1.0
 40
1.875
 41
0.0
 50
0.0
 71
     5
 72
     1
  1
\A1;\A1;1-{\H0.7x;\S1/4;}"\P[33]
  7
ROMANS
 11
1.0
 21
0.0
 31
0.0
 42
6.633
 73
     1
 44
1.0
 90
        0
 75
     0
 78
     0
 79
     0
 48
0.0
 49
0.0
  0
POINT
  5
CC41
330
CC37
100
AcDbEntity
  8
DEFPOINTS
  6
Continuous
 62
     0
 60
     0
 48
1.0
370
    -1
100
AcDbPoint
 10
534.7412
 20
188.4685
 30
0.0
 39
0.0
 50
0.0
  0
POINT
  5
CC42
330
CC37
100
AcDbEntity
  8
DEFPOINTS
  6
Continuous
 62
     0
 60
     0
 48
1.0
370
    -1
100
AcDbPoint
 10
533.4612
 20
188.4685
 30
0.0
 39
0.0
 50
0.0
  0
POINT
  5
CC43
330
CC37
100
AcDbEntity
  8
DEFPOINTS
  6
Continuous
 62
     0
 60
     0
 48
1.0
370
    -1
100
AcDbPoint
 10
533.4612
 20
215.7089
 30
0.0
 39
0.0
 50
0.0
  0
ENDBLK
  5
CC39
330
CC37
100
AcDbEntity
  8
0
100
AcDbBlockEnd
  0
BLOCK
  5
CC45
330
CC44
100
AcDbEntity
  8
0
100
AcDbBlockBegin
  2
*D23
 70
     0
 10
0.0
 20
0.0
 30
0.0
  3
*D23
  1

  4

  0
LINE
  5
CC47
330
CC44
100
AcDbEntity
  8
Dim
  6
Continuous
 62
   256
 60
     0
 48
1.0
370
    -2
100
AcDbLine
 39
0.0
 10
599.2413
 20
493.6885
 30
0.0
 11
629.3026
 21
493.6885
 31
0.0
  0
LINE
  5
CC48
330
CC44
100
AcDbEntity
  8
Dim
  6
Continuous
 62
   256
 60
     0
 48
1.0
370
    -2
100
AcDbLine
 39
0.0
 10
599.2413
 20
103.6885
 30
0.0
 11
629.3026
 21
103.6885
 31
0.0
  0
LINE
  5
CC49
330
CC44
100
AcDbEntity
  8
Dim
  6
Continuous
 62
   256
 60
     0
 48
1.0
370
    -2
100
AcDbLine
 39
0.0
 10
624.8026
 20
493.7823
 30
0.0
 11
624.8026
 21
325.4073
 31
0.0
  0
LINE
  5
CC4A
330
CC44
100
AcDbEntity
  8
Dim
  6
Continuous
 62
   256
 60
     0
 48
1.0
370
    -2
100
AcDbLine
 39
0.0
 10
624.8026
 20
103.5948
 30
0.0
 11
624.8026
 21
271.9698
 31
0.0
  0
INSERT
  5
CC4B
330
CC44
100
AcDbEntity
  8
Dim
  6
Continuous
 62
   256
 60
     0
 48
1.0
370
    -2
100
AcDbBlockReference
 66
     0
  2
_ArchTick
 10
624.8026
 20
493.6885
 30
0.0
 41
4.5
 42
4.5
 43
4.5
 50
90.0
 70
     0
 71
     0
 44
0.0
 45
0.0
210
0.0
220
0.0
230
1.0
  0
INSERT
  5
CC4C
330
CC44
100
AcDbEntity
  8
Dim
  6
Continuous
 62
   256
 60
     0
 48
1.0
370
    -2
100
AcDbBlockReference
 66
     0
  2
_ArchTick
 10
624.8026
 20
103.6885
 30
0.0
 41
4.5
 42
4.5
 43
4.5
 50
270.0
 70
     0
 71
     0
 44
0.0
 45
0.0
210
0.0
220
0.0
230
1.0
  0
MTEXT
  5
CC4D
330
CC44
100
AcDbEntity
  8
Dim
  6
Continuous
 62
   256
 60
     0
 48
1.0
370
    -1
100
AcDbMText
 10
624.8026
 20
298.6885
 30
0.0
210
0.0
220
0.0
230
1.0
 40
3.75
 41
0.0
 50
0.0
 71
     5
 72
     1
  1
\A1;32'-6" [9906]
  7
ROMANS
 11
0.0
 21
1.0
 31
0.0
 42
47.4375
 73
     1
 44
1.0
 90
        0
 75
     0
 78
     0
 79
     0
 48
0.0
 49
0.0
  0
POINT
  5
CC4E
330
CC44
100
AcDbEntity
  8
DEFPOINTS
  6
Continuous
 62
     0
 60
     0
 48
1.0
370
    -1
100
AcDbPoint
 10
594.7413
 20
493.6885
 30
0.0
 39
0.0
 50
0.0
  0
POINT
  5
CC4F
330
CC44
100
AcDbEntity
  8
DEFPOINTS
  6
Continuous
 62
     0
 60
     0
 48
1.0
370
    -1
100
AcDbPoint
 10
594.7413
 20
103.6885
 30
0.0
 39
0.0
 50
0.0
  0
POINT
  5
CC50
330
CC44
100
AcDbEntity
  8
DEFPOINTS
  6
Continuous
 62
     0
 60
     0
 48
1.0
370
    -1
100
AcDbPoint
 10
624.8026
 20
103.6885
 30
0.0
 39
0.0
 50
0.0
  0
ENDBLK
  5
CC46
330
CC44
100
AcDbEntity
  8
0
100
AcDbBlockEnd
  0
BLOCK
  5
CC52
330
CC51
100
AcDbEntity
  8
0
100
AcDbBlockBegin
  2
*D24
 70
     0
 10
0.0
 20
0.0
 30
0.0
  3
*D24
  1

  4

  0
LINE
  5
CC54
330
CC51
100
AcDbEntity
  8
Dim
  6
Continuous
 62
   256
 60
     0
 48
1.0
370
    -2
100
AcDbLine
 39
0.0
 10
318.2412
 20
103.6885
 30
0.0
 11
299.7139
 21
103.6885
 31
0.0
  0
LINE
  5
CC55
330
CC51
100
AcDbEntity
  8
Dim
  6
Continuous
 62
   256
 60
     0
 48
1.0
370
    -2
100
AcDbLine
 39
0.0
 10
318.2412
 20
244.6885
 30
0.0
 11
299.7139
 21
244.6885
 31
0.0
  0
LINE
  5
CC56
330
CC51
100
AcDbEntity
  8
Dim
  6
Continuous
 62
   256
 60
     0
 48
1.0
370
    -2
100
AcDbLine
 39
0.0
 10
304.2139
 20
103.5948
 30
0.0
 11
304.2139
 21
147.7778
 31
0.0
  0
LINE
  5
CC57
330
CC51
100
AcDbEntity
  8
Dim
  6
Continuous
 62
   256
 60
     0
 48
1.0
370
    -2
100
AcDbLine
 39
0.0
 10
304.2139
 20
244.7823
 30
0.0
 11
304.2139
 21
200.5992
 31
0.0
  0
INSERT
  5
CC58
330
CC51
100
AcDbEntity
  8
Dim
  6
Continuous
 62
   256
 60
     0
 48
1.0
370
    -2
100
AcDbBlockReference
 66
     0
  2
_ArchTick
 10
304.2139
 20
103.6885
 30
0.0
 41
4.5
 42
4.5
 43
4.5
 50
270.0
 70
     0
 71
     0
 44
0.0
 45
0.0
210
0.0
220
0.0
230
1.0
  0
INSERT
  5
CC59
330
CC51
100
AcDbEntity
  8
Dim
  6
Continuous
 62
   256
 60
     0
 48
1.0
370
    -2
100
AcDbBlockReference
 66
     0
  2
_ArchTick
 10
304.2139
 20
244.6885
 30
0.0
 41
4.5
 42
4.5
 43
4.5
 50
90.0
 70
     0
 71
     0
 44
0.0
 45
0.0
210
0.0
220
0.0
230
1.0
  0
MTEXT
  5
CC5A
330
CC51
100
AcDbEntity
  8
Dim
  6
Continuous
 62
   256
 60
     0
 48
1.0
370
    -1
100
AcDbMText
 10
304.2139
 20
174.1885
 30
0.0
210
0.0
220
0.0
230
1.0
 40
3.75
 41
0.0
 50
0.0
 71
     5
 72
     1
  1
\A1;11'-9" [3581]
  7
ROMANS
 11
0.0
 21
1.0
 31
0.0
 42
46.8214
 73
     1
 44
1.0
 90
        0
 75
     0
 78
     0
 79
     0
 48
0.0
 49
0.0
  0
POINT
  5
CC5B
330
CC51
100
AcDbEntity
  8
DEFPOINTS
  6
Continuous
 62
     0
 60
     0
 48
1.0
370
    -1
100
AcDbPoint
 10
322.7412
 20
103.6885
 30
0.0
 39
0.0
 50
0.0
  0
POINT
  5
CC5C
330
CC51
100
AcDbEntity
  8
DEFPOINTS
  6
Continuous
 62
     0
 60
     0
 48
1.0
370
    -1
100
AcDbPoint
 10
322.7412
 20
244.6885
 30
0.0
 39
0.0
 50
0.0
  0
POINT
  5
CC5D
330
CC51
100
AcDbEntity
  8
DEFPOINTS
  6
Continuous
 62
     0
 60
     0
 48
1.0
370
    -1
100
AcDbPoint
 10
304.2139
 20
244.6885
 30
0.0
 39
0.0
 50
0.0
  0
ENDBLK
  5
CC53
330
CC51
100
AcDbEntity
  8
0
100
AcDbBlockEnd
  0
BLOCK
  5
CC5F
330
CC5E
100
AcDbEntity
  8
0
100
AcDbBlockBegin
  2
*D25
 70
     0
 10
0.0
 20
0.0
 30
0.0
  3
*D25
  1

  4

  0
LINE
  5
CC61
330
CC5E
100
AcDbEntity
  8
Dim
  6
Continuous
 62
   256
 60
     0
 48
1.0
370
    -2
100
AcDbLine
 39
0.0
 10
318.2412
 20
493.6885
 30
0.0
 11
299.7139
 21
493.6885
 31
0.0
  0
LINE
  5
CC62
330
CC5E
100
AcDbEntity
  8
Dim
  6
Continuous
 62
   256
 60
     0
 48
1.0
370
    -2
100
AcDbLine
 39
0.0
 10
304.2139
 20
244.5948
 30
0.0
 11
304.2139
 21
342.4698
 31
0.0
  0
LINE
  5
CC63
330
CC5E
100
AcDbEntity
  8
Dim
  6
Continuous
 62
   256
 60
     0
 48
1.0
370
    -2
100
AcDbLine
 39
0.0
 10
304.2139
 20
493.7823
 30
0.0
 11
304.2139
 21
395.9073
 31
0.0
  0
INSERT
  5
CC64
330
CC5E
100
AcDbEntity
  8
Dim
  6
Continuous
 62
   256
 60
     0
 48
1.0
370
    -2
100
AcDbBlockReference
 66
     0
  2
_ArchTick
 10
304.2139
 20
244.6885
 30
0.0
 41
4.5
 42
4.5
 43
4.5
 50
270.0
 70
     0
 71
     0
 44
0.0
 45
0.0
210
0.0
220
0.0
230
1.0
  0
INSERT
  5
CC65
330
CC5E
100
AcDbEntity
  8
Dim
  6
Continuous
 62
   256
 60
     0
 48
1.0
370
    -2
100
AcDbBlockReference
 66
     0
  2
_ArchTick
 10
304.2139
 20
493.6885
 30
0.0
 41
4.5
 42
4.5
 43
4.5
 50
90.0
 70
     0
 71
     0
 44
0.0
 45
0.0
210
0.0
220
0.0
230
1.0
  0
MTEXT
  5
CC66
330
CC5E
100
AcDbEntity
  8
Dim
  6
Continuous
 62
   256
 60
     0
 48
1.0
370
    -1
100
AcDbMText
 10
304.2139
 20
369.1885
 30
0.0
210
0.0
220
0.0
230
1.0
 40
3.75
 41
0.0
 50
0.0
 71
     5
 72
     1
  1
\A1;20'-9" [6325]
  7
ROMANS
 11
0.0
 21
1.0
 31
0.0
 42
47.4375
 73
     1
 44
1.0
 90
        0
 75
     0
 78
     0
 79
     0
 48
0.0
 49
0.0
  0
POINT
  5
CC67
330
CC5E
100
AcDbEntity
  8
DEFPOINTS
  6
Continuous
 62
     0
 60
     0
 48
1.0
370
    -1
100
AcDbPoint
 10
304.2139
 20
244.6885
 30
0.0
 39
0.0
 50
0.0
  0
POINT
  5
CC68
330
CC5E
100
AcDbEntity
  8
DEFPOINTS
  6
Continuous
 62
     0
 60
     0
 48
1.0
370
    -1
100
AcDbPoint
 10
322.7412
 20
493.6885
 30
0.0
 39
0.0
 50
0.0
  0
POINT
  5
CC69
330
CC5E
100
AcDbEntity
  8
DEFPOINTS
  6
Continuous
 62
     0
 60
     0
 48
1.0
370
    -1
100
AcDbPoint
 10
304.2139
 20
493.6885
 30
0.0
 39
0.0
 50
0.0
  0
ENDBLK
  5
CC60
330
CC5E
100
AcDbEntity
  8
0
100
AcDbBlockEnd
  0
BLOCK
  5
CC6B
330
CC6A
100
AcDbEntity
  8
0
100
AcDbBlockBegin
  2
*D26
 70
     0
 10
0.0
 20
0.0
 30
0.0
  3
*D26
  1

  4

  0
LINE
  5
CC6D
330
CC6A
100
AcDbEntity
  8
Dim
  6
Continuous
 62
   256
 60
     0
 48
1.0
370
    -2
100
AcDbLine
 39
0.0
 10
425.3662
 20
286.6885
 30
0.0
 11
404.1219
 21
286.6885
 31
0.0
  0
LINE
  5
CC6E
330
CC6A
100
AcDbEntity
  8
Dim
  6
Continuous
 62
   256
 60
     0
 48
1.0
370
    -2
100
AcDbLine
 39
0.0
 10
425.3662
 20
244.6885
 30
0.0
 11
404.1219
 21
244.6885
 31
0.0
  0
LINE
  5
CC6F
330
CC6A
100
AcDbEntity
  8
Dim
  6
Continuous
 62
   256
 60
     0
 48
1.0
370
    -2
100
AcDbLine
 39
0.0
 10
408.6219
 20
286.7823
 30
0.0
 11
408.6219
 21
244.5948
 31
0.0
  0
INSERT
  5
CC70
330
CC6A
100
AcDbEntity
  8
Dim
  6
Continuous
 62
   256
 60
     0
 48
1.0
370
    -2
100
AcDbBlockReference
 66
     0
  2
_ArchTick
 10
408.6219
 20
286.6885
 30
0.0
 41
4.5
 42
4.5
 43
4.5
 50
90.0
 70
     0
 71
     0
 44
0.0
 45
0.0
210
0.0
220
0.0
230
1.0
  0
INSERT
  5
CC71
330
CC6A
100
AcDbEntity
  8
Dim
  6
Continuous
 62
   256
 60
     0
 48
1.0
370
    -2
100
AcDbBlockReference
 66
     0
  2
_ArchTick
 10
408.6219
 20
244.6885
 30
0.0
 41
4.5
 42
4.5
 43
4.5
 50
270.0
 70
     0
 71
     0
 44
0.0
 45
0.0
210
0.0
220
0.0
230
1.0
  0
MTEXT
  5
CC72
330
CC6A
100
AcDbEntity
  8
Dim
  6
Continuous
 62
   256
 60
     0
 48
1.0
370
    -1
100
AcDbMText
 10
403.3897
 20
265.6885
 30
0.0
210
0.0
220
0.0
230
1.0
 40
3.75
 41
0.0
 50
0.0
 71
     5
 72
     1
  1
\A1;3'-6"
  7
ROMANS
 11
0.0
 21
1.0
 31
0.0
 42
17.4554
 73
     1
 44
1.0
 90
        0
 75
     0
 78
     0
 79
     0
 48
0.0
 49
0.0
  0
MTEXT
  5
CC73
330
CC6A
100
AcDbEntity
  8
Dim
  6
Continuous
 62
   256
 60
     0
 48
1.0
370
    -1
100
AcDbMText
 10
414.479
 20
265.6885
 30
0.0
210
0.0
220
0.0
230
1.0
 40
3.75
 41
0.0
 50
0.0
 71
     5
 72
     1
  1
\A1;[1067]
  7
ROMANS
 11
0.0
 21
1.0
 31
0.0
 42
20.3304
 73
     1
 44
1.0
 90
        0
 75
     0
 78
     0
 79
     0
 48
0.0
 49
0.0
  0
POINT
  5
CC74
330
CC6A
100
AcDbEntity
  8
DEFPOINTS
  6
Continuous
 62
     0
 60
     0
 48
1.0
370
    -1
100
AcDbPoint
 10
429.8662
 20
286.6885
 30
0.0
 39
0.0
 50
0.0
  0
POINT
  5
CC75
330
CC6A
100
AcDbEntity
  8
DEFPOINTS
  6
Continuous
 62
     0
 60
     0
 48
1.0
370
    -1
100
AcDbPoint
 10
429.8662
 20
244.6885
 30
0.0
 39
0.0
 50
0.0
  0
POINT
  5
CC76
330
CC6A
100
AcDbEntity
  8
DEFPOINTS
  6
Continuous
 62
     0
 60
     0
 48
1.0
370
    -1
100
AcDbPoint
 10
408.6219
 20
244.6885
 30
0.0
 39
0.0
 50
0.0
  0
ENDBLK
  5
CC6C
330
CC6A
100
AcDbEntity
  8
0
100
AcDbBlockEnd
  0
BLOCK
  5
CC78
330
CC77
100
AcDbEntity
  8
0
100
AcDbBlockBegin
  2
*D27
 70
     0
 10
0.0
 20
0.0
 30
0.0
  3
*D27
  1

  4

  0
LINE
  5
CC7A
330
CC77
100
AcDbEntity
  8
Dim
  6
Continuous
 62
   256
 60
     0
 48
0.1
370
    -2
100
AcDbLine
 39
0.0
 10
418.516
 20
140.9179
 30
0.0
 11
418.516
 21
174.6024
 31
0.0
  0
LINE
  5
CC7B
330
CC77
100
AcDbEntity
  8
Dim
  6
Continuous
 62
   256
 60
     0
 48
0.1
370
    -2
100
AcDbLine
 39
0.0
 10
430.516
 20
113.0746
 30
0.0
 11
430.516
 21
174.6024
 31
0.0
  0
LINE
  5
CC7C
330
CC77
100
AcDbEntity
  8
Dim
  6
Continuous
 62
   256
 60
     0
 48
0.1
370
    -2
100
AcDbLine
 39
0.0
 10
418.4222
 20
172.3524
 30
0.0
 11
430.6097
 21
172.3524
 31
0.0
  0
INSERT
  5
CC7D
330
CC77
100
AcDbEntity
  8
Dim
  6
Continuous
 62
   256
 60
     0
 48
0.1
370
    -2
100
AcDbBlockReference
 66
     0
  2
_ArchTick
 10
418.516
 20
172.3524
 30
0.0
 41
2.25
 42
2.25
 43
2.25
 50
180.0
 70
     0
 71
     0
 44
0.0
 45
0.0
210
0.0
220
0.0
230
1.0
  0
INSERT
  5
CC7E
330
CC77
100
AcDbEntity
  8
Dim
  6
Continuous
 62
   256
 60
     0
 48
0.1
370
    -2
100
AcDbBlockReference
 66
     0
  2
_ArchTick
 10
430.516
 20
172.3524
 30
0.0
 41
2.25
 42
2.25
 43
2.25
 50
0.0
 70
     0
 71
     0
 44
0.0
 45
0.0
210
0.0
220
0.0
230
1.0
  0
MTEXT
  5
CC7F
330
CC77
100
AcDbEntity
  8
Dim
  6
Continuous
 62
   256
 60
     0
 48
0.1
370
    -1
100
AcDbMText
 10
424.516
 20
174.9685
 30
0.0
210
0.0
220
0.0
230
1.0
 40
1.875
 41
0.0
 50
0.0
 71
     5
 72
     1
  1
\A1;1'-0"
  7
ROMANS
 11
1.0
 21
0.0
 31
0.0
 42
8.4196
 73
     1
 44
1.0
 90
        0
 75
     0
 78
     0
 79
     0
 48
0.0
 49
0.0
  0
MTEXT
  5
CC80
330
CC77
100
AcDbEntity
  8
Dim
  6
Continuous
 62
   256
 60
     0
 48
0.1
370
    -1
100
AcDbMText
 10
424.516
 20
169.4238
 30
0.0
210
0.0
220
0.0
230
1.0
 40
1.875
 41
0.0
 50
0.0
 71
     5
 72
     1
  1
\A1;[305]
  7
ROMANS
 11
1.0
 21
0.0
 31
0.0
 42
8.1116
 73
     1
 44
1.0
 90
        0
 75
     0
 78
     0
 79
     0
 48
0.0
 49
0.0
  0
POINT
  5
CC81
330
CC77
100
AcDbEntity
  8
DEFPOINTS
  6
Continuous
 62
     0
 60
     0
 48
0.1
370
    -1
100
AcDbPoint
 10
418.516
 20
138.6679
 30
0.0
 39
0.0
 50
0.0
  0
POINT
  5
CC82
330
CC77
100
AcDbEntity
  8
DEFPOINTS
  6
Continuous
 62
     0
 60
     0
 48
0.1
370
    -1
100
AcDbPoint
 10
430.516
 20
110.8246
 30
0.0
 39
0.0
 50
0.0
  0
POINT
  5
CC83
330
CC77
100
AcDbEntity
  8
DEFPOINTS
  6
Continuous
 62
     0
 60
     0
 48
0.1
370
    -1
100
AcDbPoint
 10
430.516
 20
172.3524
 30
0.0
 39
0.0
 50
0.0
  0
ENDBLK
  5
CC79
330
CC77
100
AcDbEntity
  8
0
100
AcDbBlockEnd
  0
BLOCK
  5
CC85
330
CC84
100
AcDbEntity
  8
0
100
AcDbBlockBegin
  2
*D28
 70
     0
 10
0.0
 20
0.0
 30
0.0
  3
*D28
  1

  4

  0
LINE
  5
CC87
330
CC84
100
AcDbEntity
  8
Dim
  6
Continuous
 62
   256
 60
     0
 48
0.1
370
    -2
100
AcDbLine
 39
0.0
 10
475.266
 20
138.729
 30
0.0
 11
463.0488
 21
138.729
 31
0.0
  0
LINE
  5
CC88
330
CC84
100
AcDbEntity
  8
Dim
  6
Continuous
 62
   256
 60
     0
 48
0.1
370
    -2
100
AcDbLine
 39
0.0
 10
475.266
 20
174.729
 30
0.0
 11
463.0488
 21
174.729
 31
0.0
  0
LINE
  5
CC89
330
CC84
100
AcDbEntity
  8
Dim
  6
Continuous
 62
   256
 60
     0
 48
0.1
370
    -2
100
AcDbLine
 39
0.0
 10
465.2988
 20
138.6353
 30
0.0
 11
465.2988
 21
174.8228
 31
0.0
  0
INSERT
  5
CC8A
330
CC84
100
AcDbEntity
  8
Dim
  6
Continuous
 62
   256
 60
     0
 48
0.1
370
    -2
100
AcDbBlockReference
 66
     0
  2
_ArchTick
 10
465.2988
 20
138.729
 30
0.0
 41
2.25
 42
2.25
 43
2.25
 50
270.0
 70
     0
 71
     0
 44
0.0
 45
0.0
210
0.0
220
0.0
230
1.0
  0
INSERT
  5
CC8B
330
CC84
100
AcDbEntity
  8
Dim
  6
Continuous
 62
   256
 60
     0
 48
0.1
370
    -2
100
AcDbBlockReference
 66
     0
  2
_ArchTick
 10
465.2988
 20
174.729
 30
0.0
 41
2.25
 42
2.25
 43
2.25
 50
90.0
 70
     0
 71
     0
 44
0.0
 45
0.0
210
0.0
220
0.0
230
1.0
  0
MTEXT
  5
CC8C
330
CC84
100
AcDbEntity
  8
Dim
  6
Continuous
 62
   256
 60
     0
 48
0.1
370
    -1
100
AcDbMText
 10
462.6828
 20
156.729
 30
0.0
210
0.0
220
0.0
230
1.0
 40
1.875
 41
0.0
 50
0.0
 71
     5
 72
     1
  1
\A1;3'-0"
  7
ROMANS
 11
0.0
 21
1.0
 31
0.0
 42
8.7277
 73
     1
 44
1.0
 90
        0
 75
     0
 78
     0
 79
     0
 48
0.0
 49
0.0
  0
MTEXT
  5
CC8D
330
CC84
100
AcDbEntity
  8
Dim
  6
Continuous
 62
   256
 60
     0
 48
0.1
370
    -1
100
AcDbMText
 10
468.2274
 20
156.729
 30
0.0
210
0.0
220
0.0
230
1.0
 40
1.875
 41
0.0
 50
0.0
 71
     5
 72
     1
  1
\A1;[914]
  7
ROMANS
 11
0.0
 21
1.0
 31
0.0
 42
8.1116
 73
     1
 44
1.0
 90
        0
 75
     0
 78
     0
 79
     0
 48
0.0
 49
0.0
  0
POINT
  5
CC8E
330
CC84
100
AcDbEntity
  8
DEFPOINTS
  6
Continuous
 62
     0
 60
     0
 48
0.1
370
    -1
100
AcDbPoint
 10
477.516
 20
138.729
 30
0.0
 39
0.0
 50
0.0
  0
POINT
  5
CC8F
330
CC84
100
AcDbEntity
  8
DEFPOINTS
  6
Continuous
 62
     0
 60
     0
 48
0.1
370
    -1
100
AcDbPoint
 10
477.516
 20
174.729
 30
0.0
 39
0.0
 50
0.0
  0
POINT
  5
CC90
330
CC84
100
AcDbEntity
  8
DEFPOINTS
  6
Continuous
 62
     0
 60
     0
 48
0.1
370
    -1
100
AcDbPoint
 10
465.2988
 20
174.729
 30
0.0
 39
0.0
 50
0.0
  0
ENDBLK
  5
CC86
330
CC84
100
AcDbEntity
  8
0
100
AcDbBlockEnd
  0
BLOCK
  5
CC92
330
CC91
100
AcDbEntity
  8
0
100
AcDbBlockBegin
  2
*D29
 70
     0
 10
0.0
 20
0.0
 30
0.0
  3
*D29
  1

  4

  0
LINE
  5
CC94
330
CC91
100
AcDbEntity
  8
Dim
  6
Continuous
 62
   256
 60
     0
 48
0.1
370
    -2
100
AcDbLine
 39
0.0
 10
466.3252
 20
259.329
 30
0.0
 11
477.0483
 21
259.329
 31
0.0
  0
LINE
  5
CC95
330
CC91
100
AcDbEntity
  8
Dim
  6
Continuous
 62
   256
 60
     0
 48
0.1
370
    -2
100
AcDbLine
 39
0.0
 10
466.3252
 20
223.329
 30
0.0
 11
477.0483
 21
223.329
 31
0.0
  0
LINE
  5
CC96
330
CC91
100
AcDbEntity
  8
Dim
  6
Continuous
 62
   256
 60
     0
 48
0.1
370
    -2
100
AcDbLine
 39
0.0
 10
474.7983
 20
259.4228
 30
0.0
 11
474.7983
 21
223.2353
 31
0.0
  0
INSERT
  5
CC97
330
CC91
100
AcDbEntity
  8
Dim
  6
Continuous
 62
   256
 60
     0
 48
0.1
370
    -2
100
AcDbBlockReference
 66
     0
  2
_ArchTick
 10
474.7983
 20
259.329
 30
0.0
 41
2.25
 42
2.25
 43
2.25
 50
90.0
 70
     0
 71
     0
 44
0.0
 45
0.0
210
0.0
220
0.0
230
1.0
  0
INSERT
  5
CC98
330
CC91
100
AcDbEntity
  8
Dim
  6
Continuous
 62
   256
 60
     0
 48
0.1
370
    -2
100
AcDbBlockReference
 66
     0
  2
_ArchTick
 10
474.7983
 20
223.329
 30
0.0
 41
2.25
 42
2.25
 43
2.25
 50
270.0
 70
     0
 71
     0
 44
0.0
 45
0.0
210
0.0
220
0.0
230
1.0
  0
MTEXT
  5
CC99
330
CC91
100
AcDbEntity
  8
Dim
  6
Continuous
 62
   256
 60
     0
 48
0.1
370
    -1
100
AcDbMText
 10
472.1822
 20
241.329
 30
0.0
210
0.0
220
0.0
230
1.0
 40
1.875
 41
0.0
 50
0.0
 71
     5
 72
     1
  1
\A1;3'-0"
  7
ROMANS
 11
0.0
 21
1.0
 31
0.0
 42
8.7277
 73
     1
 44
1.0
 90
        0
 75
     0
 78
     0
 79
     0
 48
0.0
 49
0.0
  0
MTEXT
  5
CC9A
330
CC91
100
AcDbEntity
  8
Dim
  6
Continuous
 62
   256
 60
     0
 48
0.1
370
    -1
100
AcDbMText
 10
477.7269
 20
241.329
 30
0.0
210
0.0
220
0.0
230
1.0
 40
1.875
 41
0.0
 50
0.0
 71
     5
 72
     1
  1
\A1;[914]
  7
ROMANS
 11
0.0
 21
1.0
 31
0.0
 42
8.1116
 73
     1
 44
1.0
 90
        0
 75
     0
 78
     0
 79
     0
 48
0.0
 49
0.0
  0
POINT
  5
CC9B
330
CC91
100
AcDbEntity
  8
DEFPOINTS
  6
Continuous
 62
     0
 60
     0
 48
0.1
370
    -1
100
AcDbPoint
 10
464.0752
 20
259.329
 30
0.0
 39
0.0
 50
0.0
  0
POINT
  5
CC9C
330
CC91
100
AcDbEntity
  8
DEFPOINTS
  6
Continuous
 62
     0
 60
     0
 48
0.1
370
    -1
100
AcDbPoint
 10
464.0752
 20
223.329
 30
0.0
 39
0.0
 50
0.0
  0
POINT
  5
CC9D
330
CC91
100
AcDbEntity
  8
DEFPOINTS
  6
Continuous
 62
     0
 60
     0
 48
0.1
370
    -1
100
AcDbPoint
 10
474.7983
 20
223.329
 30
0.0
 39
0.0
 50
0.0
  0
ENDBLK
  5
CC93
330
CC91
100
AcDbEntity
  8
0
100
AcDbBlockEnd
  0
BLOCK
  5
CC9F
330
CC9E
100
AcDbEntity
  8
0
100
AcDbBlockBegin
  2
*D30
 70
     0
 10
0.0
 20
0.0
 30
0.0
  3
*D30
  1

  4

  0
LINE
  5
CCA1
330
CC9E
100
AcDbEntity
  8
Dim
  6
Continuous
 62
   256
 60
     0
 48
0.1
370
    -2
100
AcDbLine
 39
0.0
 10
423.1383
 20
128.7346
 30
0.0
 11
422.635
 21
129.5378
 31
0.0
  0
LINE
  5
CCA2
330
CC9E
100
AcDbEntity
  8
Dim
  6
Continuous
 62
   256
 60
     0
 48
0.1
370
    -2
100
AcDbLine
 39
0.0
 10
419.7489
 20
126.6106
 30
0.0
 11
419.2456
 21
127.4138
 31
0.0
  0
LINE
  5
CCA3
330
CC9E
100
AcDbEntity
  8
Dim
  6
Continuous
 62
   256
 60
     0
 48
0.1
370
    -2
100
AcDbLine
 39
0.0
 10
423.8298
 20
127.6313
 30
0.0
 11
425.7364
 21
128.8261
 31
0.0
  0
LINE
  5
CCA4
330
CC9E
100
AcDbEntity
  8
Dim
  6
Continuous
 62
   256
 60
     0
 48
0.1
370
    -2
100
AcDbLine
 39
0.0
 10
420.4403
 20
125.5072
 30
0.0
 11
406.6896
 21
116.8901
 31
0.0
  0
INSERT
  5
CCA5
330
CC9E
100
AcDbEntity
  8
Dim
  6
Continuous
 62
   256
 60
     0
 48
0.1
370
    -2
100
AcDbBlockReference
 66
     0
  2
_ArchTick
 10
423.8298
 20
127.6313
 30
0.0
 41
2.25
 42
2.25
 43
2.25
 50
212.074
 70
     0
 71
     0
 44
0.0
 45
0.0
210
0.0
220
0.0
230
1.0
  0
INSERT
  5
CCA6
330
CC9E
100
AcDbEntity
  8
Dim
  6
Continuous
 62
   256
 60
     0
 48
0.1
370
    -2
100
AcDbBlockReference
 66
     0
  2
_ArchTick
 10
420.4403
 20
125.5072
 30
0.0
 41
2.25
 42
2.25
 43
2.25
 50
32.074
 70
     0
 71
     0
 44
0.0
 45
0.0
210
0.0
220
0.0
230
1.0
  0
MTEXT
  5
CCA7
330
CC9E
100
AcDbEntity
  8
Dim
  6
Continuous
 62
   256
 60
     0
 48
0.1
370
    -1
100
AcDbMText
 10
410.2692
 20
122.2206
 30
0.0
210
0.0
220
0.0
230
1.0
 40
1.875
 41
0.0
 50
0.0
 71
     5
 72
     1
  1
\A1;0'-4"
  7
ROMANS
 11
0.8474
 21
0.531
 31
0.0
 42
8.7277
 73
     1
 44
1.0
 90
        0
 75
     0
 78
     0
 79
     0
 48
0.0
 49
0.0
  0
MTEXT
  5
CCA8
330
CC9E
100
AcDbEntity
  8
Dim
  6
Continuous
 62
   256
 60
     0
 48
0.1
370
    -1
100
AcDbMText
 10
413.2135
 20
117.5223
 30
0.0
210
0.0
220
0.0
230
1.0
 40
1.875
 41
0.0
 50
0.0
 71
     5
 72
     1
  1
\A1;[102]
  7
ROMANS
 11
0.8474
 21
0.531
 31
0.0
 42
8.1116
 73
     1
 44
1.0
 90
        0
 75
     0
 78
     0
 79
     0
 48
0.0
 49
0.0
  0
POINT
  5
CCA9
330
CC9E
100
AcDbEntity
  8
DEFPOINTS
  6
Continuous
 62
     0
 60
     0
 48
0.1
370
    -1
100
AcDbPoint
 10
424.3331
 20
126.8281
 30
0.0
 39
0.0
 50
0.0
  0
POINT
  5
CCAA
330
CC9E
100
AcDbEntity
  8
DEFPOINTS
  6
Continuous
 62
     0
 60
     0
 48
0.1
370
    -1
100
AcDbPoint
 10
420.9437
 20
124.704
 30
0.0
 39
0.0
 50
0.0
  0
POINT
  5
CCAB
330
CC9E
100
AcDbEntity
  8
DEFPOINTS
  6
Continuous
 62
     0
 60
     0
 48
0.1
370
    -1
100
AcDbPoint
 10
420.4403
 20
125.5072
 30
0.0
 39
0.0
 50
0.0
  0
ENDBLK
  5
CCA0
330
CC9E
100
AcDbEntity
  8
0
100
AcDbBlockEnd
  0
BLOCK
  5
CCAD
330
CCAC
100
AcDbEntity
  8
0
100
AcDbBlockBegin
  2
*D31
 70
     0
 10
0.0
 20
0.0
 30
0.0
  3
*D31
  1

  4

  0
LINE
  5
CCAF
330
CCAC
100
AcDbEntity
  8
Dim
  6
Continuous
 62
   256
 60
     0
 48
0.1
370
    -2
100
AcDbLine
 39
0.0
 10
485.4119
 20
164.483
 30
0.0
 11
483.5709
 21
163.3293
 31
0.0
  0
LINE
  5
CCB0
330
CCAC
100
AcDbEntity
  8
Dim
  6
Continuous
 62
   256
 60
     0
 48
0.1
370
    -2
100
AcDbLine
 39
0.0
 10
488.598
 20
159.3988
 30
0.0
 11
486.757
 21
158.2451
 31
0.0
  0
LINE
  5
CCB1
330
CCAC
100
AcDbEntity
  8
Dim
  6
Continuous
 62
   256
 60
     0
 48
0.1
370
    -2
100
AcDbLine
 39
0.0
 10
485.4775
 20
164.5241
 30
0.0
 11
484.2827
 21
166.4306
 31
0.0
  0
LINE
  5
CCB2
330
CCAC
100
AcDbEntity
  8
Dim
  6
Continuous
 62
   256
 60
     0
 48
0.1
370
    -2
100
AcDbLine
 39
0.0
 10
488.6636
 20
159.4399
 30
0.0
 11
489.8584
 21
157.5333
 31
0.0
  0
MTEXT
  5
CCB3
330
CCAC
100
AcDbEntity
  8
Dim
  6
Continuous
 62
   256
 60
     0
 48
0.1
370
    -1
100
AcDbMText
 10
479.6259
 20
157.3166
 30
0.0
210
0.0
220
0.0
230
1.0
 40
1.875
 41
0.0
 50
0.0
 71
     5
 72
     1
  1
\A1;0'-6" [152]
  7
ROMANS
 11
0.531
 21
-0.8474
 31
0.0
 42
19.6116
 73
     1
 44
1.0
 90
        0
 75
     0
 78
     0
 79
     0
 48
0.0
 49
0.0
  0
INSERT
  5
CCB4
330
CCAC
100
AcDbEntity
  8
Dim
  6
Continuous
 62
   256
 60
     0
 48
0.1
370
    -2
100
AcDbBlockReference
 66
     0
  2
_ArchTick
 10
485.4775
 20
164.5241
 30
0.0
 41
2.25
 42
2.25
 43
2.25
 50
302.074
 70
     0
 71
     0
 44
0.0
 45
0.0
210
0.0
220
0.0
230
1.0
  0
INSERT
  5
CCB5
330
CCAC
100
AcDbEntity
  8
Dim
  6
Continuous
 62
   256
 60
     0
 48
0.1
370
    -2
100
AcDbBlockReference
 66
     0
  2
_ArchTick
 10
488.6636
 20
159.4399
 30
0.0
 41
2.25
 42
2.25
 43
2.25
 50
122.074
 70
     0
 71
     0
 44
0.0
 45
0.0
210
0.0
220
0.0
230
1.0
  0
POINT
  5
CCB6
330
CCAC
100
AcDbEntity
  8
DEFPOINTS
  6
Continuous
 62
     0
 60
     0
 48
0.1
370
    -1
100
AcDbPoint
 10
487.3185
 20
165.6777
 30
0.0
 39
0.0
 50
0.0
  0
POINT
  5
CCB7
330
CCAC
100
AcDbEntity
  8
DEFPOINTS
  6
Continuous
 62
     0
 60
     0
 48
0.1
370
    -1
100
AcDbPoint
 10
490.5046
 20
160.5936
 30
0.0
 39
0.0
 50
0.0
  0
POINT
  5
CCB8
330
CCAC
100
AcDbEntity
  8
DEFPOINTS
  6
Continuous
 62
     0
 60
     0
 48
0.1
370
    -1
100
AcDbPoint
 10
488.6636
 20
159.4399
 30
0.0
 39
0.0
 50
0.0
  0
ENDBLK
  5
CCAE
330
CCAC
100
AcDbEntity
  8
0
100
AcDbBlockEnd
  0
BLOCK
  5
CCBA
330
CCB9
100
AcDbEntity
  8
0
100
AcDbBlockBegin
  2
*D32
 70
     0
 10
0.0
 20
0.0
 30
0.0
  3
*D32
  1

  4

  0
LINE
  5
CCBC
330
CCB9
100
AcDbEntity
  8
Dim
  6
Continuous
 62
   256
 60
     0
 48
1.0
370
    -2
100
AcDbLine
 39
0.0
 10
1272.2079
 20
252.3368
 30
0.0
 11
1272.2079
 21
249.3573
 31
0.0
  0
LINE
  5
CCBD
330
CCB9
100
AcDbEntity
  8
Dim
  6
Continuous
 62
   256
 60
     0
 48
1.0
370
    -2
100
AcDbLine
 39
0.0
 10
1285.2079
 20
252.3368
 30
0.0
 11
1285.2079
 21
249.3573
 31
0.0
  0
LINE
  5
CCBE
330
CCB9
100
AcDbEntity
  8
Dim
  6
Continuous
 62
   256
 60
     0
 48
1.0
370
    -2
100
AcDbLine
 39
0.0
 10
1272.2079
 20
253.8573
 30
0.0
 11
1267.7079
 21
253.8573
 31
0.0
  0
LINE
  5
CCBF
330
CCB9
100
AcDbEntity
  8
Dim
  6
Continuous
 62
   256
 60
     0
 48
1.0
370
    -2
100
AcDbLine
 39
0.0
 10
1285.2079
 20
253.8573
 30
0.0
 11
1317.0471
 21
253.8573
 31
0.0
  0
INSERT
  5
CCC0
330
CCB9
100
AcDbEntity
  8
Dim
  6
Continuous
 62
   256
 60
     0
 48
1.0
370
    -2
100
AcDbBlockReference
 66
     0
  2
_ArchTick
 10
1272.2079
 20
253.8573
 30
0.0
 41
4.5
 42
4.5
 43
4.5
 50
0.0
 70
     0
 71
     0
 44
0.0
 45
0.0
210
0.0
220
0.0
230
1.0
  0
INSERT
  5
CCC1
330
CCB9
100
AcDbEntity
  8
Dim
  6
Continuous
 62
   256
 60
     0
 48
1.0
370
    -2
100
AcDbBlockReference
 66
     0
  2
_ArchTick
 10
1285.2079
 20
253.8573
 30
0.0
 41
4.5
 42
4.5
 43
4.5
 50
180.0
 70
     0
 71
     0
 44
0.0
 45
0.0
210
0.0
220
0.0
230
1.0
  0
MTEXT
  5
CCC2
330
CCB9
100
AcDbEntity
  8
Dim
  6
Continuous
 62
   256
 60
     0
 48
1.0
370
    -1
100
AcDbMText
 10
1305.6275
 20
259.0895
 30
0.0
210
0.0
220
0.0
230
1.0
 40
3.75
 41
0.0
 50
0.0
 71
     5
 72
     1
  1
\A1;1'-1"
  7
ROMANS
 11
1.0
 21
0.0
 31
0.0
 42
16.8393
 73
     1
 44
1.0
 90
        0
 75
     0
 78
     0
 79
     0
 48
0.0
 49
0.0
  0
MTEXT
  5
CCC3
330
CCB9
100
AcDbEntity
  8
Dim
  6
Continuous
 62
   256
 60
     0
 48
1.0
370
    -1
100
AcDbMText
 10
1305.6275
 20
248.0002
 30
0.0
210
0.0
220
0.0
230
1.0
 40
3.75
 41
0.0
 50
0.0
 71
     5
 72
     1
  1
\A1;[330]
  7
ROMANS
 11
1.0
 21
0.0
 31
0.0
 42
16.2232
 73
     1
 44
1.0
 90
        0
 75
     0
 78
     0
 79
     0
 48
0.0
 49
0.0
  0
POINT
  5
CCC4
330
CCB9
100
AcDbEntity
  8
DEFPOINTS
  6
Continuous
 62
     0
 60
     0
 48
1.0
370
    -1
100
AcDbPoint
 10
1272.2079
 20
256.8368
 30
0.0
 39
0.0
 50
0.0
  0
POINT
  5
CCC5
330
CCB9
100
AcDbEntity
  8
DEFPOINTS
  6
Continuous
 62
     0
 60
     0
 48
1.0
370
    -1
100
AcDbPoint
 10
1285.2079
 20
256.8368
 30
0.0
 39
0.0
 50
0.0
  0
POINT
  5
CCC6
330
CCB9
100
AcDbEntity
  8
DEFPOINTS
  6
Continuous
 62
     0
 60
     0
 48
1.0
370
    -1
100
AcDbPoint
 10
1285.2079
 20
253.8573
 30
0.0
 39
0.0
 50
0.0
  0
ENDBLK
  5
CCBB
330
CCB9
100
AcDbEntity
  8
0
100
AcDbBlockEnd
  0
BLOCK
  5
CCC8
330
CCC7
100
AcDbEntity
  8
0
100
AcDbBlockBegin
  2
*D33
 70
     0
 10
0.0
 20
0.0
 30
0.0
  3
*D33
  1

  4

  0
LINE
  5
CCCA
330
CCC7
100
AcDbEntity
  8
Dim
  6
Continuous
 62
   256
 60
     0
 48
1.0
370
    -2
100
AcDbLine
 39
0.0
 10
1285.2079
 20
268.5946
 30
0.0
 11
1285.2079
 21
271.9783
 31
0.0
  0
LINE
  5
CCCB
330
CCC7
100
AcDbEntity
  8
Dim
  6
Continuous
 62
   256
 60
     0
 48
1.0
370
    -2
100
AcDbLine
 39
0.0
 10
1177.2078
 20
268.5946
 30
0.0
 11
1177.2078
 21
271.9783
 31
0.0
  0
LINE
  5
CCCC
330
CCC7
100
AcDbEntity
  8
Dim
  6
Continuous
 62
   256
 60
     0
 48
1.0
370
    -2
100
AcDbLine
 39
0.0
 10
1285.3016
 20
267.4783
 30
0.0
 11
1255.873
 21
267.4783
 31
0.0
  0
LINE
  5
CCCD
330
CCC7
100
AcDbEntity
  8
Dim
  6
Continuous
 62
   256
 60
     0
 48
1.0
370
    -2
100
AcDbLine
 39
0.0
 10
1177.1141
 20
267.4783
 30
0.0
 11
1206.5427
 21
267.4783
 31
0.0
  0
INSERT
  5
CCCE
330
CCC7
100
AcDbEntity
  8
Dim
  6
Continuous
 62
   256
 60
     0
 48
1.0
370
    -2
100
AcDbBlockReference
 66
     0
  2
_ArchTick
 10
1285.2079
 20
267.4783
 30
0.0
 41
4.5
 42
4.5
 43
4.5
 50
0.0
 70
     0
 71
     0
 44
0.0
 45
0.0
210
0.0
220
0.0
230
1.0
  0
INSERT
  5
CCCF
330
CCC7
100
AcDbEntity
  8
Dim
  6
Continuous
 62
   256
 60
     0
 48
1.0
370
    -2
100
AcDbBlockReference
 66
     0
  2
_ArchTick
 10
1177.2078
 20
267.4783
 30
0.0
 41
4.5
 42
4.5
 43
4.5
 50
180.0
 70
     0
 71
     0
 44
0.0
 45
0.0
210
0.0
220
0.0
230
1.0
  0
MTEXT
  5
CCD0
330
CCC7
100
AcDbEntity
  8
Dim
  6
Continuous
 62
   256
 60
     0
 48
1.0
370
    -1
100
AcDbMText
 10
1231.2078
 20
267.4783
 30
0.0
210
0.0
220
0.0
230
1.0
 40
3.75
 41
0.0
 50
0.0
 71
     5
 72
     1
  1
\A1;9'-0" [2743]
  7
ROMANS
 11
1.0
 21
0.0
 31
0.0
 42
43.3304
 73
     1
 44
1.0
 90
        0
 75
     0
 78
     0
 79
     0
 48
0.0
 49
0.0
  0
POINT
  5
CCD1
330
CCC7
100
AcDbEntity
  8
DEFPOINTS
  6
Continuous
 62
     0
 60
     0
 48
1.0
370
    -1
100
AcDbPoint
 10
1285.2079
 20
264.0946
 30
0.0
 39
0.0
 50
0.0
  0
POINT
  5
CCD2
330
CCC7
100
AcDbEntity
  8
DEFPOINTS
  6
Continuous
 62
     0
 60
     0
 48
1.0
370
    -1
100
AcDbPoint
 10
1177.2078
 20
264.0946
 30
0.0
 39
0.0
 50
0.0
  0
POINT
  5
CCD3
330
CCC7
100
AcDbEntity
  8
DEFPOINTS
  6
Continuous
 62
     0
 60
     0
 48
1.0
370
    -1
100
AcDbPoint
 10
1177.2078
 20
267.4783
 30
0.0
 39
0.0
 50
0.0
  0
ENDBLK
  5
CCC9
330
CCC7
100
AcDbEntity
  8
0
100
AcDbBlockEnd
  0
BLOCK
  5
CCD5
330
CCD4
100
AcDbEntity
  8
0
100
AcDbBlockBegin
  2
*D34
 70
     0
 10
0.0
 20
0.0
 30
0.0
  3
*D34
  1

  4

  0
LINE
  5
CCD7
330
CCD4
100
AcDbEntity
  8
Dim
  6
Continuous
 62
   256
 60
     0
 48
1.0
370
    -2
100
AcDbLine
 39
0.0
 10
1289.7079
 20
94.9997
 30
0.0
 11
1332.308
 21
94.9997
 31
0.0
  0
LINE
  5
CCD8
330
CCD4
100
AcDbEntity
  8
Dim
  6
Continuous
 62
   256
 60
     0
 48
1.0
370
    -2
100
AcDbLine
 39
0.0
 10
1289.7079
 20
235.9997
 30
0.0
 11
1332.308
 21
235.9997
 31
0.0
  0
LINE
  5
CCD9
330
CCD4
100
AcDbEntity
  8
Dim
  6
Continuous
 62
   256
 60
     0
 48
1.0
370
    -2
100
AcDbLine
 39
0.0
 10
1327.808
 20
94.9059
 30
0.0
 11
1327.808
 21
139.089
 31
0.0
  0
LINE
  5
CCDA
330
CCD4
100
AcDbEntity
  8
Dim
  6
Continuous
 62
   256
 60
     0
 48
1.0
370
    -2
100
AcDbLine
 39
0.0
 10
1327.808
 20
236.0934
 30
0.0
 11
1327.808
 21
191.9104
 31
0.0
  0
INSERT
  5
CCDB
330
CCD4
100
AcDbEntity
  8
Dim
  6
Continuous
 62
   256
 60
     0
 48
1.0
370
    -2
100
AcDbBlockReference
 66
     0
  2
_ArchTick
 10
1327.808
 20
94.9997
 30
0.0
 41
4.5
 42
4.5
 43
4.5
 50
270.0
 70
     0
 71
     0
 44
0.0
 45
0.0
210
0.0
220
0.0
230
1.0
  0
INSERT
  5
CCDC
330
CCD4
100
AcDbEntity
  8
Dim
  6
Continuous
 62
   256
 60
     0
 48
1.0
370
    -2
100
AcDbBlockReference
 66
     0
  2
_ArchTick
 10
1327.808
 20
235.9997
 30
0.0
 41
4.5
 42
4.5
 43
4.5
 50
90.0
 70
     0
 71
     0
 44
0.0
 45
0.0
210
0.0
220
0.0
230
1.0
  0
MTEXT
  5
CCDD
330
CCD4
100
AcDbEntity
  8
Dim
  6
Continuous
 62
   256
 60
     0
 48
1.0
370
    -1
100
AcDbMText
 10
1327.808
 20
165.4997
 30
0.0
210
0.0
220
0.0
230
1.0
 40
3.75
 41
0.0
 50
0.0
 71
     5
 72
     1
  1
\A1;11'-9" [3581]
  7
ROMANS
 11
0.0
 21
1.0
 31
0.0
 42
46.8214
 73
     1
 44
1.0
 90
        0
 75
     0
 78
     0
 79
     0
 48
0.0
 49
0.0
  0
POINT
  5
CCDE
330
CCD4
100
AcDbEntity
  8
DEFPOINTS
  6
Continuous
 62
     0
 60
     0
 48
1.0
370
    -1
100
AcDbPoint
 10
1285.2079
 20
94.9997
 30
0.0
 39
0.0
 50
0.0
  0
POINT
  5
CCDF
330
CCD4
100
AcDbEntity
  8
DEFPOINTS
  6
Continuous
 62
     0
 60
     0
 48
1.0
370
    -1
100
AcDbPoint
 10
1285.2079
 20
235.9997
 30
0.0
 39
0.0
 50
0.0
  0
POINT
  5
CCE0
330
CCD4
100
AcDbEntity
  8
DEFPOINTS
  6
Continuous
 62
     0
 60
     0
 48
1.0
370
    -1
100
AcDbPoint
 10
1327.808
 20
235.9997
 30
0.0
 39
0.0
 50
0.0
  0
ENDBLK
  5
CCD6
330
CCD4
100
AcDbEntity
  8
0
100
AcDbBlockEnd
  0
BLOCK
  5
CCE2
330
CCE1
100
AcDbEntity
  8
0
100
AcDbBlockBegin
  2
*D35
 70
     0
 10
0.0
 20
0.0
 30
0.0
  3
*D35
  1

  4

  0
LINE
  5
CCE4
330
CCE1
100
AcDbEntity
  8
Dim
  6
Continuous
 62
   256
 60
     0
 48
1.0
370
    -2
100
AcDbLine
 39
0.0
 10
741.1356
 20
197.0318
 30
0.0
 11
741.1356
 21
195.3927
 31
0.0
  0
LINE
  5
CCE5
330
CCE1
100
AcDbEntity
  8
Dim
  6
Continuous
 62
   256
 60
     0
 48
1.0
370
    -2
100
AcDbLine
 39
0.0
 10
789.1356
 20
197.0318
 30
0.0
 11
789.1356
 21
195.3927
 31
0.0
  0
LINE
  5
CCE6
330
CCE1
100
AcDbEntity
  8
Dim
  6
Continuous
 62
   256
 60
     0
 48
1.0
370
    -2
100
AcDbLine
 39
0.0
 10
741.0418
 20
199.8927
 30
0.0
 11
789.2293
 21
199.8927
 31
0.0
  0
INSERT
  5
CCE7
330
CCE1
100
AcDbEntity
  8
Dim
  6
Continuous
 62
   256
 60
     0
 48
1.0
370
    -2
100
AcDbBlockReference
 66
     0
  2
_ArchTick
 10
741.1356
 20
199.8927
 30
0.0
 41
4.5
 42
4.5
 43
4.5
 50
180.0
 70
     0
 71
     0
 44
0.0
 45
0.0
210
0.0
220
0.0
230
1.0
  0
INSERT
  5
CCE8
330
CCE1
100
AcDbEntity
  8
Dim
  6
Continuous
 62
   256
 60
     0
 48
1.0
370
    -2
100
AcDbBlockReference
 66
     0
  2
_ArchTick
 10
789.1356
 20
199.8927
 30
0.0
 41
4.5
 42
4.5
 43
4.5
 50
0.0
 70
     0
 71
     0
 44
0.0
 45
0.0
210
0.0
220
0.0
230
1.0
  0
MTEXT
  5
CCE9
330
CCE1
100
AcDbEntity
  8
Dim
  6
Continuous
 62
   256
 60
     0
 48
1.0
370
    -1
100
AcDbMText
 10
765.1356
 20
205.1249
 30
0.0
210
0.0
220
0.0
230
1.0
 40
3.75
 41
0.0
 50
0.0
 71
     5
 72
     1
  1
\A1;4'-0"
  7
ROMANS
 11
1.0
 21
0.0
 31
0.0
 42
17.4554
 73
     1
 44
1.0
 90
        0
 75
     0
 78
     0
 79
     0
 48
0.0
 49
0.0
  0
MTEXT
  5
CCEA
330
CCE1
100
AcDbEntity
  8
Dim
  6
Continuous
 62
   256
 60
     0
 48
1.0
370
    -1
100
AcDbMText
 10
765.1356
 20
194.0356
 30
0.0
210
0.0
220
0.0
230
1.0
 40
3.75
 41
0.0
 50
0.0
 71
     5
 72
     1
  1
\A1;[1219]
  7
ROMANS
 11
1.0
 21
0.0
 31
0.0
 42
20.3304
 73
     1
 44
1.0
 90
        0
 75
     0
 78
     0
 79
     0
 48
0.0
 49
0.0
  0
POINT
  5
CCEB
330
CCE1
100
AcDbEntity
  8
DEFPOINTS
  6
Continuous
 62
     0
 60
     0
 48
1.0
370
    -1
100
AcDbPoint
 10
741.1356
 20
201.5318
 30
0.0
 39
0.0
 50
0.0
  0
POINT
  5
CCEC
330
CCE1
100
AcDbEntity
  8
DEFPOINTS
  6
Continuous
 62
     0
 60
     0
 48
1.0
370
    -1
100
AcDbPoint
 10
789.1356
 20
201.5318
 30
0.0
 39
0.0
 50
0.0
  0
POINT
  5
CCED
330
CCE1
100
AcDbEntity
  8
DEFPOINTS
  6
Continuous
 62
     0
 60
     0
 48
1.0
370
    -1
100
AcDbPoint
 10
789.1356
 20
199.8927
 30
0.0
 39
0.0
 50
0.0
  0
ENDBLK
  5
CCE3
330
CCE1
100
AcDbEntity
  8
0
100
AcDbBlockEnd
  0
BLOCK
  5
CCEF
330
CCEE
100
AcDbEntity
  8
0
100
AcDbBlockBegin
  2
*D36
 70
     0
 10
0.0
 20
0.0
 30
0.0
  3
*D36
  1

  4

  0
LINE
  5
CCF1
330
CCEE
100
AcDbEntity
  8
Dim
  6
Continuous
 62
   256
 60
     0
 48
1.0
370
    -2
100
AcDbLine
 39
0.0
 10
898.0106
 20
286.6885
 30
0.0
 11
910.0826
 21
286.6885
 31
0.0
  0
LINE
  5
CCF2
330
CCEE
100
AcDbEntity
  8
Dim
  6
Continuous
 62
   256
 60
     0
 48
1.0
370
    -2
100
AcDbLine
 39
0.0
 10
898.0106
 20
244.6885
 30
0.0
 11
910.0826
 21
244.6885
 31
0.0
  0
LINE
  5
CCF3
330
CCEE
100
AcDbEntity
  8
Dim
  6
Continuous
 62
   256
 60
     0
 48
1.0
370
    -2
100
AcDbLine
 39
0.0
 10
905.5826
 20
286.7823
 30
0.0
 11
905.5826
 21
244.5948
 31
0.0
  0
INSERT
  5
CCF4
330
CCEE
100
AcDbEntity
  8
Dim
  6
Continuous
 62
   256
 60
     0
 48
1.0
370
    -2
100
AcDbBlockReference
 66
     0
  2
_ArchTick
 10
905.5826
 20
286.6885
 30
0.0
 41
4.5
 42
4.5
 43
4.5
 50
90.0
 70
     0
 71
     0
 44
0.0
 45
0.0
210
0.0
220
0.0
230
1.0
  0
INSERT
  5
CCF5
330
CCEE
100
AcDbEntity
  8
Dim
  6
Continuous
 62
   256
 60
     0
 48
1.0
370
    -2
100
AcDbBlockReference
 66
     0
  2
_ArchTick
 10
905.5826
 20
244.6885
 30
0.0
 41
4.5
 42
4.5
 43
4.5
 50
270.0
 70
     0
 71
     0
 44
0.0
 45
0.0
210
0.0
220
0.0
230
1.0
  0
MTEXT
  5
CCF6
330
CCEE
100
AcDbEntity
  8
Dim
  6
Continuous
 62
   256
 60
     0
 48
1.0
370
    -1
100
AcDbMText
 10
900.3504
 20
265.6885
 30
0.0
210
0.0
220
0.0
230
1.0
 40
3.75
 41
0.0
 50
0.0
 71
     5
 72
     1
  1
\A1;3'-6"
  7
ROMANS
 11
0.0
 21
1.0
 31
0.0
 42
17.4554
 73
     1
 44
1.0
 90
        0
 75
     0
 78
     0
 79
     0
 48
0.0
 49
0.0
  0
MTEXT
  5
CCF7
330
CCEE
100
AcDbEntity
  8
Dim
  6
Continuous
 62
   256
 60
     0
 48
1.0
370
    -1
100
AcDbMText
 10
911.4397
 20
265.6885
 30
0.0
210
0.0
220
0.0
230
1.0
 40
3.75
 41
0.0
 50
0.0
 71
     5
 72
     1
  1
\A1;[1067]
  7
ROMANS
 11
0.0
 21
1.0
 31
0.0
 42
20.3304
 73
     1
 44
1.0
 90
        0
 75
     0
 78
     0
 79
     0
 48
0.0
 49
0.0
  0
POINT
  5
CCF8
330
CCEE
100
AcDbEntity
  8
DEFPOINTS
  6
Continuous
 62
     0
 60
     0
 48
1.0
370
    -1
100
AcDbPoint
 10
893.5106
 20
286.6885
 30
0.0
 39
0.0
 50
0.0
  0
POINT
  5
CCF9
330
CCEE
100
AcDbEntity
  8
DEFPOINTS
  6
Continuous
 62
     0
 60
     0
 48
1.0
370
    -1
100
AcDbPoint
 10
893.5106
 20
244.6885
 30
0.0
 39
0.0
 50
0.0
  0
POINT
  5
CCFA
330
CCEE
100
AcDbEntity
  8
DEFPOINTS
  6
Continuous
 62
     0
 60
     0
 48
1.0
370
    -1
100
AcDbPoint
 10
905.5826
 20
244.6885
 30
0.0
 39
0.0
 50
0.0
  0
ENDBLK
  5
CCF0
330
CCEE
100
AcDbEntity
  8
0
100
AcDbBlockEnd
  0
BLOCK
  5
CCFC
330
CCFB
100
AcDbEntity
  8
0
100
AcDbBlockBegin
  2
*D37
 70
     0
 10
0.0
 20
0.0
 30
0.0
  3
*D37
  1

  4

  0
LINE
  5
CCFE
330
CCFB
100
AcDbEntity
  8
Dim
  6
Continuous
 62
   256
 60
     0
 48
1.0
370
    -2
100
AcDbLine
 39
0.0
 10
735.3556
 20
174.1885
 30
0.0
 11
710.7676
 21
174.1885
 31
0.0
  0
LINE
  5
CCFF
330
CCFB
100
AcDbEntity
  8
Dim
  6
Continuous
 62
   256
 60
     0
 48
1.0
370
    -2
100
AcDbLine
 39
0.0
 10
735.3556
 20
103.6885
 30
0.0
 11
710.7676
 21
103.6885
 31
0.0
  0
LINE
  5
CD00
330
CCFB
100
AcDbEntity
  8
Dim
  6
Continuous
 62
   256
 60
     0
 48
1.0
370
    -2
100
AcDbLine
 39
0.0
 10
715.2676
 20
174.2823
 30
0.0
 11
715.2676
 21
103.5948
 31
0.0
  0
INSERT
  5
CD01
330
CCFB
100
AcDbEntity
  8
Dim
  6
Continuous
 62
   256
 60
     0
 48
1.0
370
    -2
100
AcDbBlockReference
 66
     0
  2
_ArchTick
 10
715.2676
 20
174.1885
 30
0.0
 41
4.5
 42
4.5
 43
4.5
 50
90.0
 70
     0
 71
     0
 44
0.0
 45
0.0
210
0.0
220
0.0
230
1.0
  0
INSERT
  5
CD02
330
CCFB
100
AcDbEntity
  8
Dim
  6
Continuous
 62
   256
 60
     0
 48
1.0
370
    -2
100
AcDbBlockReference
 66
     0
  2
_ArchTick
 10
715.2676
 20
103.6885
 30
0.0
 41
4.5
 42
4.5
 43
4.5
 50
270.0
 70
     0
 71
     0
 44
0.0
 45
0.0
210
0.0
220
0.0
230
1.0
  0
MTEXT
  5
CD03
330
CCFB
100
AcDbEntity
  8
Dim
  6
Continuous
 62
   256
 60
     0
 48
1.0
370
    -1
100
AcDbMText
 10
709.4105
 20
138.9385
 30
0.0
210
0.0
220
0.0
230
1.0
 40
3.75
 41
0.0
 50
0.0
 71
     5
 72
     1
  1
\A1;5'-10 1/2"
  7
ROMANS
 11
0.0
 21
1.0
 31
0.0
 42
38.6071
 73
     1
 44
1.0
 90
        0
 75
     0
 78
     0
 79
     0
 48
0.0
 49
0.0
  0
MTEXT
  5
CD04
330
CCFB
100
AcDbEntity
  8
Dim
  6
Continuous
 62
   256
 60
     0
 48
1.0
370
    -1
100
AcDbMText
 10
721.1247
 20
138.9385
 30
0.0
210
0.0
220
0.0
230
1.0
 40
3.75
 41
0.0
 50
0.0
 71
     5
 72
     1
  1
\A1;[1791]
  7
ROMANS
 11
0.0
 21
1.0
 31
0.0
 42
20.3304
 73
     1
 44
1.0
 90
        0
 75
     0
 78
     0
 79
     0
 48
0.0
 49
0.0
  0
POINT
  5
CD05
330
CCFB
100
AcDbEntity
  8
DEFPOINTS
  6
Continuous
 62
     0
 60
     0
 48
1.0
370
    -1
100
AcDbPoint
 10
739.8556
 20
174.1885
 30
0.0
 39
0.0
 50
0.0
  0
POINT
  5
CD06
330
CCFB
100
AcDbEntity
  8
DEFPOINTS
  6
Continuous
 62
     0
 60
     0
 48
1.0
370
    -1
100
AcDbPoint
 10
739.8556
 20
103.6885
 30
0.0
 39
0.0
 50
0.0
  0
POINT
  5
CD07
330
CCFB
100
AcDbEntity
  8
DEFPOINTS
  6
Continuous
 62
     0
 60
     0
 48
1.0
370
    -1
100
AcDbPoint
 10
715.2676
 20
103.6885
 30
0.0
 39
0.0
 50
0.0
  0
ENDBLK
  5
CCFD
330
CCFB
100
AcDbEntity
  8
0
100
AcDbBlockEnd
  0
BLOCK
  5
CD0F
330
CD0E
100
AcDbEntity
  8
0
100
AcDbBlockBegin
  2
*D38
 70
     0
 10
0.0
 20
0.0
 30
0.0
  3
*D38
  1

  4

  0
LINE
  5
CD11
330
CD0E
100
AcDbEntity
  8
Dim
  6
Continuous
 62
   256
 60
     0
 48
1.0
370
    -2
100
AcDbLine
 39
0.0
 10
534.7412
 20
218.5438
 30
0.0
 11
534.7412
 21
309.7324
 31
0.0
  0
LINE
  5
CD12
330
CD0E
100
AcDbEntity
  8
Dim
  6
Continuous
 62
   256
 60
     0
 48
1.0
370
    -2
100
AcDbLine
 39
0.0
 10
432.2112
 20
249.2823
 30
0.0
 11
432.2112
 21
309.7324
 31
0.0
  0
LINE
  5
CD13
330
CD0E
100
AcDbEntity
  8
Dim
  6
Continuous
 62
   256
 60
     0
 48
1.0
370
    -2
100
AcDbLine
 39
0.0
 10
534.835
 20
305.2324
 30
0.0
 11
432.1175
 21
305.2324
 31
0.0
  0
INSERT
  5
CD14
330
CD0E
100
AcDbEntity
  8
Dim
  6
Continuous
 62
   256
 60
     0
 48
1.0
370
    -2
100
AcDbBlockReference
 66
     0
  2
_ArchTick
 10
534.7412
 20
305.2324
 30
0.0
 41
4.5
 42
4.5
 43
4.5
 50
0.0
 70
     0
 71
     0
 44
0.0
 45
0.0
210
0.0
220
0.0
230
1.0
  0
INSERT
  5
CD15
330
CD0E
100
AcDbEntity
  8
Dim
  6
Continuous
 62
   256
 60
     0
 48
1.0
370
    -2
100
AcDbBlockReference
 66
     0
  2
_ArchTick
 10
432.2112
 20
305.2324
 30
0.0
 41
4.5
 42
4.5
 43
4.5
 50
180.0
 70
     0
 71
     0
 44
0.0
 45
0.0
210
0.0
220
0.0
230
1.0
  0
MTEXT
  5
CD16
330
CD0E
100
AcDbEntity
  8
Dim
  6
Continuous
 62
   256
 60
     0
 48
1.0
370
    -1
100
AcDbMText
 10
483.4762
 20
311.0895
 30
0.0
210
0.0
220
0.0
230
1.0
 40
3.75
 41
0.0
 50
0.0
 71
     5
 72
     1
  1
\A1;8'-6 1/2"
  7
ROMANS
 11
1.0
 21
0.0
 31
0.0
 42
34.5
 73
     1
 44
1.0
 90
        0
 75
     0
 78
     0
 79
     0
 48
0.0
 49
0.0
  0
MTEXT
  5
CD17
330
CD0E
100
AcDbEntity
  8
Dim
  6
Continuous
 62
   256
 60
     0
 48
1.0
370
    -1
100
AcDbMText
 10
483.4762
 20
299.3753
 30
0.0
210
0.0
220
0.0
230
1.0
 40
3.75
 41
0.0
 50
0.0
 71
     5
 72
     1
  1
\A1;[2604]
  7
ROMANS
 11
1.0
 21
0.0
 31
0.0
 42
20.3304
 73
     1
 44
1.0
 90
        0
 75
     0
 78
     0
 79
     0
 48
0.0
 49
0.0
  0
POINT
  5
CD18
330
CD0E
100
AcDbEntity
  8
DEFPOINTS
  6
Continuous
 62
     0
 60
     0
 48
1.0
370
    -1
100
AcDbPoint
 10
534.7412
 20
214.0438
 30
0.0
 39
0.0
 50
0.0
  0
POINT
  5
CD19
330
CD0E
100
AcDbEntity
  8
DEFPOINTS
  6
Continuous
 62
     0
 60
     0
 48
1.0
370
    -1
100
AcDbPoint
 10
432.2112
 20
244.7823
 30
0.0
 39
0.0
 50
0.0
  0
POINT
  5
CD1A
330
CD0E
100
AcDbEntity
  8
DEFPOINTS
  6
Continuous
 62
     0
 60
     0
 48
1.0
370
    -1
100
AcDbPoint
 10
432.2112
 20
305.2324
 30
0.0
 39
0.0
 50
0.0
  0
ENDBLK
  5
CD10
330
CD0E
100
AcDbEntity
  8
0
100
AcDbBlockEnd
  0
BLOCK
  5
CD1C
330
CD1B
100
AcDbEntity
  8
0
100
AcDbBlockBegin
  2
*D39
 70
     0
 10
0.0
 20
0.0
 30
0.0
  3
*D39
  1

  4

  0
LINE
  5
CD1E
330
CD1B
100
AcDbEntity
  8
Dim
  6
Continuous
 62
   256
 60
     0
 48
1.0
370
    -2
100
AcDbLine
 39
0.0
 10
322.7412
 20
298.4415
 30
0.0
 11
322.7412
 21
309.7324
 31
0.0
  0
LINE
  5
CD1F
330
CD1B
100
AcDbEntity
  8
Dim
  6
Continuous
 62
   256
 60
     0
 48
1.0
370
    -2
100
AcDbLine
 39
0.0
 10
322.6475
 20
305.2324
 30
0.0
 11
432.305
 21
305.2324
 31
0.0
  0
INSERT
  5
CD20
330
CD1B
100
AcDbEntity
  8
Dim
  6
Continuous
 62
   256
 60
     0
 48
1.0
370
    -2
100
AcDbBlockReference
 66
     0
  2
_ArchTick
 10
322.7412
 20
305.2324
 30
0.0
 41
4.5
 42
4.5
 43
4.5
 50
180.0
 70
     0
 71
     0
 44
0.0
 45
0.0
210
0.0
220
0.0
230
1.0
  0
INSERT
  5
CD21
330
CD1B
100
AcDbEntity
  8
Dim
  6
Continuous
 62
   256
 60
     0
 48
1.0
370
    -2
100
AcDbBlockReference
 66
     0
  2
_ArchTick
 10
432.2112
 20
305.2324
 30
0.0
 41
4.5
 42
4.5
 43
4.5
 50
0.0
 70
     0
 71
     0
 44
0.0
 45
0.0
210
0.0
220
0.0
230
1.0
  0
MTEXT
  5
CD22
330
CD1B
100
AcDbEntity
  8
Dim
  6
Continuous
 62
   256
 60
     0
 48
1.0
370
    -1
100
AcDbMText
 10
377.4762
 20
311.0895
 30
0.0
210
0.0
220
0.0
230
1.0
 40
3.75
 41
0.0
 50
0.0
 71
     5
 72
     1
  1
\A1;9'-1 1/2"
  7
ROMANS
 11
1.0
 21
0.0
 31
0.0
 42
34.5
 73
     1
 44
1.0
 90
        0
 75
     0
 78
     0
 79
     0
 48
0.0
 49
0.0
  0
MTEXT
  5
CD23
330
CD1B
100
AcDbEntity
  8
Dim
  6
Continuous
 62
   256
 60
     0
 48
1.0
370
    -1
100
AcDbMText
 10
377.4762
 20
299.3753
 30
0.0
210
0.0
220
0.0
230
1.0
 40
3.75
 41
0.0
 50
0.0
 71
     5
 72
     1
  1
\A1;[2781]
  7
ROMANS
 11
1.0
 21
0.0
 31
0.0
 42
20.3304
 73
     1
 44
1.0
 90
        0
 75
     0
 78
     0
 79
     0
 48
0.0
 49
0.0
  0
POINT
  5
CD24
330
CD1B
100
AcDbEntity
  8
DEFPOINTS
  6
Continuous
 62
     0
 60
     0
 48
1.0
370
    -1
100
AcDbPoint
 10
322.7412
 20
293.9415
 30
0.0
 39
0.0
 50
0.0
  0
POINT
  5
CD25
330
CD1B
100
AcDbEntity
  8
DEFPOINTS
  6
Continuous
 62
     0
 60
     0
 48
1.0
370
    -1
100
AcDbPoint
 10
432.2112
 20
305.2324
 30
0.0
 39
0.0
 50
0.0
  0
POINT
  5
CD26
330
CD1B
100
AcDbEntity
  8
DEFPOINTS
  6
Continuous
 62
     0
 60
     0
 48
1.0
370
    -1
100
AcDbPoint
 10
432.2112
 20
305.2324
 30
0.0
 39
0.0
 50
0.0
  0
ENDBLK
  5
CD1D
330
CD1B
100
AcDbEntity
  8
0
100
AcDbBlockEnd
  0
BLOCK
  5
CD2B
330
CD2A
100
AcDbEntity
  8
0
100
AcDbBlockBegin
  2
*D40
 70
     0
 10
0.0
 20
0.0
 30
0.0
  3
*D40
  1

  4

  0
LINE
  5
CD2D
330
CD2A
100
AcDbEntity
  8
Dim
  6
Continuous
 62
   256
 60
     0
 48
1.0
370
    -2
100
AcDbLine
 39
0.0
 10
957.1982
 20
244.6885
 30
0.0
 11
976.1351
 21
244.6885
 31
0.0
  0
LINE
  5
CD2E
330
CD2A
100
AcDbEntity
  8
Dim
  6
Continuous
 62
   256
 60
     0
 48
1.0
370
    -2
100
AcDbLine
 39
0.0
 10
956.2371
 20
98.6885
 30
0.0
 11
976.1351
 21
98.6885
 31
0.0
  0
LINE
  5
CD2F
330
CD2A
100
AcDbEntity
  8
Dim
  6
Continuous
 62
   256
 60
     0
 48
1.0
370
    -2
100
AcDbLine
 39
0.0
 10
971.6351
 20
244.7823
 30
0.0
 11
971.6351
 21
98.5948
 31
0.0
  0
INSERT
  5
CD30
330
CD2A
100
AcDbEntity
  8
Dim
  6
Continuous
 62
   256
 60
     0
 48
1.0
370
    -2
100
AcDbBlockReference
 66
     0
  2
_ArchTick
 10
971.6351
 20
244.6885
 30
0.0
 41
4.5
 42
4.5
 43
4.5
 50
90.0
 70
     0
 71
     0
 44
0.0
 45
0.0
210
0.0
220
0.0
230
1.0
  0
INSERT
  5
CD31
330
CD2A
100
AcDbEntity
  8
Dim
  6
Continuous
 62
   256
 60
     0
 48
1.0
370
    -2
100
AcDbBlockReference
 66
     0
  2
_ArchTick
 10
971.6351
 20
98.6885
 30
0.0
 41
4.5
 42
4.5
 43
4.5
 50
270.0
 70
     0
 71
     0
 44
0.0
 45
0.0
210
0.0
220
0.0
230
1.0
  0
MTEXT
  5
CD32
330
CD2A
100
AcDbEntity
  8
Dim
  6
Continuous
 62
   256
 60
     0
 48
1.0
370
    -1
100
AcDbMText
 10
966.403
 20
171.6885
 30
0.0
210
0.0
220
0.0
230
1.0
 40
3.75
 41
0.0
 50
0.0
 71
     5
 72
     1
  1
\A1;12'-2"
  7
ROMANS
 11
0.0
 21
1.0
 31
0.0
 42
20.9464
 73
     1
 44
1.0
 90
        0
 75
     0
 78
     0
 79
     0
 48
0.0
 49
0.0
  0
MTEXT
  5
CD33
330
CD2A
100
AcDbEntity
  8
Dim
  6
Continuous
 62
   256
 60
     0
 48
1.0
370
    -1
100
AcDbMText
 10
977.4922
 20
171.6885
 30
0.0
210
0.0
220
0.0
230
1.0
 40
3.75
 41
0.0
 50
0.0
 71
     5
 72
     1
  1
\A1;[3708]
  7
ROMANS
 11
0.0
 21
1.0
 31
0.0
 42
20.3304
 73
     1
 44
1.0
 90
        0
 75
     0
 78
     0
 79
     0
 48
0.0
 49
0.0
  0
POINT
  5
CD34
330
CD2A
100
AcDbEntity
  8
DEFPOINTS
  6
Continuous
 62
     0
 60
     0
 48
1.0
370
    -1
100
AcDbPoint
 10
952.6982
 20
244.6885
 30
0.0
 39
0.0
 50
0.0
  0
POINT
  5
CD35
330
CD2A
100
AcDbEntity
  8
DEFPOINTS
  6
Continuous
 62
     0
 60
     0
 48
1.0
370
    -1
100
AcDbPoint
 10
951.7371
 20
98.6885
 30
0.0
 39
0.0
 50
0.0
  0
POINT
  5
CD36
330
CD2A
100
AcDbEntity
  8
DEFPOINTS
  6
Continuous
 62
     0
 60
     0
 48
1.0
370
    -1
100
AcDbPoint
 10
971.6351
 20
98.6885
 30
0.0
 39
0.0
 50
0.0
  0
ENDBLK
  5
CD2C
330
CD2A
100
AcDbEntity
  8
0
100
AcDbBlockEnd
  0
BLOCK
  5
20
330
1F
100
AcDbEntity
  8
0
100
AcDbBlockBegin
  2
*Model_Space
 70
     0
 10
0.0
 20
0.0
 30
0.0
  3
*Model_Space
  1

  4

  0
ENDBLK
  5
21
330
1F
100
AcDbEntity
  8
0
100
AcDbBlockEnd
  0
BLOCK
  5
218A
330
2188
100
AcDbEntity
  8
0
100
AcDbBlockBegin
  2
*Paper_Space
 70
     0
 10
0.0
 20
0.0
 30
0.0
  3
*Paper_Space
  1

  4

  0
ENDBLK
  5
218B
330
2188
100
AcDbEntity
  8
0
100
AcDbBlockEnd
  0
BLOCK
  5
105
330
104
100
AcDbEntity
  8
0
100
AcDbBlockBegin
  2
outstandingconn1
 70
     0
 10
0.0
 20
0.0
 30
0.0
  3
outstandingconn1
  1

  4

  0
LINE
  5
106
330
104
100
AcDbEntity
  8
Struc_Section_Steel
  6
Continuous
 62
   131
 60
     0
 48
2.0
370
    -1
100
AcDbLine
 39
0.0
 10
0.0
 20
6.14
 30
0.0
 11
3.0
 21
6.14
 31
0.0
  0
LINE
  5
107
330
104
100
AcDbEntity
  8
Struc_Section_Steel
  6
Continuous
 62
   131
 60
     0
 48
2.0
370
    -1
100
AcDbLine
 39
0.0
 10
0.0
 20
0.0
 30
0.0
 11
3.0
 21
-0.0
 31
0.0
  0
LINE
  5
108
330
104
100
AcDbEntity
  8
Struc_Section_Steel
  6
Continuous
 62
   131
 60
     0
 48
2.0
370
    -1
100
AcDbLine
 39
0.0
 10
0.375
 20
6.14
 30
0.0
 11
0.375
 21
-0.0
 31
0.0
  0
LINE
  5
109
330
104
100
AcDbEntity
  8
Struc_Section_Steel
  6
Continuous
 62
   131
 60
     0
 48
2.0
370
    -1
100
AcDbLine
 39
0.0
 10
0.0
 20
6.14
 30
0.0
 11
0.0
 21
0.0
 31
0.0
  0
LINE
  5
10A
330
104
100
AcDbEntity
  8
Struc_Section_Steel
  6
Continuous
 62
   131
 60
     0
 48
2.0
370
    -1
100
AcDbLine
 39
0.0
 10
3.0
 20
6.14
 30
0.0
 11
3.0
 21
-0.0
 31
0.0
  0
CIRCLE
  5
10B
330
104
100
AcDbEntity
  8
Struc_Section_MachineBolt
  6
Continuous
 62
   256
 60
     0
 48
2.0
370
    -1
100
AcDbCircle
 39
0.0
 10
1.6875
 20
4.64
 30
0.0
 40
0.375
  0
CIRCLE
  5
10C
330
104
100
AcDbEntity
  8
Struc_Section_MachineBolt
  6
Continuous
 62
   256
 60
     0
 48
2.0
370
    -1
100
AcDbCircle
 39
0.0
 10
1.6875
 20
1.5
 30
0.0
 40
0.375
  0
LWPOLYLINE
  5
10D
330
104
100
AcDbEntity
  8
Struc_Section_MachineBolt
  6
Continuous
 62
   256
 60
     0
 48
2.0
370
    -1
100
AcDbPolyline
 90
        6
 70
     1
 10
1.1984
 20
4.3576
 10
1.6875
 20
4.0752
 10
2.1766
 20
4.3576
 10
2.1766
 20
4.9224
 10
1.6875
 20
5.2048
 10
1.1984
 20
4.9224
  0
LWPOLYLINE
  5
10E
330
104
100
AcDbEntity
  8
Struc_Section_MachineBolt
  6
Continuous
 62
   256
 60
     0
 48
2.0
370
    -1
100
AcDbPolyline
 90
        6
 70
     1
 10
1.1984
 20
1.2176
 10
1.6875
 20
0.9352
 10
2.1766
 20
1.2176
 10
2.1766
 20
1.7824
 10
1.6875
 20
2.0648
 10
1.1984
 20
1.7824
  0
ENDBLK
  5
10F
330
104
100
AcDbEntity
  8
0
100
AcDbBlockEnd
  0
BLOCK
  5
111
330
110
100
AcDbEntity
  8
0
100
AcDbBlockBegin
  2
C250x23
 70
     0
 10
0.0
 20
0.0
 30
0.0
  3
C250x23
  1

  4

  0
LWPOLYLINE
  5
112
330
110
100
AcDbEntity
  8
Struc_Section_Steel
  6
Continuous
 62
   256
 60
     0
 48
1.0
370
    -1
100
AcDbPolyline
 90
       12
 70
     1
 10
2.3418
 20
0.291
 42
-0.3618
 10
2.5575
 20
0.0547
 42
0.0
 10
2.56
 20
0.0
 42
0.0
 10
0.0
 20
0.0
 42
0.0
 10
0.0
 20
10.0
 42
0.0
 10
2.56
 20
10.0
 42
0.0
 10
2.5575
 20
9.9453
 42
-0.3618
 10
2.3418
 20
9.709
 42
0.0
 10
0.4559
 20
9.4497
 42
0.3747
 10
0.24
 20
9.202
 42
0.0
 10
0.24
 20
0.798
 42
0.3747
 10
0.4559
 20
0.5503
 42
0.0
  0
ENDBLK
  5
113
330
110
100
AcDbEntity
  8
0
100
AcDbBlockEnd
  0
BLOCK
  5
117
330
114
100
AcDbEntity
  8
0
100
AcDbBlockBegin
  2
STAIR
 70
     0
 10
0.0
 20
0.0
 30
0.0
  3
STAIR
  1
.\STAIR.dwg
  4

  0
LINE
  5
118
330
114
100
AcDbEntity
  8
Layer131B
  6
Continuous
 62
   256
 60
     0
 48
1.0
370
    -1
100
AcDbLine
 39
0.0
 10
14.6543
 20
132.45
 30
0.0
 11
14.6543
 21
133.95
 31
0.0
  0
LINE
  5
119
330
114
100
AcDbEntity
  8
Layer131B
  6
Continuous
 62
   256
 60
     0
 48
1.0
370
    -1
100
AcDbLine
 39
0.0
 10
24.9043
 20
125.4
 30
0.0
 11
24.9043
 21
126.9
 31
0.0
  0
LINE
  5
11A
330
114
100
AcDbEntity
  8
Layer131B
  6
Continuous
 62
   256
 60
     0
 48
1.0
370
    -1
100
AcDbLine
 39
0.0
 10
36.1543
 20
118.35
 30
0.0
 11
36.1543
 21
119.85
 31
0.0
  0
LINE
  5
11B
330
114
100
AcDbEntity
  8
Layer131B
  6
Continuous
 62
   256
 60
     0
 48
1.0
370
    -1
100
AcDbLine
 39
0.0
 10
47.4043
 20
111.3
 30
0.0
 11
47.4043
 21
112.8
 31
0.0
  0
LINE
  5
11C
330
114
100
AcDbEntity
  8
Layer131B
  6
Continuous
 62
   256
 60
     0
 48
1.0
370
    -1
100
AcDbLine
 39
0.0
 10
58.6543
 20
104.25
 30
0.0
 11
58.6543
 21
105.75
 31
0.0
  0
LINE
  5
11D
330
114
100
AcDbEntity
  8
Layer131B
  6
Continuous
 62
   256
 60
     0
 48
1.0
370
    -1
100
AcDbLine
 39
0.0
 10
69.9043
 20
97.2
 30
0.0
 11
69.9043
 21
98.7
 31
0.0
  0
LINE
  5
11E
330
114
100
AcDbEntity
  8
Layer131B
  6
Continuous
 62
   256
 60
     0
 48
1.0
370
    -1
100
AcDbLine
 39
0.0
 10
92.4043
 20
83.1
 30
0.0
 11
92.4043
 21
84.6
 31
0.0
  0
LINE
  5
11F
330
114
100
AcDbEntity
  8
Layer131B
  6
Continuous
 62
   256
 60
     0
 48
1.0
370
    -1
100
AcDbLine
 39
0.0
 10
103.6543
 20
76.05
 30
0.0
 11
103.6543
 21
77.55
 31
0.0
  0
LINE
  5
120
330
114
100
AcDbEntity
  8
Layer131B
  6
Continuous
 62
   256
 60
     0
 48
5.0
370
    -1
100
AcDbLine
 39
0.0
 10
15.25
 20
5.55
 30
0.0
 11
15.25
 21
7.05
 31
0.0
  0
LINE
  5
121
330
114
100
AcDbEntity
  8
Layer131B
  6
Continuous
 62
   256
 60
     0
 48
5.0
370
    -1
100
AcDbLine
 39
0.0
 10
26.5
 20
12.6
 30
0.0
 11
26.5
 21
14.1
 31
0.0
  0
LINE
  5
122
330
114
100
AcDbEntity
  8
Layer131B
  6
Continuous
 62
   256
 60
     0
 48
5.0
370
    -1
100
AcDbLine
 39
0.0
 10
37.75
 20
19.65
 30
0.0
 11
37.75
 21
21.15
 31
0.0
  0
LINE
  5
123
330
114
100
AcDbEntity
  8
Layer131B
  6
Continuous
 62
   256
 60
     0
 48
5.0
370
    -1
100
AcDbLine
 39
0.0
 10
49.0
 20
26.7
 30
0.0
 11
49.0
 21
28.2
 31
0.0
  0
LINE
  5
124
330
114
100
AcDbEntity
  8
Layer131B
  6
Continuous
 62
   256
 60
     0
 48
5.0
370
    -1
100
AcDbLine
 39
0.0
 10
60.25
 20
33.75
 30
0.0
 11
60.25
 21
35.25
 31
0.0
  0
LINE
  5
125
330
114
100
AcDbEntity
  8
Layer131B
  6
Continuous
 62
   256
 60
     0
 48
5.0
370
    -1
100
AcDbLine
 39
0.0
 10
71.5
 20
40.8
 30
0.0
 11
71.5
 21
42.3
 31
0.0
  0
LINE
  5
126
330
114
100
AcDbEntity
  8
Layer131B
  6
Continuous
 62
   256
 60
     0
 48
5.0
370
    -1
100
AcDbLine
 39
0.0
 10
82.75
 20
47.85
 30
0.0
 11
82.75
 21
49.35
 31
0.0
  0
LINE
  5
127
330
114
100
AcDbEntity
  8
Layer131B
  6
Continuous
 62
   256
 60
     0
 48
5.0
370
    -1
100
AcDbLine
 39
0.0
 10
94.0
 20
54.9
 30
0.0
 11
94.0
 21
56.4
 31
0.0
  0
LINE
  5
128
330
114
100
AcDbEntity
  8
Layer131B
  6
Continuous
 62
   256
 60
     0
 48
5.0
370
    -1
100
AcDbLine
 39
0.0
 10
103.6543
 20
60.95
 30
0.0
 11
103.6543
 21
62.45
 31
0.0
  0
LINE
  5
129
330
114
100
AcDbEntity
  8
Layer131B
  6
Continuous
 62
   256
 60
     0
 48
1.0
370
    -1
100
AcDbLine
 39
0.0
 10
81.1543
 20
90.15
 30
0.0
 11
81.1543
 21
91.65
 31
0.0
  0
LINE
  5
12A
330
114
100
AcDbEntity
  8
Layer131B
  6
Continuous
 62
   256
 60
     0
 48
1.0
370
    -1
100
AcDbLine
 39
0.0
 10
2.4043
 20
132.45
 30
0.0
 11
2.4043
 21
133.95
 31
0.0
  0
LINE
  5
12B
330
114
100
AcDbEntity
  8
Layer131B
  6
Continuous
 62
   256
 60
     0
 48
1.0
370
    -1
100
AcDbLine
 39
0.0
 10
12.6543
 20
125.4
 30
0.0
 11
12.6543
 21
126.9
 31
0.0
  0
LINE
  5
12C
330
114
100
AcDbEntity
  8
Layer131B
  6
Continuous
 62
   256
 60
     0
 48
1.0
370
    -1
100
AcDbLine
 39
0.0
 10
23.9043
 20
118.35
 30
0.0
 11
23.9043
 21
119.85
 31
0.0
  0
LINE
  5
12D
330
114
100
AcDbEntity
  8
Layer131B
  6
Continuous
 62
   256
 60
     0
 48
1.0
370
    -1
100
AcDbLine
 39
0.0
 10
35.1543
 20
111.3
 30
0.0
 11
35.1543
 21
112.8
 31
0.0
  0
LINE
  5
12E
330
114
100
AcDbEntity
  8
Layer131B
  6
Continuous
 62
   256
 60
     0
 48
1.0
370
    -1
100
AcDbLine
 39
0.0
 10
46.4043
 20
104.25
 30
0.0
 11
46.4043
 21
105.75
 31
0.0
  0
LINE
  5
12F
330
114
100
AcDbEntity
  8
Layer131B
  6
Continuous
 62
   256
 60
     0
 48
1.0
370
    -1
100
AcDbLine
 39
0.0
 10
57.6543
 20
97.2
 30
0.0
 11
57.6543
 21
98.7
 31
0.0
  0
LINE
  5
130
330
114
100
AcDbEntity
  8
Layer131B
  6
Continuous
 62
   256
 60
     0
 48
1.0
370
    -1
100
AcDbLine
 39
0.0
 10
68.9043
 20
90.15
 30
0.0
 11
68.9043
 21
91.65
 31
0.0
  0
LINE
  5
131
330
114
100
AcDbEntity
  8
Layer131B
  6
Continuous
 62
   256
 60
     0
 48
1.0
370
    -1
100
AcDbLine
 39
0.0
 10
80.1543
 20
83.1
 30
0.0
 11
80.1543
 21
84.6
 31
0.0
  0
LINE
  5
132
330
114
100
AcDbEntity
  8
Layer131B
  6
Continuous
 62
   256
 60
     0
 48
1.0
370
    -1
100
AcDbLine
 39
0.0
 10
91.4043
 20
76.05
 30
0.0
 11
91.4043
 21
77.55
 31
0.0
  0
LINE
  5
133
330
114
100
AcDbEntity
  8
Layer131B
  6
Continuous
 62
   256
 60
     0
 48
5.0
370
    -1
100
AcDbLine
 39
0.0
 10
91.4043
 20
60.95
 30
0.0
 11
91.4043
 21
62.45
 31
0.0
  0
LINE
  5
134
330
114
100
AcDbEntity
  8
Layer131B
  6
Continuous
 62
   256
 60
     0
 48
5.0
370
    -1
100
AcDbLine
 39
0.0
 10
81.75
 20
54.9
 30
0.0
 11
81.75
 21
56.4
 31
0.0
  0
LINE
  5
135
330
114
100
AcDbEntity
  8
Layer131B
  6
Continuous
 62
   256
 60
     0
 48
5.0
370
    -1
100
AcDbLine
 39
0.0
 10
70.5
 20
47.85
 30
0.0
 11
70.5
 21
49.35
 31
0.0
  0
LINE
  5
136
330
114
100
AcDbEntity
  8
Layer131B
  6
Continuous
 62
   256
 60
     0
 48
5.0
370
    -1
100
AcDbLine
 39
0.0
 10
59.25
 20
40.8
 30
0.0
 11
59.25
 21
42.3
 31
0.0
  0
LINE
  5
137
330
114
100
AcDbEntity
  8
Layer131B
  6
Continuous
 62
   256
 60
     0
 48
5.0
370
    -1
100
AcDbLine
 39
0.0
 10
48.0
 20
33.75
 30
0.0
 11
48.0
 21
35.25
 31
0.0
  0
LINE
  5
138
330
114
100
AcDbEntity
  8
Layer131B
  6
Continuous
 62
   256
 60
     0
 48
5.0
370
    -1
100
AcDbLine
 39
0.0
 10
36.75
 20
26.7
 30
0.0
 11
36.75
 21
28.2
 31
0.0
  0
LINE
  5
139
330
114
100
AcDbEntity
  8
Layer131B
  6
Continuous
 62
   256
 60
     0
 48
5.0
370
    -1
100
AcDbLine
 39
0.0
 10
25.5
 20
19.65
 30
0.0
 11
25.5
 21
21.15
 31
0.0
  0
LINE
  5
13A
330
114
100
AcDbEntity
  8
Layer131B
  6
Continuous
 62
   256
 60
     0
 48
5.0
370
    -1
100
AcDbLine
 39
0.0
 10
14.25
 20
12.6
 30
0.0
 11
14.25
 21
14.1
 31
0.0
  0
LINE
  5
13B
330
114
100
AcDbEntity
  8
Layer131B
  6
Continuous
 62
   256
 60
     0
 48
5.0
370
    -1
100
AcDbLine
 39
0.0
 10
3.0
 20
5.55
 30
0.0
 11
3.0
 21
7.05
 31
0.0
  0
LINE
  5
13C
330
114
100
AcDbEntity
  8
Layer131B
  6
Continuous
 62
   256
 60
     0
 48
1.0
370
    -1
100
AcDbLine
 39
0.0
 10
2.4043
 20
132.45
 30
0.0
 11
14.6543
 21
132.45
 31
0.0
  0
LINE
  5
13D
330
114
100
AcDbEntity
  8
Layer131B
  6
Continuous
 62
   256
 60
     0
 48
1.0
370
    -1
100
AcDbLine
 39
0.0
 10
12.6543
 20
125.4
 30
0.0
 11
24.9043
 21
125.4
 31
0.0
  0
LINE
  5
13E
330
114
100
AcDbEntity
  8
Layer131B
  6
Continuous
 62
   256
 60
     0
 48
1.0
370
    -1
100
AcDbLine
 39
0.0
 10
23.9043
 20
118.35
 30
0.0
 11
36.1543
 21
118.35
 31
0.0
  0
LINE
  5
13F
330
114
100
AcDbEntity
  8
Layer131B
  6
Continuous
 62
   256
 60
     0
 48
1.0
370
    -1
100
AcDbLine
 39
0.0
 10
35.1543
 20
111.3
 30
0.0
 11
47.4043
 21
111.3
 31
0.0
  0
LINE
  5
140
330
114
100
AcDbEntity
  8
Layer131B
  6
Continuous
 62
   256
 60
     0
 48
1.0
370
    -1
100
AcDbLine
 39
0.0
 10
46.4043
 20
104.25
 30
0.0
 11
58.6543
 21
104.25
 31
0.0
  0
LINE
  5
141
330
114
100
AcDbEntity
  8
Layer131B
  6
Continuous
 62
   256
 60
     0
 48
1.0
370
    -1
100
AcDbLine
 39
0.0
 10
57.6543
 20
97.2
 30
0.0
 11
69.9043
 21
97.2
 31
0.0
  0
LINE
  5
142
330
114
100
AcDbEntity
  8
Layer131B
  6
Continuous
 62
   256
 60
     0
 48
1.0
370
    -1
100
AcDbLine
 39
0.0
 10
68.9043
 20
90.15
 30
0.0
 11
81.1543
 21
90.15
 31
0.0
  0
LINE
  5
143
330
114
100
AcDbEntity
  8
Layer131B
  6
Continuous
 62
   256
 60
     0
 48
1.0
370
    -1
100
AcDbLine
 39
0.0
 10
80.1543
 20
83.1
 30
0.0
 11
92.4043
 21
83.1
 31
0.0
  0
LINE
  5
144
330
114
100
AcDbEntity
  8
Layer131B
  6
Continuous
 62
   256
 60
     0
 48
1.0
370
    -1
100
AcDbLine
 39
0.0
 10
91.4043
 20
76.05
 30
0.0
 11
103.6543
 21
76.05
 31
0.0
  0
LINE
  5
145
330
114
100
AcDbEntity
  8
Layer131B
  6
Continuous
 62
   256
 60
     0
 48
8.0
370
    -1
100
AcDbLine
 39
0.0
 10
91.4043
 20
60.95
 30
0.0
 11
103.6543
 21
60.95
 31
0.0
  0
LINE
  5
146
330
114
100
AcDbEntity
  8
Layer131B
  6
Continuous
 62
   256
 60
     0
 48
8.0
370
    -1
100
AcDbLine
 39
0.0
 10
81.75
 20
54.9
 30
0.0
 11
94.0
 21
54.9
 31
0.0
  0
LINE
  5
147
330
114
100
AcDbEntity
  8
Layer131B
  6
Continuous
 62
   256
 60
     0
 48
8.0
370
    -1
100
AcDbLine
 39
0.0
 10
70.5
 20
47.85
 30
0.0
 11
82.75
 21
47.85
 31
0.0
  0
LINE
  5
148
330
114
100
AcDbEntity
  8
Layer131B
  6
Continuous
 62
   256
 60
     0
 48
8.0
370
    -1
100
AcDbLine
 39
0.0
 10
59.25
 20
40.8
 30
0.0
 11
71.5
 21
40.8
 31
0.0
  0
LINE
  5
149
330
114
100
AcDbEntity
  8
Layer131B
  6
Continuous
 62
   256
 60
     0
 48
5.0
370
    -1
100
AcDbLine
 39
0.0
 10
48.0
 20
33.75
 30
0.0
 11
60.25
 21
33.75
 31
0.0
  0
LINE
  5
14A
330
114
100
AcDbEntity
  8
Layer131B
  6
Continuous
 62
   256
 60
     0
 48
8.0
370
    -1
100
AcDbLine
 39
0.0
 10
36.75
 20
26.7
 30
0.0
 11
49.0
 21
26.7
 31
0.0
  0
LINE
  5
14B
330
114
100
AcDbEntity
  8
Layer131B
  6
Continuous
 62
   256
 60
     0
 48
8.0
370
    -1
100
AcDbLine
 39
0.0
 10
25.5
 20
19.65
 30
0.0
 11
37.75
 21
19.65
 31
0.0
  0
LINE
  5
14C
330
114
100
AcDbEntity
  8
Layer131B
  6
Continuous
 62
   256
 60
     0
 48
8.0
370
    -1
100
AcDbLine
 39
0.0
 10
14.25
 20
12.6
 30
0.0
 11
26.5
 21
12.6
 31
0.0
  0
LINE
  5
14D
330
114
100
AcDbEntity
  8
Layer131B
  6
Continuous
 62
   256
 60
     0
 48
8.0
370
    -1
100
AcDbLine
 39
0.0
 10
3.0
 20
5.55
 30
0.0
 11
15.25
 21
5.55
 31
0.0
  0
HATCH
  5
14E
330
114
100
AcDbEntity
  8
Stair_Conc.
  6
Continuous
 62
   256
 60
     0
 48
1.0
370
    -1
100
AcDbHatch
 10
0.0
 20
0.0
 30
0.0
210
0.0
220
0.0
230
1.0
  2
AR-CONC
 70
     0
 71
     0
 91
        1
 92
        7
 72
     0
 73
     1
 93
        4
 10
14.6543
 20
133.95
 10
2.4043
 20
133.95
 10
2.4043
 20
132.45
 10
14.6543
 20
132.45
 97
        0
 75
     0
 76
     1
 52
0.0
 41
0.1
 77
     0
 78
    13
 53
50.0
 43
-9557.8809
 44
-2321.2511
 45
0.7173
 46
-0.0628
 79
     2
 49
0.075
 49
-0.825
 53
355.0
 43
-9557.8809
 44
-2321.2511
 45
-0.1388
 46
0.7522
 79
     2
 49
0.06
 49
-0.66
 53
100.4514
 43
-9557.8212
 44
-2321.2563
 45
0.5785
 46
0.6894
 79
     2
 49
0.0637
 49
-0.7011
 53
46.1842
 43
-9557.8809
 44
-2321.0511
 45
1.0672
 46
-0.1655
 79
     2
 49
0.1125
 49
-1.2375
 53
96.6356
 43
-9557.792
 44
-2321.0649
 45
0.9347
 46
0.9741
 79
     2
 49
0.0956
 49
-1.0517
 53
351.1842
 43
-9557.8809
 44
-2321.0511
 45
0.9347
 46
0.9741
 79
     2
 49
0.09
 49
-0.99
 53
21.0
 43
-9557.7809
 44
-2321.1011
 45
0.5969
 46
-0.4026
 79
     2
 49
0.075
 49
-0.825
 53
326.0
 43
-9557.7809
 44
-2321.1011
 45
0.2433
 46
0.7252
 79
     2
 49
0.06
 49
-0.66
 53
71.4514
 43
-9557.7312
 44
-2321.1346
 45
0.8402
 46
0.3225
 79
     2
 49
0.0637
 49
-0.7011
 53
37.5
 43
-9557.8809
 44
-2321.2511
 45
0.0122
 46
0.3329
 79
     6
 49
0.0
 49
-0.652
 49
0.0
 49
-0.67
 49
0.0
 49
-0.6625
 53
7.5
 43
-9557.8809
 44
-2321.2511
 45
0.2631
 46
0.3944
 79
     6
 49
0.0
 49
-0.382
 49
0.0
 49
-0.637
 49
0.0
 49
-0.2525
 53
327.5
 43
-9558.1039
 44
-2321.2511
 45
0.5338
 46
-0.0226
 79
     6
 49
0.0
 49
-0.25
 49
0.0
 49
-0.78
 49
0.0
 49
-1.035
 53
317.5
 43
-9558.2039
 44
-2321.2511
 45
0.5832
 46
0.1001
 79
     6
 49
0.0
 49
-0.325
 49
0.0
 49
-0.518
 49
0.0
 49
-0.735
 47
0.0544
 98
        1
 10
9.8603
 20
133.0134
450
        0
451
         -2147483648
460
0.0
461
0.0
452
        0
462
0.0
453
        0
463
0.0
463
1.0
470

  0
HATCH
  5
14F
330
114
100
AcDbEntity
  8
Stair_Conc.
  6
Continuous
 62
   256
 60
     0
 48
1.0
370
    -1
100
AcDbHatch
 10
0.0
 20
0.0
 30
0.0
210
0.0
220
0.0
230
1.0
  2
AR-CONC
 70
     0
 71
     0
 91
        1
 92
        7
 72
     0
 73
     1
 93
        4
 10
24.9043
 20
126.9
 10
12.6543
 20
126.9
 10
12.6543
 20
125.4
 10
24.9043
 20
125.4
 97
        0
 75
     0
 76
     1
 52
0.0
 41
0.1
 77
     0
 78
    13
 53
50.0
 43
-9547.6309
 44
-2328.3011
 45
0.7173
 46
-0.0628
 79
     2
 49
0.075
 49
-0.825
 53
355.0
 43
-9547.6309
 44
-2328.3011
 45
-0.1388
 46
0.7522
 79
     2
 49
0.06
 49
-0.66
 53
100.4514
 43
-9547.5712
 44
-2328.3063
 45
0.5785
 46
0.6894
 79
     2
 49
0.0637
 49
-0.7011
 53
46.1842
 43
-9547.6309
 44
-2328.1011
 45
1.0672
 46
-0.1655
 79
     2
 49
0.1125
 49
-1.2375
 53
96.6356
 43
-9547.542
 44
-2328.1149
 45
0.9347
 46
0.9741
 79
     2
 49
0.0956
 49
-1.0517
 53
351.1842
 43
-9547.6309
 44
-2328.1011
 45
0.9347
 46
0.9741
 79
     2
 49
0.09
 49
-0.99
 53
21.0
 43
-9547.5309
 44
-2328.1511
 45
0.5969
 46
-0.4026
 79
     2
 49
0.075
 49
-0.825
 53
326.0
 43
-9547.5309
 44
-2328.1511
 45
0.2433
 46
0.7252
 79
     2
 49
0.06
 49
-0.66
 53
71.4514
 43
-9547.4812
 44
-2328.1846
 45
0.8402
 46
0.3225
 79
     2
 49
0.0637
 49
-0.7011
 53
37.5
 43
-9547.6309
 44
-2328.3011
 45
0.0122
 46
0.3329
 79
     6
 49
0.0
 49
-0.652
 49
0.0
 49
-0.67
 49
0.0
 49
-0.6625
 53
7.5
 43
-9547.6309
 44
-2328.3011
 45
0.2631
 46
0.3944
 79
     6
 49
0.0
 49
-0.382
 49
0.0
 49
-0.637
 49
0.0
 49
-0.2525
 53
327.5
 43
-9547.8539
 44
-2328.3011
 45
0.5338
 46
-0.0226
 79
     6
 49
0.0
 49
-0.25
 49
0.0
 49
-0.78
 49
0.0
 49
-1.035
 53
317.5
 43
-9547.9539
 44
-2328.3011
 45
0.5832
 46
0.1001
 79
     6
 49
0.0
 49
-0.325
 49
0.0
 49
-0.518
 49
0.0
 49
-0.735
 47
0.0544
 98
        1
 10
20.1103
 20
125.9634
450
        0
451
         -2147483648
460
0.0
461
0.0
452
        0
462
0.0
453
        0
463
0.0
463
1.0
470

  0
HATCH
  5
150
330
114
100
AcDbEntity
  8
Stair_Conc.
  6
Continuous
 62
   256
 60
     0
 48
1.0
370
    -1
100
AcDbHatch
 10
0.0
 20
0.0
 30
0.0
210
0.0
220
0.0
230
1.0
  2
AR-CONC
 70
     0
 71
     0
 91
        1
 92
        7
 72
     0
 73
     1
 93
        4
 10
36.1543
 20
119.85
 10
23.9043
 20
119.85
 10
23.9043
 20
118.35
 10
36.1543
 20
118.35
 97
        0
 75
     0
 76
     1
 52
0.0
 41
0.1
 77
     0
 78
    13
 53
50.0
 43
-9536.3809
 44
-2335.3511
 45
0.7173
 46
-0.0628
 79
     2
 49
0.075
 49
-0.825
 53
355.0
 43
-9536.3809
 44
-2335.3511
 45
-0.1388
 46
0.7522
 79
     2
 49
0.06
 49
-0.66
 53
100.4514
 43
-9536.3212
 44
-2335.3563
 45
0.5785
 46
0.6894
 79
     2
 49
0.0637
 49
-0.7011
 53
46.1842
 43
-9536.3809
 44
-2335.1511
 45
1.0672
 46
-0.1655
 79
     2
 49
0.1125
 49
-1.2375
 53
96.6356
 43
-9536.292
 44
-2335.1649
 45
0.9347
 46
0.9741
 79
     2
 49
0.0956
 49
-1.0517
 53
351.1842
 43
-9536.3809
 44
-2335.1511
 45
0.9347
 46
0.9741
 79
     2
 49
0.09
 49
-0.99
 53
21.0
 43
-9536.2809
 44
-2335.2011
 45
0.5969
 46
-0.4026
 79
     2
 49
0.075
 49
-0.825
 53
326.0
 43
-9536.2809
 44
-2335.2011
 45
0.2433
 46
0.7252
 79
     2
 49
0.06
 49
-0.66
 53
71.4514
 43
-9536.2312
 44
-2335.2346
 45
0.8402
 46
0.3225
 79
     2
 49
0.0637
 49
-0.7011
 53
37.5
 43
-9536.3809
 44
-2335.3511
 45
0.0122
 46
0.3329
 79
     6
 49
0.0
 49
-0.652
 49
0.0
 49
-0.67
 49
0.0
 49
-0.6625
 53
7.5
 43
-9536.3809
 44
-2335.3511
 45
0.2631
 46
0.3944
 79
     6
 49
0.0
 49
-0.382
 49
0.0
 49
-0.637
 49
0.0
 49
-0.2525
 53
327.5
 43
-9536.6039
 44
-2335.3511
 45
0.5338
 46
-0.0226
 79
     6
 49
0.0
 49
-0.25
 49
0.0
 49
-0.78
 49
0.0
 49
-1.035
 53
317.5
 43
-9536.7039
 44
-2335.3511
 45
0.5832
 46
0.1001
 79
     6
 49
0.0
 49
-0.325
 49
0.0
 49
-0.518
 49
0.0
 49
-0.735
 47
0.0544
 98
        1
 10
31.3603
 20
118.9134
450
        0
451
         -2147483648
460
0.0
461
0.0
452
        0
462
0.0
453
        0
463
0.0
463
1.0
470

  0
HATCH
  5
151
330
114
100
AcDbEntity
  8
Stair_Conc.
  6
Continuous
 62
   256
 60
     0
 48
1.0
370
    -1
100
AcDbHatch
 10
0.0
 20
0.0
 30
0.0
210
0.0
220
0.0
230
1.0
  2
AR-CONC
 70
     0
 71
     0
 91
        1
 92
        7
 72
     0
 73
     1
 93
        4
 10
47.4043
 20
112.8
 10
35.1543
 20
112.8
 10
35.1543
 20
111.3
 10
47.4043
 20
111.3
 97
        0
 75
     0
 76
     1
 52
0.0
 41
0.1
 77
     0
 78
    13
 53
50.0
 43
-9525.1309
 44
-2342.4011
 45
0.7173
 46
-0.0628
 79
     2
 49
0.075
 49
-0.825
 53
355.0
 43
-9525.1309
 44
-2342.4011
 45
-0.1388
 46
0.7522
 79
     2
 49
0.06
 49
-0.66
 53
100.4514
 43
-9525.0712
 44
-2342.4063
 45
0.5785
 46
0.6894
 79
     2
 49
0.0637
 49
-0.7011
 53
46.1842
 43
-9525.1309
 44
-2342.2011
 45
1.0672
 46
-0.1655
 79
     2
 49
0.1125
 49
-1.2375
 53
96.6356
 43
-9525.042
 44
-2342.2149
 45
0.9347
 46
0.9741
 79
     2
 49
0.0956
 49
-1.0517
 53
351.1842
 43
-9525.1309
 44
-2342.2011
 45
0.9347
 46
0.9741
 79
     2
 49
0.09
 49
-0.99
 53
21.0
 43
-9525.0309
 44
-2342.2511
 45
0.5969
 46
-0.4026
 79
     2
 49
0.075
 49
-0.825
 53
326.0
 43
-9525.0309
 44
-2342.2511
 45
0.2433
 46
0.7252
 79
     2
 49
0.06
 49
-0.66
 53
71.4514
 43
-9524.9812
 44
-2342.2846
 45
0.8402
 46
0.3225
 79
     2
 49
0.0637
 49
-0.7011
 53
37.5
 43
-9525.1309
 44
-2342.4011
 45
0.0122
 46
0.3329
 79
     6
 49
0.0
 49
-0.652
 49
0.0
 49
-0.67
 49
0.0
 49
-0.6625
 53
7.5
 43
-9525.1309
 44
-2342.4011
 45
0.2631
 46
0.3944
 79
     6
 49
0.0
 49
-0.382
 49
0.0
 49
-0.637
 49
0.0
 49
-0.2525
 53
327.5
 43
-9525.3539
 44
-2342.4011
 45
0.5338
 46
-0.0226
 79
     6
 49
0.0
 49
-0.25
 49
0.0
 49
-0.78
 49
0.0
 49
-1.035
 53
317.5
 43
-9525.4539
 44
-2342.4011
 45
0.5832
 46
0.1001
 79
     6
 49
0.0
 49
-0.325
 49
0.0
 49
-0.518
 49
0.0
 49
-0.735
 47
0.0544
 98
        1
 10
42.6103
 20
111.8634
450
        0
451
         -2147483648
460
0.0
461
0.0
452
        0
462
0.0
453
        0
463
0.0
463
1.0
470

  0
HATCH
  5
152
330
114
100
AcDbEntity
  8
Stair_Conc.
  6
Continuous
 62
   256
 60
     0
 48
1.0
370
    -1
100
AcDbHatch
 10
0.0
 20
0.0
 30
0.0
210
0.0
220
0.0
230
1.0
  2
AR-CONC
 70
     0
 71
     0
 91
        1
 92
        7
 72
     0
 73
     1
 93
        4
 10
58.6543
 20
105.75
 10
46.4043
 20
105.75
 10
46.4043
 20
104.25
 10
58.6543
 20
104.25
 97
        0
 75
     0
 76
     1
 52
0.0
 41
0.1
 77
     0
 78
    13
 53
50.0
 43
-9513.8809
 44
-2349.4511
 45
0.7173
 46
-0.0628
 79
     2
 49
0.075
 49
-0.825
 53
355.0
 43
-9513.8809
 44
-2349.4511
 45
-0.1388
 46
0.7522
 79
     2
 49
0.06
 49
-0.66
 53
100.4514
 43
-9513.8212
 44
-2349.4563
 45
0.5785
 46
0.6894
 79
     2
 49
0.0637
 49
-0.7011
 53
46.1842
 43
-9513.8809
 44
-2349.2511
 45
1.0672
 46
-0.1655
 79
     2
 49
0.1125
 49
-1.2375
 53
96.6356
 43
-9513.792
 44
-2349.2649
 45
0.9347
 46
0.9741
 79
     2
 49
0.0956
 49
-1.0517
 53
351.1842
 43
-9513.8809
 44
-2349.2511
 45
0.9347
 46
0.9741
 79
     2
 49
0.09
 49
-0.99
 53
21.0
 43
-9513.7809
 44
-2349.3011
 45
0.5969
 46
-0.4026
 79
     2
 49
0.075
 49
-0.825
 53
326.0
 43
-9513.7809
 44
-2349.3011
 45
0.2433
 46
0.7252
 79
     2
 49
0.06
 49
-0.66
 53
71.4514
 43
-9513.7312
 44
-2349.3346
 45
0.8402
 46
0.3225
 79
     2
 49
0.0637
 49
-0.7011
 53
37.5
 43
-9513.8809
 44
-2349.4511
 45
0.0122
 46
0.3329
 79
     6
 49
0.0
 49
-0.652
 49
0.0
 49
-0.67
 49
0.0
 49
-0.6625
 53
7.5
 43
-9513.8809
 44
-2349.4511
 45
0.2631
 46
0.3944
 79
     6
 49
0.0
 49
-0.382
 49
0.0
 49
-0.637
 49
0.0
 49
-0.2525
 53
327.5
 43
-9514.1039
 44
-2349.4511
 45
0.5338
 46
-0.0226
 79
     6
 49
0.0
 49
-0.25
 49
0.0
 49
-0.78
 49
0.0
 49
-1.035
 53
317.5
 43
-9514.2039
 44
-2349.4511
 45
0.5832
 46
0.1001
 79
     6
 49
0.0
 49
-0.325
 49
0.0
 49
-0.518
 49
0.0
 49
-0.735
 47
0.0544
 98
        1
 10
53.8603
 20
104.8134
450
        0
451
         -2147483648
460
0.0
461
0.0
452
        0
462
0.0
453
        0
463
0.0
463
1.0
470

  0
HATCH
  5
153
330
114
100
AcDbEntity
  8
Stair_Conc.
  6
Continuous
 62
   256
 60
     0
 48
1.0
370
    -1
100
AcDbHatch
 10
0.0
 20
0.0
 30
0.0
210
0.0
220
0.0
230
1.0
  2
AR-CONC
 70
     0
 71
     0
 91
        1
 92
        7
 72
     0
 73
     1
 93
        4
 10
69.9043
 20
98.7
 10
57.6543
 20
98.7
 10
57.6543
 20
97.2
 10
69.9043
 20
97.2
 97
        0
 75
     0
 76
     1
 52
0.0
 41
0.1
 77
     0
 78
    13
 53
50.0
 43
-9502.6309
 44
-2356.5011
 45
0.7173
 46
-0.0628
 79
     2
 49
0.075
 49
-0.825
 53
355.0
 43
-9502.6309
 44
-2356.5011
 45
-0.1388
 46
0.7522
 79
     2
 49
0.06
 49
-0.66
 53
100.4514
 43
-9502.5712
 44
-2356.5063
 45
0.5785
 46
0.6894
 79
     2
 49
0.0637
 49
-0.7011
 53
46.1842
 43
-9502.6309
 44
-2356.3011
 45
1.0672
 46
-0.1655
 79
     2
 49
0.1125
 49
-1.2375
 53
96.6356
 43
-9502.542
 44
-2356.3149
 45
0.9347
 46
0.9741
 79
     2
 49
0.0956
 49
-1.0517
 53
351.1842
 43
-9502.6309
 44
-2356.3011
 45
0.9347
 46
0.9741
 79
     2
 49
0.09
 49
-0.99
 53
21.0
 43
-9502.5309
 44
-2356.3511
 45
0.5969
 46
-0.4026
 79
     2
 49
0.075
 49
-0.825
 53
326.0
 43
-9502.5309
 44
-2356.3511
 45
0.2433
 46
0.7252
 79
     2
 49
0.06
 49
-0.66
 53
71.4514
 43
-9502.4812
 44
-2356.3846
 45
0.8402
 46
0.3225
 79
     2
 49
0.0637
 49
-0.7011
 53
37.5
 43
-9502.6309
 44
-2356.5011
 45
0.0122
 46
0.3329
 79
     6
 49
0.0
 49
-0.652
 49
0.0
 49
-0.67
 49
0.0
 49
-0.6625
 53
7.5
 43
-9502.6309
 44
-2356.5011
 45
0.2631
 46
0.3944
 79
     6
 49
0.0
 49
-0.382
 49
0.0
 49
-0.637
 49
0.0
 49
-0.2525
 53
327.5
 43
-9502.8539
 44
-2356.5011
 45
0.5338
 46
-0.0226
 79
     6
 49
0.0
 49
-0.25
 49
0.0
 49
-0.78
 49
0.0
 49
-1.035
 53
317.5
 43
-9502.9539
 44
-2356.5011
 45
0.5832
 46
0.1001
 79
     6
 49
0.0
 49
-0.325
 49
0.0
 49
-0.518
 49
0.0
 49
-0.735
 47
0.0544
 98
        1
 10
65.1103
 20
97.7634
450
        0
451
         -2147483648
460
0.0
461
0.0
452
        0
462
0.0
453
        0
463
0.0
463
1.0
470

  0
HATCH
  5
154
330
114
100
AcDbEntity
  8
Stair_Conc.
  6
Continuous
 62
   256
 60
     0
 48
1.0
370
    -1
100
AcDbHatch
 10
0.0
 20
0.0
 30
0.0
210
0.0
220
0.0
230
1.0
  2
AR-CONC
 70
     0
 71
     0
 91
        1
 92
        7
 72
     0
 73
     1
 93
        4
 10
81.1543
 20
91.65
 10
68.9043
 20
91.65
 10
68.9043
 20
90.15
 10
81.1543
 20
90.15
 97
        0
 75
     0
 76
     1
 52
0.0
 41
0.1
 77
     0
 78
    13
 53
50.0
 43
-9491.3809
 44
-2363.5511
 45
0.7173
 46
-0.0628
 79
     2
 49
0.075
 49
-0.825
 53
355.0
 43
-9491.3809
 44
-2363.5511
 45
-0.1388
 46
0.7522
 79
     2
 49
0.06
 49
-0.66
 53
100.4514
 43
-9491.3212
 44
-2363.5563
 45
0.5785
 46
0.6894
 79
     2
 49
0.0637
 49
-0.7011
 53
46.1842
 43
-9491.3809
 44
-2363.3511
 45
1.0672
 46
-0.1655
 79
     2
 49
0.1125
 49
-1.2375
 53
96.6356
 43
-9491.292
 44
-2363.3649
 45
0.9347
 46
0.9741
 79
     2
 49
0.0956
 49
-1.0517
 53
351.1842
 43
-9491.3809
 44
-2363.3511
 45
0.9347
 46
0.9741
 79
     2
 49
0.09
 49
-0.99
 53
21.0
 43
-9491.2809
 44
-2363.4011
 45
0.5969
 46
-0.4026
 79
     2
 49
0.075
 49
-0.825
 53
326.0
 43
-9491.2809
 44
-2363.4011
 45
0.2433
 46
0.7252
 79
     2
 49
0.06
 49
-0.66
 53
71.4514
 43
-9491.2312
 44
-2363.4346
 45
0.8402
 46
0.3225
 79
     2
 49
0.0637
 49
-0.7011
 53
37.5
 43
-9491.3809
 44
-2363.5511
 45
0.0122
 46
0.3329
 79
     6
 49
0.0
 49
-0.652
 49
0.0
 49
-0.67
 49
0.0
 49
-0.6625
 53
7.5
 43
-9491.3809
 44
-2363.5511
 45
0.2631
 46
0.3944
 79
     6
 49
0.0
 49
-0.382
 49
0.0
 49
-0.637
 49
0.0
 49
-0.2525
 53
327.5
 43
-9491.6039
 44
-2363.5511
 45
0.5338
 46
-0.0226
 79
     6
 49
0.0
 49
-0.25
 49
0.0
 49
-0.78
 49
0.0
 49
-1.035
 53
317.5
 43
-9491.7039
 44
-2363.5511
 45
0.5832
 46
0.1001
 79
     6
 49
0.0
 49
-0.325
 49
0.0
 49
-0.518
 49
0.0
 49
-0.735
 47
0.0544
 98
        1
 10
76.3603
 20
90.7134
450
        0
451
         -2147483648
460
0.0
461
0.0
452
        0
462
0.0
453
        0
463
0.0
463
1.0
470

  0
HATCH
  5
155
330
114
100
AcDbEntity
  8
Stair_Conc.
  6
Continuous
 62
   256
 60
     0
 48
1.0
370
    -1
100
AcDbHatch
 10
0.0
 20
0.0
 30
0.0
210
0.0
220
0.0
230
1.0
  2
AR-CONC
 70
     0
 71
     0
 91
        1
 92
        7
 72
     0
 73
     1
 93
        4
 10
92.4043
 20
84.6
 10
80.1543
 20
84.6
 10
80.1543
 20
83.1
 10
92.4043
 20
83.1
 97
        0
 75
     0
 76
     1
 52
0.0
 41
0.1
 77
     0
 78
    13
 53
50.0
 43
-9480.1309
 44
-2370.6011
 45
0.7173
 46
-0.0628
 79
     2
 49
0.075
 49
-0.825
 53
355.0
 43
-9480.1309
 44
-2370.6011
 45
-0.1388
 46
0.7522
 79
     2
 49
0.06
 49
-0.66
 53
100.4514
 43
-9480.0712
 44
-2370.6063
 45
0.5785
 46
0.6894
 79
     2
 49
0.0637
 49
-0.7011
 53
46.1842
 43
-9480.1309
 44
-2370.4011
 45
1.0672
 46
-0.1655
 79
     2
 49
0.1125
 49
-1.2375
 53
96.6356
 43
-9480.042
 44
-2370.4149
 45
0.9347
 46
0.9741
 79
     2
 49
0.0956
 49
-1.0517
 53
351.1842
 43
-9480.1309
 44
-2370.4011
 45
0.9347
 46
0.9741
 79
     2
 49
0.09
 49
-0.99
 53
21.0
 43
-9480.0309
 44
-2370.4511
 45
0.5969
 46
-0.4026
 79
     2
 49
0.075
 49
-0.825
 53
326.0
 43
-9480.0309
 44
-2370.4511
 45
0.2433
 46
0.7252
 79
     2
 49
0.06
 49
-0.66
 53
71.4514
 43
-9479.9812
 44
-2370.4846
 45
0.8402
 46
0.3225
 79
     2
 49
0.0637
 49
-0.7011
 53
37.5
 43
-9480.1309
 44
-2370.6011
 45
0.0122
 46
0.3329
 79
     6
 49
0.0
 49
-0.652
 49
0.0
 49
-0.67
 49
0.0
 49
-0.6625
 53
7.5
 43
-9480.1309
 44
-2370.6011
 45
0.2631
 46
0.3944
 79
     6
 49
0.0
 49
-0.382
 49
0.0
 49
-0.637
 49
0.0
 49
-0.2525
 53
327.5
 43
-9480.3539
 44
-2370.6011
 45
0.5338
 46
-0.0226
 79
     6
 49
0.0
 49
-0.25
 49
0.0
 49
-0.78
 49
0.0
 49
-1.035
 53
317.5
 43
-9480.4539
 44
-2370.6011
 45
0.5832
 46
0.1001
 79
     6
 49
0.0
 49
-0.325
 49
0.0
 49
-0.518
 49
0.0
 49
-0.735
 47
0.0544
 98
        1
 10
87.6103
 20
83.6634
450
        0
451
         -2147483648
460
0.0
461
0.0
452
        0
462
0.0
453
        0
463
0.0
463
1.0
470

  0
HATCH
  5
156
330
114
100
AcDbEntity
  8
Stair_Conc.
  6
Continuous
 62
   256
 60
     0
 48
1.0
370
    -1
100
AcDbHatch
 10
0.0
 20
0.0
 30
0.0
210
0.0
220
0.0
230
1.0
  2
AR-CONC
 70
     0
 71
     0
 91
        1
 92
        7
 72
     0
 73
     1
 93
        4
 10
103.6543
 20
77.55
 10
91.4043
 20
77.55
 10
91.4043
 20
76.05
 10
103.6543
 20
76.05
 97
        0
 75
     0
 76
     1
 52
0.0
 41
0.1
 77
     0
 78
    13
 53
50.0
 43
-9468.8809
 44
-2377.6511
 45
0.7173
 46
-0.0628
 79
     2
 49
0.075
 49
-0.825
 53
355.0
 43
-9468.8809
 44
-2377.6511
 45
-0.1388
 46
0.7522
 79
     2
 49
0.06
 49
-0.66
 53
100.4514
 43
-9468.8212
 44
-2377.6563
 45
0.5785
 46
0.6894
 79
     2
 49
0.0637
 49
-0.7011
 53
46.1842
 43
-9468.8809
 44
-2377.4511
 45
1.0672
 46
-0.1655
 79
     2
 49
0.1125
 49
-1.2375
 53
96.6356
 43
-9468.792
 44
-2377.4649
 45
0.9347
 46
0.9741
 79
     2
 49
0.0956
 49
-1.0517
 53
351.1842
 43
-9468.8809
 44
-2377.4511
 45
0.9347
 46
0.9741
 79
     2
 49
0.09
 49
-0.99
 53
21.0
 43
-9468.7809
 44
-2377.5011
 45
0.5969
 46
-0.4026
 79
     2
 49
0.075
 49
-0.825
 53
326.0
 43
-9468.7809
 44
-2377.5011
 45
0.2433
 46
0.7252
 79
     2
 49
0.06
 49
-0.66
 53
71.4514
 43
-9468.7312
 44
-2377.5346
 45
0.8402
 46
0.3225
 79
     2
 49
0.0637
 49
-0.7011
 53
37.5
 43
-9468.8809
 44
-2377.6511
 45
0.0122
 46
0.3329
 79
     6
 49
0.0
 49
-0.652
 49
0.0
 49
-0.67
 49
0.0
 49
-0.6625
 53
7.5
 43
-9468.8809
 44
-2377.6511
 45
0.2631
 46
0.3944
 79
     6
 49
0.0
 49
-0.382
 49
0.0
 49
-0.637
 49
0.0
 49
-0.2525
 53
327.5
 43
-9469.1039
 44
-2377.6511
 45
0.5338
 46
-0.0226
 79
     6
 49
0.0
 49
-0.25
 49
0.0
 49
-0.78
 49
0.0
 49
-1.035
 53
317.5
 43
-9469.2039
 44
-2377.6511
 45
0.5832
 46
0.1001
 79
     6
 49
0.0
 49
-0.325
 49
0.0
 49
-0.518
 49
0.0
 49
-0.735
 47
0.0544
 98
        1
 10
98.8603
 20
76.6134
450
        0
451
         -2147483648
460
0.0
461
0.0
452
        0
462
0.0
453
        0
463
0.0
463
1.0
470

  0
HATCH
  5
157
330
114
100
AcDbEntity
  8
Stair_Conc.
  6
Continuous
 62
   256
 60
     0
 48
1.0
370
    -1
100
AcDbHatch
 10
0.0
 20
0.0
 30
0.0
210
0.0
220
0.0
230
1.0
  2
AR-CONC
 70
     0
 71
     0
 91
        1
 92
        7
 72
     0
 73
     1
 93
        4
 10
103.6543
 20
62.45
 10
91.4043
 20
62.45
 10
91.4043
 20
60.95
 10
103.6543
 20
60.95
 97
        0
 75
     0
 76
     1
 52
0.0
 41
0.1
 77
     0
 78
    13
 53
50.0
 43
-9468.8809
 44
-2392.7511
 45
0.7173
 46
-0.0628
 79
     2
 49
0.075
 49
-0.825
 53
355.0
 43
-9468.8809
 44
-2392.7511
 45
-0.1388
 46
0.7522
 79
     2
 49
0.06
 49
-0.66
 53
100.4514
 43
-9468.8212
 44
-2392.7563
 45
0.5785
 46
0.6894
 79
     2
 49
0.0637
 49
-0.7011
 53
46.1842
 43
-9468.8809
 44
-2392.5511
 45
1.0672
 46
-0.1655
 79
     2
 49
0.1125
 49
-1.2375
 53
96.6356
 43
-9468.792
 44
-2392.5649
 45
0.9347
 46
0.9741
 79
     2
 49
0.0956
 49
-1.0517
 53
351.1842
 43
-9468.8809
 44
-2392.5511
 45
0.9347
 46
0.9741
 79
     2
 49
0.09
 49
-0.99
 53
21.0
 43
-9468.7809
 44
-2392.6011
 45
0.5969
 46
-0.4026
 79
     2
 49
0.075
 49
-0.825
 53
326.0
 43
-9468.7809
 44
-2392.6011
 45
0.2433
 46
0.7252
 79
     2
 49
0.06
 49
-0.66
 53
71.4514
 43
-9468.7312
 44
-2392.6346
 45
0.8402
 46
0.3225
 79
     2
 49
0.0637
 49
-0.7011
 53
37.5
 43
-9468.8809
 44
-2392.7511
 45
0.0122
 46
0.3329
 79
     6
 49
0.0
 49
-0.652
 49
0.0
 49
-0.67
 49
0.0
 49
-0.6625
 53
7.5
 43
-9468.8809
 44
-2392.7511
 45
0.2631
 46
0.3944
 79
     6
 49
0.0
 49
-0.382
 49
0.0
 49
-0.637
 49
0.0
 49
-0.2525
 53
327.5
 43
-9469.1039
 44
-2392.7511
 45
0.5338
 46
-0.0226
 79
     6
 49
0.0
 49
-0.25
 49
0.0
 49
-0.78
 49
0.0
 49
-1.035
 53
317.5
 43
-9469.2039
 44
-2392.7511
 45
0.5832
 46
0.1001
 79
     6
 49
0.0
 49
-0.325
 49
0.0
 49
-0.518
 49
0.0
 49
-0.735
 47
0.0544
 98
        1
 10
98.8603
 20
61.5134
450
        0
451
         -2147483648
460
0.0
461
0.0
452
        0
462
0.0
453
        0
463
0.0
463
1.0
470

  0
HATCH
  5
158
330
114
100
AcDbEntity
  8
Stair_Conc.
  6
Continuous
 62
   256
 60
     0
 48
1.0
370
    -1
100
AcDbHatch
 10
0.0
 20
0.0
 30
0.0
210
0.0
220
0.0
230
1.0
  2
AR-CONC
 70
     0
 71
     0
 91
        1
 92
        7
 72
     0
 73
     1
 93
        4
 10
94.0
 20
56.4
 10
81.75
 20
56.4
 10
81.75
 20
54.9
 10
94.0
 20
54.9
 97
        0
 75
     0
 76
     1
 52
0.0
 41
0.1
 77
     0
 78
    13
 53
50.0
 43
-9478.5352
 44
-2398.8011
 45
0.7173
 46
-0.0628
 79
     2
 49
0.075
 49
-0.825
 53
355.0
 43
-9478.5352
 44
-2398.8011
 45
-0.1388
 46
0.7522
 79
     2
 49
0.06
 49
-0.66
 53
100.4514
 43
-9478.4754
 44
-2398.8063
 45
0.5785
 46
0.6894
 79
     2
 49
0.0637
 49
-0.7011
 53
46.1842
 43
-9478.5352
 44
-2398.6011
 45
1.0672
 46
-0.1655
 79
     2
 49
0.1125
 49
-1.2375
 53
96.6356
 43
-9478.4463
 44
-2398.6149
 45
0.9347
 46
0.9741
 79
     2
 49
0.0956
 49
-1.0517
 53
351.1842
 43
-9478.5352
 44
-2398.6011
 45
0.9347
 46
0.9741
 79
     2
 49
0.09
 49
-0.99
 53
21.0
 43
-9478.4352
 44
-2398.6511
 45
0.5969
 46
-0.4026
 79
     2
 49
0.075
 49
-0.825
 53
326.0
 43
-9478.4352
 44
-2398.6511
 45
0.2433
 46
0.7252
 79
     2
 49
0.06
 49
-0.66
 53
71.4514
 43
-9478.3855
 44
-2398.6846
 45
0.8402
 46
0.3225
 79
     2
 49
0.0637
 49
-0.7011
 53
37.5
 43
-9478.5352
 44
-2398.8011
 45
0.0122
 46
0.3329
 79
     6
 49
0.0
 49
-0.652
 49
0.0
 49
-0.67
 49
0.0
 49
-0.6625
 53
7.5
 43
-9478.5352
 44
-2398.8011
 45
0.2631
 46
0.3944
 79
     6
 49
0.0
 49
-0.382
 49
0.0
 49
-0.637
 49
0.0
 49
-0.2525
 53
327.5
 43
-9478.7582
 44
-2398.8011
 45
0.5338
 46
-0.0226
 79
     6
 49
0.0
 49
-0.25
 49
0.0
 49
-0.78
 49
0.0
 49
-1.035
 53
317.5
 43
-9478.8582
 44
-2398.8011
 45
0.5832
 46
0.1001
 79
     6
 49
0.0
 49
-0.325
 49
0.0
 49
-0.518
 49
0.0
 49
-0.735
 47
0.0544
 98
        1
 10
89.206
 20
55.4634
450
        0
451
         -2147483648
460
0.0
461
0.0
452
        0
462
0.0
453
        0
463
0.0
463
1.0
470

  0
HATCH
  5
159
330
114
100
AcDbEntity
  8
Stair_Conc.
  6
Continuous
 62
   256
 60
     0
 48
1.0
370
    -1
100
AcDbHatch
 10
0.0
 20
0.0
 30
0.0
210
0.0
220
0.0
230
1.0
  2
AR-CONC
 70
     0
 71
     0
 91
        1
 92
        7
 72
     0
 73
     1
 93
        4
 10
82.75
 20
49.35
 10
70.5
 20
49.35
 10
70.5
 20
47.85
 10
82.75
 20
47.85
 97
        0
 75
     0
 76
     1
 52
0.0
 41
0.1
 77
     0
 78
    13
 53
50.0
 43
-9489.7852
 44
-2405.8511
 45
0.7173
 46
-0.0628
 79
     2
 49
0.075
 49
-0.825
 53
355.0
 43
-9489.7852
 44
-2405.8511
 45
-0.1388
 46
0.7522
 79
     2
 49
0.06
 49
-0.66
 53
100.4514
 43
-9489.7254
 44
-2405.8563
 45
0.5785
 46
0.6894
 79
     2
 49
0.0637
 49
-0.7011
 53
46.1842
 43
-9489.7852
 44
-2405.6511
 45
1.0672
 46
-0.1655
 79
     2
 49
0.1125
 49
-1.2375
 53
96.6356
 43
-9489.6963
 44
-2405.6649
 45
0.9347
 46
0.9741
 79
     2
 49
0.0956
 49
-1.0517
 53
351.1842
 43
-9489.7852
 44
-2405.6511
 45
0.9347
 46
0.9741
 79
     2
 49
0.09
 49
-0.99
 53
21.0
 43
-9489.6852
 44
-2405.7011
 45
0.5969
 46
-0.4026
 79
     2
 49
0.075
 49
-0.825
 53
326.0
 43
-9489.6852
 44
-2405.7011
 45
0.2433
 46
0.7252
 79
     2
 49
0.06
 49
-0.66
 53
71.4514
 43
-9489.6355
 44
-2405.7346
 45
0.8402
 46
0.3225
 79
     2
 49
0.0637
 49
-0.7011
 53
37.5
 43
-9489.7852
 44
-2405.8511
 45
0.0122
 46
0.3329
 79
     6
 49
0.0
 49
-0.652
 49
0.0
 49
-0.67
 49
0.0
 49
-0.6625
 53
7.5
 43
-9489.7852
 44
-2405.8511
 45
0.2631
 46
0.3944
 79
     6
 49
0.0
 49
-0.382
 49
0.0
 49
-0.637
 49
0.0
 49
-0.2525
 53
327.5
 43
-9490.0082
 44
-2405.8511
 45
0.5338
 46
-0.0226
 79
     6
 49
0.0
 49
-0.25
 49
0.0
 49
-0.78
 49
0.0
 49
-1.035
 53
317.5
 43
-9490.1082
 44
-2405.8511
 45
0.5832
 46
0.1001
 79
     6
 49
0.0
 49
-0.325
 49
0.0
 49
-0.518
 49
0.0
 49
-0.735
 47
0.0544
 98
        1
 10
77.956
 20
48.4134
450
        0
451
         -2147483648
460
0.0
461
0.0
452
        0
462
0.0
453
        0
463
0.0
463
1.0
470

  0
HATCH
  5
15A
330
114
100
AcDbEntity
  8
Stair_Conc.
  6
Continuous
 62
   256
 60
     0
 48
1.0
370
    -1
100
AcDbHatch
 10
0.0
 20
0.0
 30
0.0
210
0.0
220
0.0
230
1.0
  2
AR-CONC
 70
     0
 71
     0
 91
        1
 92
        7
 72
     0
 73
     1
 93
        4
 10
71.5
 20
42.3
 10
59.25
 20
42.3
 10
59.25
 20
40.8
 10
71.5
 20
40.8
 97
        0
 75
     0
 76
     1
 52
0.0
 41
0.1
 77
     0
 78
    13
 53
50.0
 43
-9501.0352
 44
-2412.9011
 45
0.7173
 46
-0.0628
 79
     2
 49
0.075
 49
-0.825
 53
355.0
 43
-9501.0352
 44
-2412.9011
 45
-0.1388
 46
0.7522
 79
     2
 49
0.06
 49
-0.66
 53
100.4514
 43
-9500.9754
 44
-2412.9063
 45
0.5785
 46
0.6894
 79
     2
 49
0.0637
 49
-0.7011
 53
46.1842
 43
-9501.0352
 44
-2412.7011
 45
1.0672
 46
-0.1655
 79
     2
 49
0.1125
 49
-1.2375
 53
96.6356
 43
-9500.9463
 44
-2412.7149
 45
0.9347
 46
0.9741
 79
     2
 49
0.0956
 49
-1.0517
 53
351.1842
 43
-9501.0352
 44
-2412.7011
 45
0.9347
 46
0.9741
 79
     2
 49
0.09
 49
-0.99
 53
21.0
 43
-9500.9352
 44
-2412.7511
 45
0.5969
 46
-0.4026
 79
     2
 49
0.075
 49
-0.825
 53
326.0
 43
-9500.9352
 44
-2412.7511
 45
0.2433
 46
0.7252
 79
     2
 49
0.06
 49
-0.66
 53
71.4514
 43
-9500.8855
 44
-2412.7846
 45
0.8402
 46
0.3225
 79
     2
 49
0.0637
 49
-0.7011
 53
37.5
 43
-9501.0352
 44
-2412.9011
 45
0.0122
 46
0.3329
 79
     6
 49
0.0
 49
-0.652
 49
0.0
 49
-0.67
 49
0.0
 49
-0.6625
 53
7.5
 43
-9501.0352
 44
-2412.9011
 45
0.2631
 46
0.3944
 79
     6
 49
0.0
 49
-0.382
 49
0.0
 49
-0.637
 49
0.0
 49
-0.2525
 53
327.5
 43
-9501.2582
 44
-2412.9011
 45
0.5338
 46
-0.0226
 79
     6
 49
0.0
 49
-0.25
 49
0.0
 49
-0.78
 49
0.0
 49
-1.035
 53
317.5
 43
-9501.3582
 44
-2412.9011
 45
0.5832
 46
0.1001
 79
     6
 49
0.0
 49
-0.325
 49
0.0
 49
-0.518
 49
0.0
 49
-0.735
 47
0.0544
 98
        1
 10
66.706
 20
41.3634
450
        0
451
         -2147483648
460
0.0
461
0.0
452
        0
462
0.0
453
        0
463
0.0
463
1.0
470

  0
HATCH
  5
15B
330
114
100
AcDbEntity
  8
Stair_Conc.
  6
Continuous
 62
   256
 60
     0
 48
1.0
370
    -1
100
AcDbHatch
 10
0.0
 20
0.0
 30
0.0
210
0.0
220
0.0
230
1.0
  2
AR-CONC
 70
     0
 71
     0
 91
        1
 92
        7
 72
     0
 73
     1
 93
        4
 10
60.25
 20
35.25
 10
48.0
 20
35.25
 10
48.0
 20
33.75
 10
60.25
 20
33.75
 97
        0
 75
     0
 76
     1
 52
0.0
 41
0.1
 77
     0
 78
    13
 53
50.0
 43
-9512.2852
 44
-2419.9511
 45
0.7173
 46
-0.0628
 79
     2
 49
0.075
 49
-0.825
 53
355.0
 43
-9512.2852
 44
-2419.9511
 45
-0.1388
 46
0.7522
 79
     2
 49
0.06
 49
-0.66
 53
100.4514
 43
-9512.2254
 44
-2419.9563
 45
0.5785
 46
0.6894
 79
     2
 49
0.0637
 49
-0.7011
 53
46.1842
 43
-9512.2852
 44
-2419.7511
 45
1.0672
 46
-0.1655
 79
     2
 49
0.1125
 49
-1.2375
 53
96.6356
 43
-9512.1963
 44
-2419.7649
 45
0.9347
 46
0.9741
 79
     2
 49
0.0956
 49
-1.0517
 53
351.1842
 43
-9512.2852
 44
-2419.7511
 45
0.9347
 46
0.9741
 79
     2
 49
0.09
 49
-0.99
 53
21.0
 43
-9512.1852
 44
-2419.8011
 45
0.5969
 46
-0.4026
 79
     2
 49
0.075
 49
-0.825
 53
326.0
 43
-9512.1852
 44
-2419.8011
 45
0.2433
 46
0.7252
 79
     2
 49
0.06
 49
-0.66
 53
71.4514
 43
-9512.1355
 44
-2419.8346
 45
0.8402
 46
0.3225
 79
     2
 49
0.0637
 49
-0.7011
 53
37.5
 43
-9512.2852
 44
-2419.9511
 45
0.0122
 46
0.3329
 79
     6
 49
0.0
 49
-0.652
 49
0.0
 49
-0.67
 49
0.0
 49
-0.6625
 53
7.5
 43
-9512.2852
 44
-2419.9511
 45
0.2631
 46
0.3944
 79
     6
 49
0.0
 49
-0.382
 49
0.0
 49
-0.637
 49
0.0
 49
-0.2525
 53
327.5
 43
-9512.5082
 44
-2419.9511
 45
0.5338
 46
-0.0226
 79
     6
 49
0.0
 49
-0.25
 49
0.0
 49
-0.78
 49
0.0
 49
-1.035
 53
317.5
 43
-9512.6082
 44
-2419.9511
 45
0.5832
 46
0.1001
 79
     6
 49
0.0
 49
-0.325
 49
0.0
 49
-0.518
 49
0.0
 49
-0.735
 47
0.0544
 98
        1
 10
55.456
 20
34.3134
450
        0
451
         -2147483648
460
0.0
461
0.0
452
        0
462
0.0
453
        0
463
0.0
463
1.0
470

  0
HATCH
  5
15C
330
114
100
AcDbEntity
  8
Stair_Conc.
  6
Continuous
 62
   256
 60
     0
 48
1.0
370
    -1
100
AcDbHatch
 10
0.0
 20
0.0
 30
0.0
210
0.0
220
0.0
230
1.0
  2
AR-CONC
 70
     0
 71
     0
 91
        1
 92
        7
 72
     0
 73
     1
 93
        4
 10
49.0
 20
28.2
 10
36.75
 20
28.2
 10
36.75
 20
26.7
 10
49.0
 20
26.7
 97
        0
 75
     0
 76
     1
 52
0.0
 41
0.1
 77
     0
 78
    13
 53
50.0
 43
-9523.5352
 44
-2427.0011
 45
0.7173
 46
-0.0628
 79
     2
 49
0.075
 49
-0.825
 53
355.0
 43
-9523.5352
 44
-2427.0011
 45
-0.1388
 46
0.7522
 79
     2
 49
0.06
 49
-0.66
 53
100.4514
 43
-9523.4754
 44
-2427.0063
 45
0.5785
 46
0.6894
 79
     2
 49
0.0637
 49
-0.7011
 53
46.1842
 43
-9523.5352
 44
-2426.8011
 45
1.0672
 46
-0.1655
 79
     2
 49
0.1125
 49
-1.2375
 53
96.6356
 43
-9523.4463
 44
-2426.8149
 45
0.9347
 46
0.9741
 79
     2
 49
0.0956
 49
-1.0517
 53
351.1842
 43
-9523.5352
 44
-2426.8011
 45
0.9347
 46
0.9741
 79
     2
 49
0.09
 49
-0.99
 53
21.0
 43
-9523.4352
 44
-2426.8511
 45
0.5969
 46
-0.4026
 79
     2
 49
0.075
 49
-0.825
 53
326.0
 43
-9523.4352
 44
-2426.8511
 45
0.2433
 46
0.7252
 79
     2
 49
0.06
 49
-0.66
 53
71.4514
 43
-9523.3855
 44
-2426.8846
 45
0.8402
 46
0.3225
 79
     2
 49
0.0637
 49
-0.7011
 53
37.5
 43
-9523.5352
 44
-2427.0011
 45
0.0122
 46
0.3329
 79
     6
 49
0.0
 49
-0.652
 49
0.0
 49
-0.67
 49
0.0
 49
-0.6625
 53
7.5
 43
-9523.5352
 44
-2427.0011
 45
0.2631
 46
0.3944
 79
     6
 49
0.0
 49
-0.382
 49
0.0
 49
-0.637
 49
0.0
 49
-0.2525
 53
327.5
 43
-9523.7582
 44
-2427.0011
 45
0.5338
 46
-0.0226
 79
     6
 49
0.0
 49
-0.25
 49
0.0
 49
-0.78
 49
0.0
 49
-1.035
 53
317.5
 43
-9523.8582
 44
-2427.0011
 45
0.5832
 46
0.1001
 79
     6
 49
0.0
 49
-0.325
 49
0.0
 49
-0.518
 49
0.0
 49
-0.735
 47
0.0544
 98
        1
 10
44.206
 20
27.2634
450
        0
451
         -2147483648
460
0.0
461
0.0
452
        0
462
0.0
453
        0
463
0.0
463
1.0
470

  0
HATCH
  5
15D
330
114
100
AcDbEntity
  8
Stair_Conc.
  6
Continuous
 62
   256
 60
     0
 48
1.0
370
    -1
100
AcDbHatch
 10
0.0
 20
0.0
 30
0.0
210
0.0
220
0.0
230
1.0
  2
AR-CONC
 70
     0
 71
     0
 91
        1
 92
        7
 72
     0
 73
     1
 93
        4
 10
37.75
 20
21.15
 10
25.5
 20
21.15
 10
25.5
 20
19.65
 10
37.75
 20
19.65
 97
        0
 75
     0
 76
     1
 52
0.0
 41
0.1
 77
     0
 78
    13
 53
50.0
 43
-9534.7852
 44
-2434.0511
 45
0.7173
 46
-0.0628
 79
     2
 49
0.075
 49
-0.825
 53
355.0
 43
-9534.7852
 44
-2434.0511
 45
-0.1388
 46
0.7522
 79
     2
 49
0.06
 49
-0.66
 53
100.4514
 43
-9534.7254
 44
-2434.0563
 45
0.5785
 46
0.6894
 79
     2
 49
0.0637
 49
-0.7011
 53
46.1842
 43
-9534.7852
 44
-2433.8511
 45
1.0672
 46
-0.1655
 79
     2
 49
0.1125
 49
-1.2375
 53
96.6356
 43
-9534.6963
 44
-2433.8649
 45
0.9347
 46
0.9741
 79
     2
 49
0.0956
 49
-1.0517
 53
351.1842
 43
-9534.7852
 44
-2433.8511
 45
0.9347
 46
0.9741
 79
     2
 49
0.09
 49
-0.99
 53
21.0
 43
-9534.6852
 44
-2433.9011
 45
0.5969
 46
-0.4026
 79
     2
 49
0.075
 49
-0.825
 53
326.0
 43
-9534.6852
 44
-2433.9011
 45
0.2433
 46
0.7252
 79
     2
 49
0.06
 49
-0.66
 53
71.4514
 43
-9534.6355
 44
-2433.9346
 45
0.8402
 46
0.3225
 79
     2
 49
0.0637
 49
-0.7011
 53
37.5
 43
-9534.7852
 44
-2434.0511
 45
0.0122
 46
0.3329
 79
     6
 49
0.0
 49
-0.652
 49
0.0
 49
-0.67
 49
0.0
 49
-0.6625
 53
7.5
 43
-9534.7852
 44
-2434.0511
 45
0.2631
 46
0.3944
 79
     6
 49
0.0
 49
-0.382
 49
0.0
 49
-0.637
 49
0.0
 49
-0.2525
 53
327.5
 43
-9535.0082
 44
-2434.0511
 45
0.5338
 46
-0.0226
 79
     6
 49
0.0
 49
-0.25
 49
0.0
 49
-0.78
 49
0.0
 49
-1.035
 53
317.5
 43
-9535.1082
 44
-2434.0511
 45
0.5832
 46
0.1001
 79
     6
 49
0.0
 49
-0.325
 49
0.0
 49
-0.518
 49
0.0
 49
-0.735
 47
0.0544
 98
        1
 10
32.956
 20
20.2134
450
        0
451
         -2147483648
460
0.0
461
0.0
452
        0
462
0.0
453
        0
463
0.0
463
1.0
470

  0
HATCH
  5
15E
330
114
100
AcDbEntity
  8
Stair_Conc.
  6
Continuous
 62
   256
 60
     0
 48
1.0
370
    -1
100
AcDbHatch
 10
0.0
 20
0.0
 30
0.0
210
0.0
220
0.0
230
1.0
  2
AR-CONC
 70
     0
 71
     0
 91
        1
 92
        7
 72
     0
 73
     1
 93
        4
 10
26.5
 20
14.1
 10
14.25
 20
14.1
 10
14.25
 20
12.6
 10
26.5
 20
12.6
 97
        0
 75
     0
 76
     1
 52
0.0
 41
0.1
 77
     0
 78
    13
 53
50.0
 43
-9546.0352
 44
-2441.1011
 45
0.7173
 46
-0.0628
 79
     2
 49
0.075
 49
-0.825
 53
355.0
 43
-9546.0352
 44
-2441.1011
 45
-0.1388
 46
0.7522
 79
     2
 49
0.06
 49
-0.66
 53
100.4514
 43
-9545.9754
 44
-2441.1063
 45
0.5785
 46
0.6894
 79
     2
 49
0.0637
 49
-0.7011
 53
46.1842
 43
-9546.0352
 44
-2440.9011
 45
1.0672
 46
-0.1655
 79
     2
 49
0.1125
 49
-1.2375
 53
96.6356
 43
-9545.9463
 44
-2440.9149
 45
0.9347
 46
0.9741
 79
     2
 49
0.0956
 49
-1.0517
 53
351.1842
 43
-9546.0352
 44
-2440.9011
 45
0.9347
 46
0.9741
 79
     2
 49
0.09
 49
-0.99
 53
21.0
 43
-9545.9352
 44
-2440.9511
 45
0.5969
 46
-0.4026
 79
     2
 49
0.075
 49
-0.825
 53
326.0
 43
-9545.9352
 44
-2440.9511
 45
0.2433
 46
0.7252
 79
     2
 49
0.06
 49
-0.66
 53
71.4514
 43
-9545.8855
 44
-2440.9846
 45
0.8402
 46
0.3225
 79
     2
 49
0.0637
 49
-0.7011
 53
37.5
 43
-9546.0352
 44
-2441.1011
 45
0.0122
 46
0.3329
 79
     6
 49
0.0
 49
-0.652
 49
0.0
 49
-0.67
 49
0.0
 49
-0.6625
 53
7.5
 43
-9546.0352
 44
-2441.1011
 45
0.2631
 46
0.3944
 79
     6
 49
0.0
 49
-0.382
 49
0.0
 49
-0.637
 49
0.0
 49
-0.2525
 53
327.5
 43
-9546.2582
 44
-2441.1011
 45
0.5338
 46
-0.0226
 79
     6
 49
0.0
 49
-0.25
 49
0.0
 49
-0.78
 49
0.0
 49
-1.035
 53
317.5
 43
-9546.3582
 44
-2441.1011
 45
0.5832
 46
0.1001
 79
     6
 49
0.0
 49
-0.325
 49
0.0
 49
-0.518
 49
0.0
 49
-0.735
 47
0.0544
 98
        1
 10
21.706
 20
13.1634
450
        0
451
         -2147483648
460
0.0
461
0.0
452
        0
462
0.0
453
        0
463
0.0
463
1.0
470

  0
HATCH
  5
15F
330
114
100
AcDbEntity
  8
Stair_Conc.
  6
Continuous
 62
   256
 60
     0
 48
1.0
370
    -1
100
AcDbHatch
 10
0.0
 20
0.0
 30
0.0
210
0.0
220
0.0
230
1.0
  2
AR-CONC
 70
     0
 71
     0
 91
        1
 92
        7
 72
     0
 73
     1
 93
        4
 10
15.25
 20
7.05
 10
3.0
 20
7.05
 10
3.0
 20
5.55
 10
15.25
 20
5.55
 97
        0
 75
     0
 76
     1
 52
0.0
 41
0.1
 77
     0
 78
    13
 53
50.0
 43
-9557.2852
 44
-2448.1511
 45
0.7173
 46
-0.0628
 79
     2
 49
0.075
 49
-0.825
 53
355.0
 43
-9557.2852
 44
-2448.1511
 45
-0.1388
 46
0.7522
 79
     2
 49
0.06
 49
-0.66
 53
100.4514
 43
-9557.2254
 44
-2448.1563
 45
0.5785
 46
0.6894
 79
     2
 49
0.0637
 49
-0.7011
 53
46.1842
 43
-9557.2852
 44
-2447.9511
 45
1.0672
 46
-0.1655
 79
     2
 49
0.1125
 49
-1.2375
 53
96.6356
 43
-9557.1963
 44
-2447.9649
 45
0.9347
 46
0.9741
 79
     2
 49
0.0956
 49
-1.0517
 53
351.1842
 43
-9557.2852
 44
-2447.9511
 45
0.9347
 46
0.9741
 79
     2
 49
0.09
 49
-0.99
 53
21.0
 43
-9557.1852
 44
-2448.0011
 45
0.5969
 46
-0.4026
 79
     2
 49
0.075
 49
-0.825
 53
326.0
 43
-9557.1852
 44
-2448.0011
 45
0.2433
 46
0.7252
 79
     2
 49
0.06
 49
-0.66
 53
71.4514
 43
-9557.1355
 44
-2448.0346
 45
0.8402
 46
0.3225
 79
     2
 49
0.0637
 49
-0.7011
 53
37.5
 43
-9557.2852
 44
-2448.1511
 45
0.0122
 46
0.3329
 79
     6
 49
0.0
 49
-0.652
 49
0.0
 49
-0.67
 49
0.0
 49
-0.6625
 53
7.5
 43
-9557.2852
 44
-2448.1511
 45
0.2631
 46
0.3944
 79
     6
 49
0.0
 49
-0.382
 49
0.0
 49
-0.637
 49
0.0
 49
-0.2525
 53
327.5
 43
-9557.5082
 44
-2448.1511
 45
0.5338
 46
-0.0226
 79
     6
 49
0.0
 49
-0.25
 49
0.0
 49
-0.78
 49
0.0
 49
-1.035
 53
317.5
 43
-9557.6082
 44
-2448.1511
 45
0.5832
 46
0.1001
 79
     6
 49
0.0
 49
-0.325
 49
0.0
 49
-0.518
 49
0.0
 49
-0.735
 47
0.0544
 98
        1
 10
10.456
 20
6.1134
450
        0
451
         -2147483648
460
0.0
461
0.0
452
        0
462
0.0
453
        0
463
0.0
463
1.0
470

  0
ENDBLK
  5
160
330
114
100
AcDbEntity
  8
0
100
AcDbBlockEnd
  0
BLOCK
  5
162
330
161
100
AcDbEntity
  8
0
100
AcDbBlockBegin
  2
W250x33
 70
     0
 10
0.0
 20
0.0
 30
0.0
  3
W250x33
  1

  4

  0
LINE
  5
163
330
161
100
AcDbEntity
  8
Struc_Section_Steel
  6
Continuous
 62
   256
 60
     0
 48
1.0
370
    -1
100
AcDbLine
 39
0.0
 10
-2.8664
 20
0.0
 30
0.0
 11
-2.8664
 21
0.3125
 31
0.0
  0
LINE
  5
164
330
161
100
AcDbEntity
  8
Struc_Section_Steel
  6
Continuous
 62
   256
 60
     0
 48
1.0
370
    -1
100
AcDbLine
 39
0.0
 10
-2.8664
 20
9.875
 30
0.0
 11
2.8836
 21
9.875
 31
0.0
  0
LINE
  5
165
330
161
100
AcDbEntity
  8
Struc_Section_Steel
  6
Continuous
 62
   256
 60
     0
 48
1.0
370
    -1
100
AcDbLine
 39
0.0
 10
2.8836
 20
9.875
 30
0.0
 11
2.8836
 21
9.5625
 31
0.0
  0
LINE
  5
166
330
161
100
AcDbEntity
  8
Struc_Section_Steel
  6
Continuous
 62
   256
 60
     0
 48
1.0
370
    -1
100
AcDbLine
 39
0.0
 10
2.8836
 20
0.0
 30
0.0
 11
-2.8664
 21
0.0
 31
0.0
  0
LINE
  5
167
330
161
100
AcDbEntity
  8
Struc_Section_Steel
  6
Continuous
 62
   256
 60
     0
 48
1.0
370
    -1
100
AcDbLine
 39
0.0
 10
-2.8664
 20
9.5625
 30
0.0
 11
-0.3664
 21
9.5625
 31
0.0
  0
LINE
  5
168
330
161
100
AcDbEntity
  8
Struc_Section_Steel
  6
Continuous
 62
   256
 60
     0
 48
1.0
370
    -1
100
AcDbLine
 39
0.0
 10
2.8836
 20
0.3125
 30
0.0
 11
0.3836
 21
0.3125
 31
0.0
  0
LINE
  5
169
330
161
100
AcDbEntity
  8
Struc_Section_Steel
  6
Continuous
 62
   256
 60
     0
 48
1.0
370
    -1
100
AcDbLine
 39
0.0
 10
-0.1164
 20
0.5625
 30
0.0
 11
-0.1164
 21
9.3125
 31
0.0
  0
LINE
  5
16A
330
161
100
AcDbEntity
  8
Struc_Section_Steel
  6
Continuous
 62
   256
 60
     0
 48
1.0
370
    -1
100
AcDbLine
 39
0.0
 10
0.1336
 20
0.5625
 30
0.0
 11
0.1336
 21
9.3125
 31
0.0
  0
LINE
  5
16B
330
161
100
AcDbEntity
  8
Struc_Section_Steel
  6
Continuous
 62
   256
 60
     0
 48
1.0
370
    -1
100
AcDbLine
 39
0.0
 10
2.8836
 20
0.3125
 30
0.0
 11
2.8836
 21
0.0
 31
0.0
  0
LINE
  5
16C
330
161
100
AcDbEntity
  8
Struc_Section_Steel
  6
Continuous
 62
   256
 60
     0
 48
1.0
370
    -1
100
AcDbLine
 39
0.0
 10
-2.8664
 20
9.5625
 30
0.0
 11
-2.8664
 21
9.875
 31
0.0
  0
LINE
  5
16D
330
161
100
AcDbEntity
  8
Struc_Section_Steel
  6
Continuous
 62
   256
 60
     0
 48
1.0
370
    -1
100
AcDbLine
 39
0.0
 10
0.3836
 20
9.5625
 30
0.0
 11
2.8836
 21
9.5625
 31
0.0
  0
LINE
  5
16E
330
161
100
AcDbEntity
  8
Struc_Section_Steel
  6
Continuous
 62
   256
 60
     0
 48
1.0
370
    -1
100
AcDbLine
 39
0.0
 10
-0.3664
 20
0.3125
 30
0.0
 11
-2.8664
 21
0.3125
 31
0.0
  0
ARC
  5
16F
330
161
100
AcDbEntity
  8
Struc_Section_Steel
  6
Continuous
 62
   256
 60
     0
 48
1.0
370
    -1
100
AcDbCircle
 39
0.0
 10
-0.3664
 20
9.3125
 30
0.0
 40
0.25
100
AcDbArc
 50
0.0
 51
90.0
  0
ARC
  5
170
330
161
100
AcDbEntity
  8
Struc_Section_Steel
  6
Continuous
 62
   256
 60
     0
 48
1.0
370
    -1
100
AcDbCircle
 39
0.0
 10
0.3836
 20
9.3125
 30
0.0
 40
0.25
100
AcDbArc
 50
90.0
 51
180.0
  0
ARC
  5
171
330
161
100
AcDbEntity
  8
Struc_Section_Steel
  6
Continuous
 62
   256
 60
     0
 48
1.0
370
    -1
100
AcDbCircle
 39
0.0
 10
-0.3664
 20
0.5625
 30
0.0
 40
0.25
100
AcDbArc
 50
270.0
 51
0.0
  0
ARC
  5
172
330
161
100
AcDbEntity
  8
Struc_Section_Steel
  6
Continuous
 62
   256
 60
     0
 48
1.0
370
    -1
100
AcDbCircle
 39
0.0
 10
0.3836
 20
0.5625
 30
0.0
 40
0.25
100
AcDbArc
 50
180.0
 51
270.0
  0
HATCH
  5
173
330
161
100
AcDbEntity
  8
Struc_Section_Steel
  6
Continuous
 62
   251
 60
     0
 48
2.0
370
    -1
100
AcDbHatch
 10
0.0
 20
0.0
 30
0.0
210
0.0
220
0.0
230
1.0
  2
STEEL
 70
     0
 71
     0
 91
        1
 92
        7
 72
     1
 73
     1
 93
       16
 10
2.8836
 20
9.5625
 42
0.0
 10
2.8836
 20
9.875
 42
0.0
 10
-2.8664
 20
9.875
 42
0.0
 10
-2.8664
 20
9.5625
 42
0.0
 10
-0.3664
 20
9.5625
 42
-0.4142
 10
-0.1164
 20
9.3125
 42
0.0
 10
-0.1164
 20
0.5625
 42
-0.4142
 10
-0.3664
 20
0.3125
 42
0.0
 10
-2.8664
 20
0.3125
 42
0.0
 10
-2.8664
 20
0.0
 42
0.0
 10
2.8836
 20
0.0
 42
0.0
 10
2.8836
 20
0.3125
 42
0.0
 10
0.3836
 20
0.3125
 42
-0.4142
 10
0.1336
 20
0.5625
 42
0.0
 10
0.1336
 20
9.3125
 42
-0.4142
 10
0.3836
 20
9.5625
 42
0.0
 97
        0
 75
     0
 76
     1
 52
0.0
 41
5.0
 77
     0
 78
     2
 53
45.0
 43
-104.867
 44
26.1269
 45
-0.4419
 46
0.4419
 79
     0
 53
45.0
 43
-104.867
 44
26.4394
 45
-0.4419
 46
0.4419
 79
     0
 47
0.0329
 98
        1
 10
0.3957
 20
9.7137
450
        0
451
         -2147483648
460
0.0
461
0.0
452
        0
462
0.0
453
        0
463
0.0
463
1.0
470

  0
ENDBLK
  5
174
330
161
100
AcDbEntity
  8
0
100
AcDbBlockEnd
  0
BLOCK
  5
176
330
175
100
AcDbEntity
  8
0
100
AcDbBlockBegin
  2
_ArchTick
 70
     0
 10
0.0
 20
0.0
 30
0.0
  3
_ArchTick
  1

  4

  0
LWPOLYLINE
  5
177
330
175
100
AcDbEntity
  8
0
  6
Byblock
 62
     0
 60
     0
 48
1.0
370
    -1
100
AcDbPolyline
 90
        2
 43
0.15
 10
-0.5
 20
-0.5
 10
0.5
 20
0.5
  0
ENDBLK
  5
178
330
175
100
AcDbEntity
  8
0
100
AcDbBlockEnd
  0
ENDSEC
  0
SECTION
  2
ENTITIES
  0
LINE
  5
977
330
1F
100
AcDbEntity
 67
     0
  8
Center
  6
CENTER
 62
   256
 60
     0
 48
5.0
370
    -1
100
AcDbLine
 39
0.0
 10
144.7419
 20
194.0722
 30
0.0
 11
144.7419
 21
308.6707
 31
0.0
  0
LINE
  5
978
330
1F
100
AcDbEntity
 67
     0
  8
Struc_Section_Dim
  6
Continuous
 62
   256
 60
     0
 48
0.1
370
    -1
100
AcDbLine
 39
0.0
 10
594.7412
 20
13.7115
 30
0.0
 11
594.7412
 21
268.1612
 31
0.0
  0
LINE
  5
979
330
1F
100
AcDbEntity
 67
     0
  8
Struc_Section_Dim
  6
Continuous
 62
   256
 60
     0
 48
2.0
370
    -1
100
AcDbLine
 39
0.0
 10
322.7412
 20
13.7115
 30
0.0
 11
322.7412
 21
293.9415
 31
0.0
  0
LINE
  5
97A
330
1F
100
AcDbEntity
 67
     0
  8
Struc_Section_Dim
  6
Continuous
 62
   256
 60
     0
 48
10.0
370
    -1
100
AcDbLine
 39
0.0
 10
590.7412
 20
28.2322
 30
0.0
 11
590.7412
 21
103.6885
 31
0.0
  0
LINE
  5
97B
330
1F
100
AcDbEntity
 67
     0
  8
Struc_Section_Steel
  6
Continuous
 62
   256
 60
     0
 48
2.0
370
    -1
100
AcDbLine
 39
0.0
 10
432.2112
 20
244.6885
 30
0.0
 11
434.6829
 21
244.6885
 31
0.0
  0
LINE
  5
97C
330
1F
100
AcDbEntity
 67
     0
  8
Struc_Section_Steel
  6
Continuous
 62
   256
 60
     0
 48
2.0
370
    -1
100
AcDbLine
 39
0.0
 10
536.0212
 20
174.1885
 30
0.0
 11
536.0212
 21
181.1832
 31
0.0
  0
LINE
  5
97D
330
1F
100
AcDbEntity
 67
     0
  8
LAYER11A
  6
Continuous
 62
   256
 60
     0
 48
1.0
370
    -1
100
AcDbLine
 39
0.0
 10
330.7412
 20
98.6885
 30
0.0
 11
586.7412
 21
98.6885
 31
0.0
  0
LINE
  5
97E
330
1F
100
AcDbEntity
 67
     0
  8
LAYER11A
  6
Continuous
 62
   256
 60
     0
 48
1.0
370
    -1
100
AcDbLine
 39
0.0
 10
322.7412
 20
103.6885
 30
0.0
 11
594.7412
 21
103.6885
 31
0.0
  0
LINE
  5
97F
330
1F
100
AcDbEntity
 67
     0
  8
LAYER11A
  6
Continuous
 62
   256
 60
     0
 48
1.0
370
    -1
100
AcDbLine
 39
0.0
 10
594.7412
 20
103.6885
 30
0.0
 11
594.7412
 21
98.6885
 31
0.0
  0
LINE
  5
980
330
1F
100
AcDbEntity
 67
     0
  8
LAYER11A
  6
Continuous
 62
   256
 60
     0
 48
1.0
370
    -1
100
AcDbLine
 39
0.0
 10
322.7412
 20
103.6885
 30
0.0
 11
322.7412
 21
79.6885
 31
0.0
  0
LINE
  5
981
330
1F
100
AcDbEntity
 67
     0
  8
LAYER11A
  6
Continuous
 62
   256
 60
     0
 48
1.0
370
    -1
100
AcDbLine
 39
0.0
 10
322.7412
 20
79.6885
 30
0.0
 11
330.7412
 21
79.6885
 31
0.0
  0
LINE
  5
982
330
1F
100
AcDbEntity
 67
     0
  8
LAYER11A
  6
Continuous
 62
   256
 60
     0
 48
1.0
370
    -1
100
AcDbLine
 39
0.0
 10
330.7412
 20
79.6885
 30
0.0
 11
330.7412
 21
103.6885
 31
0.0
  0
LINE
  5
983
330
1F
100
AcDbEntity
 67
     0
  8
LAYER11A
  6
Continuous
 62
   256
 60
     0
 48
1.0
370
    -1
100
AcDbLine
 39
0.0
 10
594.7412
 20
103.6885
 30
0.0
 11
594.7412
 21
79.6885
 31
0.0
  0
LINE
  5
984
330
1F
100
AcDbEntity
 67
     0
  8
LAYER11A
  6
Continuous
 62
   256
 60
     0
 48
1.0
370
    -1
100
AcDbLine
 39
0.0
 10
586.7412
 20
79.6885
 30
0.0
 11
586.7412
 21
103.6885
 31
0.0
  0
LINE
  5
985
330
1F
100
AcDbEntity
 67
     0
  8
Struc_Section_Conc
  6
Continuous
 62
   256
 60
     0
 48
2.0
370
    -1
100
AcDbLine
 39
0.0
 10
432.2112
 20
244.6885
 30
0.0
 11
322.7412
 21
244.6885
 31
0.0
  0
LINE
  5
986
330
1F
100
AcDbEntity
 67
     0
  8
Struc_Section_Dim
  6
Continuous
 62
   256
 60
     0
 48
10.0
370
    -1
100
AcDbLine
 39
0.0
 10
326.7412
 20
28.2322
 30
0.0
 11
326.7412
 21
103.6885
 31
0.0
  0
LINE
  5
987
330
1F
100
AcDbEntity
 67
     0
  8
LAYER11A
  6
Continuous
 62
   256
 60
     0
 48
1.0
370
    -1
100
AcDbLine
 39
0.0
 10
330.7412
 20
79.6885
 30
0.0
 11
586.7412
 21
79.6885
 31
0.0
  0
LINE
  5
988
330
1F
100
AcDbEntity
 67
     0
  8
LAYER11A
  6
Continuous
 62
   256
 60
     0
 48
1.0
370
    -1
100
AcDbLine
 39
0.0
 10
586.7412
 20
79.6885
 30
0.0
 11
594.7412
 21
79.6885
 31
0.0
  0
LINE
  5
989
330
1F
100
AcDbEntity
 67
     0
  8
Struc_Section_Steel
  6
Continuous
 62
   256
 60
     0
 48
2.0
370
    -1
100
AcDbLine
 39
0.0
 10
432.2112
 20
231.1885
 30
0.0
 11
432.2112
 21
244.6885
 31
0.0
  0
LINE
  5
98A
330
1F
100
AcDbEntity
 67
     0
  8
Struc_Section_Steel
  6
Continuous
 62
   256
 60
     0
 48
2.0
370
    -1
100
AcDbLine
 39
0.0
 10
432.2112
 20
239.1885
 30
0.0
 11
429.9612
 21
239.1885
 31
0.0
  0
LINE
  5
98B
330
1F
100
AcDbEntity
 67
     0
  8
Struc_Section_Steel
  6
Continuous
 62
   256
 60
     0
 48
2.0
370
    -1
100
AcDbLine
 39
0.0
 10
432.2112
 20
231.1885
 30
0.0
 11
429.9612
 21
231.1885
 31
0.0
  0
LINE
  5
98C
330
1F
100
AcDbEntity
 67
     0
  8
Struc_Section_Steel
  6
Continuous
 62
   256
 60
     0
 48
2.0
370
    -1
100
AcDbLine
 39
0.0
 10
431.733
 20
238.746
 30
0.0
 11
430.0753
 21
238.891
 31
0.0
  0
LINE
  5
98D
330
1F
100
AcDbEntity
 67
     0
  8
Struc_Section_Steel
  6
Continuous
 62
   256
 60
     0
 48
2.0
370
    -1
100
AcDbLine
 39
0.0
 10
431.9612
 20
231.8801
 30
0.0
 11
431.9612
 21
238.4969
 31
0.0
  0
ARC
  5
98E
330
1F
100
AcDbEntity
 67
     0
  8
Struc_Section_Steel
  6
Continuous
 62
   256
 60
     0
 48
2.0
370
    -1
100
AcDbCircle
 39
0.0
 10
431.7112
 20
238.4969
 30
0.0
 40
0.25
100
AcDbArc
 50
0.0
 51
85.0
  0
LINE
  5
98F
330
1F
100
AcDbEntity
 67
     0
  8
Struc_Section_Steel
  6
Continuous
 62
   256
 60
     0
 48
2.0
370
    -1
100
AcDbLine
 39
0.0
 10
431.733
 20
231.631
 30
0.0
 11
430.0753
 21
231.486
 31
0.0
  0
ARC
  5
990
330
1F
100
AcDbEntity
 67
     0
  8
Struc_Section_Steel
  6
Continuous
 62
   256
 60
     0
 48
2.0
370
    -1
100
AcDbCircle
 39
0.0
 10
431.7112
 20
231.8801
 30
0.0
 40
0.25
100
AcDbArc
 50
275.0
 51
0.0
  0
LINE
  5
991
330
1F
100
AcDbEntity
 67
     0
  8
Struc_Section_Steel
  6
Continuous
 62
   256
 60
     0
 48
2.0
370
    -1
100
AcDbLine
 39
0.0
 10
429.9612
 20
239.1885
 30
0.0
 11
429.9612
 21
239.0155
 31
0.0
  0
LINE
  5
992
330
1F
100
AcDbEntity
 67
     0
  8
Struc_Section_Steel
  6
Continuous
 62
   256
 60
     0
 48
2.0
370
    -1
100
AcDbLine
 39
0.0
 10
429.9612
 20
231.3615
 30
0.0
 11
429.9612
 21
231.1885
 31
0.0
  0
ARC
  5
993
330
1F
100
AcDbEntity
 67
     0
  8
Struc_Section_Steel
  6
Continuous
 62
   256
 60
     0
 48
2.0
370
    -1
100
AcDbCircle
 39
0.0
 10
430.0862
 20
239.0155
 30
0.0
 40
0.125
100
AcDbArc
 50
180.0
 51
265.0
  0
ARC
  5
994
330
1F
100
AcDbEntity
 67
     0
  8
Struc_Section_Steel
  6
Continuous
 62
   256
 60
     0
 48
2.0
370
    -1
100
AcDbCircle
 39
0.0
 10
430.0862
 20
231.3615
 30
0.0
 40
0.125
100
AcDbArc
 50
95.0
 51
180.0
  0
LINE
  5
995
330
1F
100
AcDbEntity
 67
     0
  8
Struc_Section_Conc
  6
Continuous
 62
   256
 60
     0
 48
2.0
370
    -1
100
AcDbLine
 39
0.0
 10
430.6162
 20
239.1885
 30
0.0
 11
322.7412
 21
239.1885
 31
0.0
  0
LINE
  5
996
330
1F
100
AcDbEntity
 67
     0
  8
Struc_Section_Conc
  6
Continuous
 62
   256
 60
     0
 48
2.0
370
    -1
100
AcDbLine
 39
0.0
 10
322.7412
 20
244.6885
 30
0.0
 11
322.7412
 21
239.1885
 31
0.0
  0
LINE
  5
997
330
1F
100
AcDbEntity
 67
     0
  8
Struc_Section_Conc
  6
Continuous
 62
   256
 60
     0
 48
2.0
370
    -1
100
AcDbLine
 39
0.0
 10
432.2112
 20
244.6885
 30
0.0
 11
432.2112
 21
239.1885
 31
0.0
  0
LINE
  5
998
330
1F
100
AcDbEntity
 67
     0
  8
LAYER131A
  6
Continuous
 62
   256
 60
     0
 48
1.0
370
    -1
100
AcDbLine
 39
0.0
 10
533.2412
 20
160.1885
 30
0.0
 11
533.2412
 21
104.4385
 31
0.0
  0
LINE
  5
999
330
1F
100
AcDbEntity
 67
     0
  8
LAYER131A
  6
Continuous
 62
   256
 60
     0
 48
1.0
370
    -1
100
AcDbLine
 39
0.0
 10
536.2412
 20
160.1885
 30
0.0
 11
536.2412
 21
104.4385
 31
0.0
  0
LINE
  5
99A
330
1F
100
AcDbEntity
 67
     0
  8
LAYER131D
  6
HIDDEN
 62
   256
 60
     0
 48
4.0
370
    -1
100
AcDbLine
 39
0.0
 10
533.4912
 20
159.6885
 30
0.0
 11
533.4912
 21
104.4385
 31
0.0
  0
LINE
  5
99B
330
1F
100
AcDbEntity
 67
     0
  8
LAYER131D
  6
HIDDEN
 62
   256
 60
     0
 48
4.0
370
    -1
100
AcDbLine
 39
0.0
 10
535.9912
 20
159.6885
 30
0.0
 11
535.9912
 21
104.4385
 31
0.0
  0
LINE
  5
99C
330
1F
100
AcDbEntity
 67
     0
  8
Struc_Section_Conc
  6
Continuous
 62
   256
 60
     0
 48
20.0
370
    -1
100
AcDbLine
 39
0.0
 10
432.2112
 20
240.6885
 30
0.0
 11
322.7412
 21
240.6885
 31
0.0
  0
LINE
  5
99D
330
1F
100
AcDbEntity
 67
     0
  8
Struc_Section_Steel
  6
Continuous
 62
   256
 60
     0
 48
2.0
370
    -1
100
AcDbLine
 39
0.0
 10
361.8922
 20
239.1885
 30
0.0
 11
359.6422
 21
239.1885
 31
0.0
  0
LINE
  5
99E
330
1F
100
AcDbEntity
 67
     0
  8
Struc_Section_Steel
  6
Continuous
 62
   256
 60
     0
 48
2.0
370
    -1
100
AcDbLine
 39
0.0
 10
361.8922
 20
231.1885
 30
0.0
 11
359.6422
 21
231.1885
 31
0.0
  0
LINE
  5
99F
330
1F
100
AcDbEntity
 67
     0
  8
Struc_Section_Steel
  6
Continuous
 62
   256
 60
     0
 48
2.0
370
    -1
100
AcDbLine
 39
0.0
 10
361.414
 20
238.746
 30
0.0
 11
359.7563
 21
238.891
 31
0.0
  0
LINE
  5
9A0
330
1F
100
AcDbEntity
 67
     0
  8
Struc_Section_Steel
  6
Continuous
 62
   256
 60
     0
 48
2.0
370
    -1
100
AcDbLine
 39
0.0
 10
361.6422
 20
231.8801
 30
0.0
 11
361.6422
 21
238.4969
 31
0.0
  0
ARC
  5
9A1
330
1F
100
AcDbEntity
 67
     0
  8
Struc_Section_Steel
  6
Continuous
 62
   256
 60
     0
 48
2.0
370
    -1
100
AcDbCircle
 39
0.0
 10
361.3922
 20
238.4969
 30
0.0
 40
0.25
100
AcDbArc
 50
0.0
 51
85.0
  0
LINE
  5
9A2
330
1F
100
AcDbEntity
 67
     0
  8
Struc_Section_Steel
  6
Continuous
 62
   256
 60
     0
 48
2.0
370
    -1
100
AcDbLine
 39
0.0
 10
361.414
 20
231.631
 30
0.0
 11
359.7563
 21
231.486
 31
0.0
  0
ARC
  5
9A3
330
1F
100
AcDbEntity
 67
     0
  8
Struc_Section_Steel
  6
Continuous
 62
   256
 60
     0
 48
2.0
370
    -1
100
AcDbCircle
 39
0.0
 10
361.3922
 20
231.8801
 30
0.0
 40
0.25
100
AcDbArc
 50
275.0
 51
0.0
  0
LINE
  5
9A4
330
1F
100
AcDbEntity
 67
     0
  8
Struc_Section_Steel
  6
Continuous
 62
   256
 60
     0
 48
2.0
370
    -1
100
AcDbLine
 39
0.0
 10
359.6422
 20
239.1885
 30
0.0
 11
359.6422
 21
239.0155
 31
0.0
  0
LINE
  5
9A5
330
1F
100
AcDbEntity
 67
     0
  8
Struc_Section_Steel
  6
Continuous
 62
   256
 60
     0
 48
2.0
370
    -1
100
AcDbLine
 39
0.0
 10
359.6422
 20
231.3615
 30
0.0
 11
359.6422
 21
231.1885
 31
0.0
  0
ARC
  5
9A6
330
1F
100
AcDbEntity
 67
     0
  8
Struc_Section_Steel
  6
Continuous
 62
   256
 60
     0
 48
2.0
370
    -1
100
AcDbCircle
 39
0.0
 10
359.7672
 20
239.0155
 30
0.0
 40
0.125
100
AcDbArc
 50
180.0
 51
265.0
  0
ARC
  5
9A7
330
1F
100
AcDbEntity
 67
     0
  8
Struc_Section_Steel
  6
Continuous
 62
   256
 60
     0
 48
2.0
370
    -1
100
AcDbCircle
 39
0.0
 10
359.7672
 20
231.3615
 30
0.0
 40
0.125
100
AcDbArc
 50
95.0
 51
180.0
  0
LINE
  5
9A8
330
1F
100
AcDbEntity
 67
     0
  8
Struc_Section_Steel
  6
Continuous
 62
   256
 60
     0
 48
2.0
370
    -1
100
AcDbLine
 39
0.0
 10
361.8922
 20
239.1885
 30
0.0
 11
361.8922
 21
231.1885
 31
0.0
  0
LWPOLYLINE
  5
9A9
330
1F
100
AcDbEntity
 67
     0
  8
Struc_Section_BP
  6
Continuous
 62
   256
 60
     0
 48
2.0
370
    -1
100
AcDbPolyline
 90
        4
 70
     1
 10
529.7412
 20
103.6885
 10
539.7412
 20
103.6885
 10
539.7412
 20
104.4385
 10
529.7412
 20
104.4385
  0
LINE
  5
9AA
330
1F
100
AcDbEntity
 67
     0
  8
C-241-1
  6
Continuous
 62
   256
 60
     0
 48
1.0
370
    -1
100
AcDbLine
 39
0.0
 10
538.1152
 20
106.1602
 30
0.0
 11
538.1152
 21
105.1189
 31
0.0
  0
LINE
  5
9AB
330
1F
100
AcDbEntity
 67
     0
  8
C-241-1
  6
Continuous
 62
   256
 60
     0
 48
1.0
370
    -1
100
AcDbLine
 39
0.0
 10
538.8673
 20
106.1602
 30
0.0
 11
538.8673
 21
105.1189
 31
0.0
  0
LINE
  5
9AC
330
1F
100
AcDbEntity
 67
     0
  8
C-241-1
  6
Continuous
 62
   256
 60
     0
 48
1.0
370
    -1
100
AcDbLine
 39
0.0
 10
539.6122
 20
104.6241
 30
0.0
 11
537.3703
 21
104.6241
 31
0.0
  0
LINE
  5
9AD
330
1F
100
AcDbEntity
 67
     0
  8
C-241-1
  6
Continuous
 62
   256
 60
     0
 48
1.0
370
    -1
100
AcDbLine
 39
0.0
 10
539.6122
 20
104.4385
 30
0.0
 11
537.3703
 21
104.4385
 31
0.0
  0
LINE
  5
9AE
330
1F
100
AcDbEntity
 67
     0
  8
C-241-1
  6
Continuous
 62
   256
 60
     0
 48
1.0
370
    -1
100
AcDbLine
 39
0.0
 10
539.6122
 20
104.6241
 30
0.0
 11
539.6122
 21
104.4385
 31
0.0
  0
LINE
  5
9AF
330
1F
100
AcDbEntity
 67
     0
  8
C-241-1
  6
Continuous
 62
   256
 60
     0
 48
2.0
370
    -1
100
AcDbLine
 39
0.0
 10
538.1152
 20
105.1189
 30
0.0
 11
538.1152
 21
85.4385
 31
0.0
  0
LINE
  5
9B0
330
1F
100
AcDbEntity
 67
     0
  8
C-241-1
  6
Continuous
 62
   256
 60
     0
 48
2.0
370
    -1
100
AcDbLine
 39
0.0
 10
538.8673
 20
105.1189
 30
0.0
 11
538.8673
 21
85.4385
 31
0.0
  0
LINE
  5
9B1
330
1F
100
AcDbEntity
 67
     0
  8
C-241-1
  6
Continuous
 62
   256
 60
     0
 48
2.0
370
    -1
100
AcDbLine
 39
0.0
 10
538.8673
 20
85.4385
 30
0.0
 11
538.1152
 21
85.4385
 31
0.0
  0
LINE
  5
9B2
330
1F
100
AcDbEntity
 67
     0
  8
C-241-1
  6
Continuous
 62
   256
 60
     0
 48
1.0
370
    -1
100
AcDbLine
 39
0.0
 10
539.3622
 20
105.1189
 30
0.0
 11
537.6203
 21
105.1189
 31
0.0
  0
LINE
  5
9B3
330
1F
100
AcDbEntity
 67
     0
  8
C-241-1
  6
Continuous
 62
   256
 60
     0
 48
1.0
370
    -1
100
AcDbLine
 39
0.0
 10
539.3622
 20
105.1189
 30
0.0
 11
539.3622
 21
104.6241
 31
0.0
  0
LINE
  5
9B4
330
1F
100
AcDbEntity
 67
     0
  8
C-241-1
  6
Continuous
 62
   256
 60
     0
 48
1.0
370
    -1
100
AcDbLine
 39
0.0
 10
537.6203
 20
105.1189
 30
0.0
 11
537.6203
 21
104.6241
 31
0.0
  0
LINE
  5
9B5
330
1F
100
AcDbEntity
 67
     0
  8
C-241-1
  6
Continuous
 62
   256
 60
     0
 48
1.0
370
    -1
100
AcDbLine
 39
0.0
 10
538.8673
 20
106.1602
 30
0.0
 11
538.1152
 21
106.1602
 31
0.0
  0
LINE
  5
9B6
330
1F
100
AcDbEntity
 67
     0
  8
C-241-1
  6
Continuous
 62
   256
 60
     0
 48
1.0
370
    -1
100
AcDbLine
 39
0.0
 10
537.3703
 20
104.6241
 30
0.0
 11
537.3703
 21
104.4385
 31
0.0
  0
LINE
  5
9B7
330
1F
100
AcDbEntity
 67
     0
  8
C-241-1
  6
Continuous
 62
   256
 60
     0
 48
1.0
370
    -1
100
AcDbLine
 39
0.0
 10
531.3673
 20
106.1602
 30
0.0
 11
531.3673
 21
105.1189
 31
0.0
  0
LINE
  5
9B8
330
1F
100
AcDbEntity
 67
     0
  8
C-241-1
  6
Continuous
 62
   256
 60
     0
 48
1.0
370
    -1
100
AcDbLine
 39
0.0
 10
530.6152
 20
106.1602
 30
0.0
 11
530.6152
 21
105.1189
 31
0.0
  0
LINE
  5
9B9
330
1F
100
AcDbEntity
 67
     0
  8
C-241-1
  6
Continuous
 62
   256
 60
     0
 48
1.0
370
    -1
100
AcDbLine
 39
0.0
 10
529.8703
 20
104.6241
 30
0.0
 11
532.1122
 21
104.6241
 31
0.0
  0
LINE
  5
9BA
330
1F
100
AcDbEntity
 67
     0
  8
C-241-1
  6
Continuous
 62
   256
 60
     0
 48
1.0
370
    -1
100
AcDbLine
 39
0.0
 10
529.8703
 20
104.4385
 30
0.0
 11
532.1122
 21
104.4385
 31
0.0
  0
LINE
  5
9BB
330
1F
100
AcDbEntity
 67
     0
  8
C-241-1
  6
Continuous
 62
   256
 60
     0
 48
2.0
370
    -1
100
AcDbLine
 39
0.0
 10
531.3673
 20
105.1189
 30
0.0
 11
531.3673
 21
85.4385
 31
0.0
  0
LINE
  5
9BC
330
1F
100
AcDbEntity
 67
     0
  8
C-241-1
  6
Continuous
 62
   256
 60
     0
 48
2.0
370
    -1
100
AcDbLine
 39
0.0
 10
530.6152
 20
105.1189
 30
0.0
 11
530.6152
 21
85.4385
 31
0.0
  0
LINE
  5
9BD
330
1F
100
AcDbEntity
 67
     0
  8
C-241-1
  6
Continuous
 62
   256
 60
     0
 48
2.0
370
    -1
100
AcDbLine
 39
0.0
 10
530.6152
 20
85.4385
 30
0.0
 11
531.3673
 21
85.4385
 31
0.0
  0
LINE
  5
9BE
330
1F
100
AcDbEntity
 67
     0
  8
C-241-1
  6
Continuous
 62
   256
 60
     0
 48
1.0
370
    -1
100
AcDbLine
 39
0.0
 10
530.1203
 20
105.1189
 30
0.0
 11
531.8622
 21
105.1189
 31
0.0
  0
LINE
  5
9BF
330
1F
100
AcDbEntity
 67
     0
  8
C-241-1
  6
Continuous
 62
   256
 60
     0
 48
1.0
370
    -1
100
AcDbLine
 39
0.0
 10
530.1203
 20
105.1189
 30
0.0
 11
530.1203
 21
104.6241
 31
0.0
  0
LINE
  5
9C0
330
1F
100
AcDbEntity
 67
     0
  8
C-241-1
  6
Continuous
 62
   256
 60
     0
 48
1.0
370
    -1
100
AcDbLine
 39
0.0
 10
531.8622
 20
105.1189
 30
0.0
 11
531.8622
 21
104.6241
 31
0.0
  0
LINE
  5
9C1
330
1F
100
AcDbEntity
 67
     0
  8
C-241-1
  6
Continuous
 62
   256
 60
     0
 48
1.0
370
    -1
100
AcDbLine
 39
0.0
 10
530.6152
 20
106.1602
 30
0.0
 11
531.3673
 21
106.1602
 31
0.0
  0
LINE
  5
9C2
330
1F
100
AcDbEntity
 67
     0
  8
C-241-1
  6
Continuous
 62
   256
 60
     0
 48
1.0
370
    -1
100
AcDbLine
 39
0.0
 10
532.1122
 20
104.6241
 30
0.0
 11
532.1122
 21
104.4385
 31
0.0
  0
LINE
  5
9C3
330
1F
100
AcDbEntity
 67
     0
  8
C-241-1
  6
Continuous
 62
   256
 60
     0
 48
1.0
370
    -1
100
AcDbLine
 39
0.0
 10
529.8703
 20
104.6241
 30
0.0
 11
529.8703
 21
104.4385
 31
0.0
  0
LINE
  5
9C4
330
1F
100
AcDbEntity
 67
     0
  8
Struc_Section_Dim
  6
Continuous
 62
   256
 60
     0
 48
10.0
370
    -1
100
AcDbLine
 39
0.0
 10
590.7412
 20
150.2039
 30
0.0
 11
590.7412
 21
280.4918
 31
0.0
  0
LINE
  5
9C5
330
1F
100
AcDbEntity
 67
     0
  8
Struc_Section_Dim
  6
Continuous
 62
   256
 60
     0
 48
10.0
370
    -1
100
AcDbLine
 39
0.0
 10
534.7412
 20
103.6885
 30
0.0
 11
534.7412
 21
231.1464
 31
0.0
  0
LINE
  5
9C6
330
1F
100
AcDbEntity
 67
     0
  8
Struc_Section_Dim
  6
Continuous
 62
   256
 60
     0
 48
10.0
370
    -1
100
AcDbLine
 39
0.0
 10
326.7326
 20
206.3886
 30
0.0
 11
326.7326
 21
293.9415
 31
0.0
  0
LINE
  5
9C7
330
1F
100
AcDbEntity
 67
     0
  8
Struc_Section_Steel
  6
Continuous
 62
   256
 60
     0
 48
2.0
370
    -1
100
AcDbLine
 39
0.0
 10
397.0517
 20
239.1885
 30
0.0
 11
394.8017
 21
239.1885
 31
0.0
  0
LINE
  5
9C8
330
1F
100
AcDbEntity
 67
     0
  8
Struc_Section_Steel
  6
Continuous
 62
   256
 60
     0
 48
2.0
370
    -1
100
AcDbLine
 39
0.0
 10
397.0517
 20
231.1885
 30
0.0
 11
394.8017
 21
231.1885
 31
0.0
  0
LINE
  5
9C9
330
1F
100
AcDbEntity
 67
     0
  8
Struc_Section_Steel
  6
Continuous
 62
   256
 60
     0
 48
2.0
370
    -1
100
AcDbLine
 39
0.0
 10
396.5735
 20
238.746
 30
0.0
 11
394.9158
 21
238.891
 31
0.0
  0
LINE
  5
9CA
330
1F
100
AcDbEntity
 67
     0
  8
Struc_Section_Steel
  6
Continuous
 62
   256
 60
     0
 48
2.0
370
    -1
100
AcDbLine
 39
0.0
 10
396.8017
 20
231.8801
 30
0.0
 11
396.8017
 21
238.4969
 31
0.0
  0
ARC
  5
9CB
330
1F
100
AcDbEntity
 67
     0
  8
Struc_Section_Steel
  6
Continuous
 62
   256
 60
     0
 48
2.0
370
    -1
100
AcDbCircle
 39
0.0
 10
396.5517
 20
238.4969
 30
0.0
 40
0.25
100
AcDbArc
 50
0.0
 51
85.0
  0
LINE
  5
9CC
330
1F
100
AcDbEntity
 67
     0
  8
Struc_Section_Steel
  6
Continuous
 62
   256
 60
     0
 48
2.0
370
    -1
100
AcDbLine
 39
0.0
 10
396.5735
 20
231.631
 30
0.0
 11
394.9158
 21
231.486
 31
0.0
  0
ARC
  5
9CD
330
1F
100
AcDbEntity
 67
     0
  8
Struc_Section_Steel
  6
Continuous
 62
   256
 60
     0
 48
2.0
370
    -1
100
AcDbCircle
 39
0.0
 10
396.5517
 20
231.8801
 30
0.0
 40
0.25
100
AcDbArc
 50
275.0
 51
0.0
  0
LINE
  5
9CE
330
1F
100
AcDbEntity
 67
     0
  8
Struc_Section_Steel
  6
Continuous
 62
   256
 60
     0
 48
2.0
370
    -1
100
AcDbLine
 39
0.0
 10
394.8017
 20
239.1885
 30
0.0
 11
394.8017
 21
239.0155
 31
0.0
  0
LINE
  5
9CF
330
1F
100
AcDbEntity
 67
     0
  8
Struc_Section_Steel
  6
Continuous
 62
   256
 60
     0
 48
2.0
370
    -1
100
AcDbLine
 39
0.0
 10
394.8017
 20
231.3615
 30
0.0
 11
394.8017
 21
231.1885
 31
0.0
  0
ARC
  5
9D0
330
1F
100
AcDbEntity
 67
     0
  8
Struc_Section_Steel
  6
Continuous
 62
   256
 60
     0
 48
2.0
370
    -1
100
AcDbCircle
 39
0.0
 10
394.9267
 20
239.0155
 30
0.0
 40
0.125
100
AcDbArc
 50
180.0
 51
265.0
  0
ARC
  5
9D1
330
1F
100
AcDbEntity
 67
     0
  8
Struc_Section_Steel
  6
Continuous
 62
   256
 60
     0
 48
2.0
370
    -1
100
AcDbCircle
 39
0.0
 10
394.9267
 20
231.3615
 30
0.0
 40
0.125
100
AcDbArc
 50
95.0
 51
180.0
  0
LINE
  5
9D2
330
1F
100
AcDbEntity
 67
     0
  8
Struc_Section_Steel
  6
Continuous
 62
   256
 60
     0
 48
2.0
370
    -1
100
AcDbLine
 39
0.0
 10
397.0517
 20
239.1885
 30
0.0
 11
397.0517
 21
231.1885
 31
0.0
  0
LINE
  5
9D3
330
1F
100
AcDbEntity
 67
     0
  8
LAYER131A
  6
Continuous
 62
   256
 60
     0
 48
1.0
370
    -1
100
AcDbLine
 39
0.0
 10
150.7419
 20
170.1885
 30
0.0
 11
150.7419
 21
104.4385
 31
0.0
  0
LINE
  5
9D4
330
1F
100
AcDbEntity
 67
     0
  8
LAYER131A
  6
Continuous
 62
   256
 60
     0
 48
1.0
370
    -1
100
AcDbLine
 39
0.0
 10
146.7419
 20
170.1885
 30
0.0
 11
146.7419
 21
104.4385
 31
0.0
  0
LINE
  5
9D5
330
1F
100
AcDbEntity
 67
     0
  8
Struc_Section_Steel
  6
Continuous
 62
   256
 60
     0
 48
4.0
370
    -1
100
AcDbLine
 39
0.0
 10
150.4919
 20
170.1885
 30
0.0
 11
150.4919
 21
104.4385
 31
0.0
  0
LINE
  5
9D6
330
1F
100
AcDbEntity
 67
     0
  8
Struc_Section_Steel
  6
Continuous
 62
   256
 60
     0
 48
4.0
370
    -1
100
AcDbLine
 39
0.0
 10
146.9919
 20
170.1885
 30
0.0
 11
146.9919
 21
104.4385
 31
0.0
  0
LINE
  5
9D7
330
1F
100
AcDbEntity
 67
     0
  8
Struc_Section_Dim
  6
Continuous
 62
   256
 60
     0
 48
2.0
370
    -1
100
AcDbLine
 39
0.0
 10
36.7419
 20
103.6885
 30
0.0
 11
179.4533
 21
103.6885
 31
0.0
  0
LINE
  5
9D8
330
1F
100
AcDbEntity
 67
     0
  8
Struc_Section_Steel
  6
Continuous
 62
   256
 60
     0
 48
1.0
370
    -1
100
AcDbLine
 39
0.0
 10
42.7419
 20
170.1885
 30
0.0
 11
146.7419
 21
170.1885
 31
0.0
  0
LINE
  5
9D9
330
1F
100
AcDbEntity
 67
     0
  8
Struc_Section_Steel
  6
Continuous
 62
   256
 60
     0
 48
10.0
370
    -1
100
AcDbLine
 39
0.0
 10
43.2419
 20
169.876
 30
0.0
 11
146.2419
 21
169.876
 31
0.0
  0
LINE
  5
9DA
330
1F
100
AcDbEntity
 67
     0
  8
Struc_Section_Steel
  6
Continuous
 62
   256
 60
     0
 48
10.0
370
    -1
100
AcDbLine
 39
0.0
 10
43.2419
 20
160.626
 30
0.0
 11
146.2419
 21
160.626
 31
0.0
  0
LINE
  5
9DB
330
1F
100
AcDbEntity
 67
     0
  8
Struc_Section_Steel
  6
Continuous
 62
   256
 60
     0
 48
1.0
370
    -1
100
AcDbLine
 39
0.0
 10
43.2419
 20
160.3135
 30
0.0
 11
146.2419
 21
160.3135
 31
0.0
  0
LINE
  5
9DC
330
1F
100
AcDbEntity
 67
     0
  8
Struc_Section_Dim
  6
Continuous
 62
   256
 60
     0
 48
2.0
370
    -1
100
AcDbLine
 39
0.0
 10
36.7419
 20
79.6885
 30
0.0
 11
36.7419
 21
103.6885
 31
0.0
  0
LINE
  5
9DD
330
1F
100
AcDbEntity
 67
     0
  8
Struc_Section_Dim
  6
Continuous
 62
   256
 60
     0
 48
2.0
370
    -1
100
AcDbLine
 39
0.0
 10
197.6569
 20
243.4003
 30
0.0
 11
197.3509
 21
242.9836
 31
0.0
  0
LINE
  5
9DE
330
1F
100
AcDbEntity
 67
     0
  8
Struc_Section_Dim
  6
Continuous
 62
   256
 60
     0
 48
2.0
370
    -1
100
AcDbLine
 39
0.0
 10
197.3509
 20
242.9836
 30
0.0
 11
198.1885
 21
242.4878
 31
0.0
  0
LINE
  5
9DF
330
1F
100
AcDbEntity
 67
     0
  8
Struc_Section_Dim
  6
Continuous
 62
   256
 60
     0
 48
2.0
370
    -1
100
AcDbLine
 39
0.0
 10
198.1885
 20
242.4878
 30
0.0
 11
197.5948
 21
241.9994
 31
0.0
  0
LINE
  5
9E0
330
1F
100
AcDbEntity
 67
     0
  8
Struc_Section_Dim
  6
Continuous
 62
   256
 60
     0
 48
2.0
370
    -1
100
AcDbLine
 39
0.0
 10
197.5948
 20
241.9994
 30
0.0
 11
197.5948
 21
240.2394
 31
0.0
  0
LINE
  5
9E1
330
1F
100
AcDbEntity
 67
     0
  8
Struc_Section_Dim
  6
Continuous
 62
   256
 60
     0
 48
2.0
370
    -1
100
AcDbLine
 39
0.0
 10
44.7419
 20
98.6885
 30
0.0
 11
144.7419
 21
98.6885
 31
0.0
  0
LINE
  5
9E2
330
1F
100
AcDbEntity
 67
     0
  8
Center
  6
CENTER
 62
   256
 60
     0
 48
5.0
370
    -1
100
AcDbLine
 39
0.0
 10
36.7419
 20
103.6885
 30
0.0
 11
36.7419
 21
308.6707
 31
0.0
  0
LINE
  5
9E3
330
1F
100
AcDbEntity
 67
     0
  8
Struc_Section_Dim
  6
Continuous
 62
   256
 60
     0
 48
2.0
370
    -1
100
AcDbLine
 39
0.0
 10
36.7419
 20
79.6885
 30
0.0
 11
44.7419
 21
79.6885
 31
0.0
  0
LINE
  5
9E4
330
1F
100
AcDbEntity
 67
     0
  8
Struc_Section_Steel
  6
Continuous
 62
   256
 60
     0
 48
2.0
370
    -1
100
AcDbLine
 39
0.0
 10
146.2419
 20
170.1885
 30
0.0
 11
146.2419
 21
168.321
 31
0.0
  0
LINE
  5
9E5
330
1F
100
AcDbEntity
 67
     0
  8
Struc_Section_Dim
  6
Continuous
 62
   256
 60
     0
 48
2.0
370
    -1
100
AcDbLine
 39
0.0
 10
179.4533
 20
104.2638
 30
0.0
 11
179.4533
 21
101.8545
 31
0.0
  0
LINE
  5
9E6
330
1F
100
AcDbEntity
 67
     0
  8
Struc_Section_Dim
  6
Continuous
 62
   256
 60
     0
 48
2.0
370
    -1
100
AcDbLine
 39
0.0
 10
179.4533
 20
101.8545
 30
0.0
 11
178.9802
 21
101.21
 31
0.0
  0
LINE
  5
9E7
330
1F
100
AcDbEntity
 67
     0
  8
Struc_Section_Dim
  6
Continuous
 62
   256
 60
     0
 48
2.0
370
    -1
100
AcDbLine
 39
0.0
 10
178.9802
 20
101.21
 30
0.0
 11
180.2366
 21
100.4663
 31
0.0
  0
LINE
  5
9E8
330
1F
100
AcDbEntity
 67
     0
  8
Struc_Section_Dim
  6
Continuous
 62
   256
 60
     0
 48
2.0
370
    -1
100
AcDbLine
 39
0.0
 10
180.2366
 20
100.4663
 30
0.0
 11
179.3912
 21
99.7709
 31
0.0
  0
LINE
  5
9E9
330
1F
100
AcDbEntity
 67
     0
  8
Struc_Section_Dim
  6
Continuous
 62
   256
 60
     0
 48
2.0
370
    -1
100
AcDbLine
 39
0.0
 10
179.3912
 20
99.7709
 30
0.0
 11
179.3912
 21
97.8961
 31
0.0
  0
DIMENSION
  5
9EA
330
1F
100
AcDbEntity
 67
     0
  8
Dim @ 48
  6
Continuous
 62
   256
 60
     0
 48
1.0
370
    -1
100
AcDbDimension
  2
*D13
 10
36.7419
 20
283.6064
 30
0.0
 11
90.7419
 21
283.6064
 31
0.0
 70
     0
  1

 71
     5
 72
     1
 41
1.0
 42
108.0
 53
0.0
 51
0.0
210
0.0
220
0.0
230
1.0
  3
ROMANS
100
AcDbAlignedDimension
 13
144.7419
 23
282.205
 33
0.0
 14
36.7419
 24
282.205
 34
0.0
 50
180.0
100
AcDbRotatedDimension
1001
AcadAnnotative
1000
AnnotativeData
1002
{
1070
     1
1070
     0
1002
}
1001
ACAD
1000
DSTYLE
1002
{
1070
    40
1040
48.0
1070
   147
1040
0.0625
1070
   141
1040
0.0625
1070
    42
1040
0.0938
1070
    44
1040
0.0938
1070
    41
1040
0.0938
1070
   140
1040
0.0781
1070
   279
1070
     2
1070
   289
1070
     0
1070
   174
1070
     0
1070
   175
1070
     0
1070
   172
1070
     0
1002
}
  0
LINE
  5
9EB
330
1F
100
AcDbEntity
 67
     0
  8
Center
  6
CENTER
 62
   256
 60
     0
 48
5.0
370
    -1
100
AcDbLine
 39
0.0
 10
40.7419
 20
220.8138
 30
0.0
 11
40.7419
 21
308.6707
 31
0.0
  0
LINE
  5
9EC
330
1F
100
AcDbEntity
 67
     0
  8
Struc_Section_Conc
  6
Continuous
 62
   256
 60
     0
 48
2.0
370
    -1
100
AcDbLine
 39
0.0
 10
37.7419
 20
244.6885
 30
0.0
 11
145.7419
 21
244.6885
 31
0.0
  0
DIMENSION
  5
9ED
330
1F
100
AcDbEntity
 67
     0
  8
Dim @ 48
  6
Continuous
 62
   256
 60
     0
 48
1.0
370
    -1
100
AcDbDimension
  2
*D14
 10
40.7419
 20
272.6649
 30
0.0
 11
92.7419
 21
272.6649
 31
0.0
 70
     0
  1

 71
     5
 72
     1
 41
1.0
 42
104.0
 53
0.0
 51
0.0
210
0.0
220
0.0
230
1.0
  3
ROMANS
100
AcDbAlignedDimension
 13
144.7419
 23
272.9732
 33
0.0
 14
40.7419
 24
272.9732
 34
0.0
 50
180.0
100
AcDbRotatedDimension
1001
AcadAnnotative
1000
AnnotativeData
1002
{
1070
     1
1070
     0
1002
}
1001
ACAD
1000
DSTYLE
1002
{
1070
    40
1040
48.0
1070
   147
1040
0.0625
1070
   141
1040
0.0625
1070
    42
1040
0.0938
1070
    44
1040
0.0938
1070
    41
1040
0.0938
1070
   140
1040
0.0781
1070
   279
1070
     2
1070
   289
1070
     0
1070
   174
1070
     0
1070
   175
1070
     0
1070
   172
1070
     0
1002
}
  0
DIMENSION
  5
9EE
330
1F
100
AcDbEntity
 67
     0
  8
Dim @ 48
  6
Continuous
 62
   256
 60
     0
 48
1.0
370
    -1
100
AcDbDimension
  2
*D15
 10
36.7419
 20
272.6649
 30
0.0
 11
16.0142
 21
272.6649
 31
0.0
 70
     0
  1

 71
     5
 72
     1
 41
1.0
 42
4.0
 53
0.0
 51
0.0
210
0.0
220
0.0
230
1.0
  3
ROMANS-beside
100
AcDbAlignedDimension
 13
40.7419
 23
272.6649
 33
0.0
 14
36.7419
 24
272.6649
 34
0.0
 50
180.0
100
AcDbRotatedDimension
1001
AcadAnnotative
1000
AnnotativeData
1002
{
1070
     1
1070
     0
1002
}
1001
ACAD
1000
DSTYLE
1002
{
1070
    40
1040
48.0
1070
   147
1040
0.0625
1070
   141
1040
0.0625
1070
    42
1040
0.0938
1070
    44
1040
0.0938
1070
    41
1040
0.0938
1070
   140
1040
0.0781
1070
   279
1070
     0
1070
   289
1070
     0
1070
   174
1070
     0
1070
   175
1070
     0
1070
   172
1070
     0
1002
}
  0
INSERT
  5
9EF
330
1F
100
AcDbEntity
 67
     0
  8
Struc_Section_Dim
  6
Continuous
 62
   256
 60
     0
 48
1.0
370
    -1
100
AcDbBlockReference
 66
     0
  2
outstandingconn1
 10
146.7419
 20
162.181
 30
0.0
 41
-1.0
 42
1.0
 43
1.0
 50
0.0
 70
     0
 71
     0
 44
0.0
 45
0.0
210
0.0
220
0.0
230
1.0
  0
LINE
  5
9F0
330
1F
100
AcDbEntity
 67
     0
  8
Structural_SteelBeam
  6
Continuous
 62
   256
 60
     0
 48
1.0
370
    -1
100
AcDbLine
 39
0.0
 10
156.6169
 20
240.3135
 30
0.0
 11
156.6169
 21
225.1885
 31
0.0
  0
LINE
  5
9F1
330
1F
100
AcDbEntity
 67
     0
  8
Structural_SteelBeam
  6
Continuous
 62
   256
 60
     0
 48
1.0
370
    -1
100
AcDbLine
 39
0.0
 10
156.8669
 20
240.3135
 30
0.0
 11
156.8669
 21
225.1885
 31
0.0
  0
LINE
  5
9F2
330
1F
100
AcDbEntity
 67
     0
  8
Structural_SteelBeam
  6
Continuous
 62
   256
 60
     0
 48
1.0
370
    -1
100
AcDbLine
 39
0.0
 10
153.9919
 20
224.8135
 30
0.0
 11
159.4919
 21
224.8135
 31
0.0
  0
LINE
  5
9F3
330
1F
100
AcDbEntity
 67
     0
  8
Structural_SteelBeam
  6
Continuous
 62
   256
 60
     0
 48
1.0
370
    -1
100
AcDbLine
 39
0.0
 10
153.9919
 20
225.1885
 30
0.0
 11
156.6169
 21
225.1885
 31
0.0
  0
LINE
  5
9F4
330
1F
100
AcDbEntity
 67
     0
  8
Structural_SteelBeam
  6
Continuous
 62
   256
 60
     0
 48
1.0
370
    -1
100
AcDbLine
 39
0.0
 10
153.9919
 20
225.1885
 30
0.0
 11
153.9919
 21
224.8135
 31
0.0
  0
LINE
  5
9F5
330
1F
100
AcDbEntity
 67
     0
  8
Structural_SteelBeam
  6
Continuous
 62
   256
 60
     0
 48
1.0
370
    -1
100
AcDbLine
 39
0.0
 10
156.8669
 20
225.1885
 30
0.0
 11
159.4919
 21
225.1885
 31
0.0
  0
LINE
  5
9F6
330
1F
100
AcDbEntity
 67
     0
  8
Structural_SteelBeam
  6
Continuous
 62
   256
 60
     0
 48
1.0
370
    -1
100
AcDbLine
 39
0.0
 10
153.9919
 20
240.6885
 30
0.0
 11
159.4919
 21
240.6885
 31
0.0
  0
LINE
  5
9F7
330
1F
100
AcDbEntity
 67
     0
  8
Structural_SteelBeam
  6
Continuous
 62
   256
 60
     0
 48
1.0
370
    -1
100
AcDbLine
 39
0.0
 10
153.9919
 20
240.6885
 30
0.0
 11
153.9919
 21
240.3135
 31
0.0
  0
LINE
  5
9F8
330
1F
100
AcDbEntity
 67
     0
  8
Structural_SteelBeam
  6
Continuous
 62
   256
 60
     0
 48
1.0
370
    -1
100
AcDbLine
 39
0.0
 10
159.4919
 20
240.6885
 30
0.0
 11
159.4919
 21
240.3135
 31
0.0
  0
LINE
  5
9F9
330
1F
100
AcDbEntity
 67
     0
  8
Structural_SteelBeam
  6
Continuous
 62
   256
 60
     0
 48
1.0
370
    -1
100
AcDbLine
 39
0.0
 10
153.9919
 20
240.3135
 30
0.0
 11
156.6169
 21
240.3135
 31
0.0
  0
LINE
  5
9FA
330
1F
100
AcDbEntity
 67
     0
  8
Structural_SteelBeam
  6
Continuous
 62
   256
 60
     0
 48
1.0
370
    -1
100
AcDbLine
 39
0.0
 10
156.8669
 20
240.3135
 30
0.0
 11
159.4919
 21
240.3135
 31
0.0
  0
LINE
  5
9FB
330
1F
100
AcDbEntity
 67
     0
  8
Structural_SteelBeam
  6
Continuous
 62
   256
 60
     0
 48
1.0
370
    -1
100
AcDbLine
 39
0.0
 10
159.4919
 20
225.1885
 30
0.0
 11
159.4919
 21
224.8135
 31
0.0
  0
HATCH
  5
9FC
330
1F
100
AcDbEntity
 67
     0
  8
Structural_SteelBeam
  6
Continuous
 62
   256
 60
     0
 48
1.0
370
    -1
100
AcDbHatch
 10
0.0
 20
0.0
 30
0.0
210
0.0
220
0.0
230
1.0
  2
STEEL
 70
     0
 71
     0
 91
        2
 92
        7
 72
     0
 73
     1
 93
        8
 10
153.9919
 20
240.6885
 10
153.9919
 20
240.3135
 10
156.6169
 20
240.3135
 10
156.6169
 20
225.1885
 10
153.9919
 20
225.1885
 10
153.9919
 20
224.8135
 10
156.7419
 20
224.8135
 10
156.7419
 20
240.6885
 97
        0
 92
        7
 72
     0
 73
     1
 93
        8
 10
159.4919
 20
240.3135
 10
159.4919
 20
240.6885
 10
156.7419
 20
240.6885
 10
156.7419
 20
224.8135
 10
159.4919
 20
224.8135
 10
159.4919
 20
225.1885
 10
156.8669
 20
225.1885
 10
156.8669
 20
240.3135
 97
        0
 75
     0
 76
     1
 52
0.0
 41
5.0
 77
     0
 78
     2
 53
45.0
 43
-3.1809
 44
256.6429
 45
-0.4419
 46
0.4419
 79
     0
 53
45.0
 43
-3.1809
 44
256.9554
 45
-0.4419
 46
0.4419
 79
     0
 47
0.0428
 98
        2
 10
156.4236
 20
240.5158
 10
157.237
 20
240.4731
450
        0
451
         -2147483648
460
0.0
461
0.0
452
        0
462
0.0
453
        0
463
0.0
463
1.0
470

  0
LINE
  5
9FD
330
1F
100
AcDbEntity
 67
     0
  8
LAYER131A
  6
Continuous
 62
   256
 60
     0
 48
1.0
370
    -1
100
AcDbLine
 39
0.0
 10
42.7419
 20
170.1885
 30
0.0
 11
38.7419
 21
170.1885
 31
0.0
  0
LINE
  5
9FE
330
1F
100
AcDbEntity
 67
     0
  8
Struc_Section_Dim
  6
Continuous
 62
   256
 60
     0
 48
2.0
370
    -1
100
AcDbLine
 39
0.0
 10
197.6569
 20
245.182
 30
0.0
 11
197.6569
 21
243.4003
 31
0.0
  0
LINE
  5
9FF
330
1F
100
AcDbEntity
 67
     0
  8
Struc_Section_Conc
  6
Continuous
 62
   256
 60
     0
 48
2.0
370
    -1
100
AcDbLine
 39
0.0
 10
145.7419
 20
240.6885
 30
0.0
 11
145.7419
 21
244.6885
 31
0.0
  0
LINE
  5
A00
330
1F
100
AcDbEntity
 67
     0
  8
Struc_Section_Conc
  6
Continuous
 62
   256
 60
     0
 48
2.0
370
    -1
100
AcDbLine
 39
0.0
 10
145.7419
 20
244.6885
 30
0.0
 11
197.6569
 21
244.6885
 31
0.0
  0
LINE
  5
A01
330
1F
100
AcDbEntity
 67
     0
  8
Struc_Section_Conc
  6
Continuous
 62
   256
 60
     0
 48
2.0
370
    -1
100
AcDbLine
 39
0.0
 10
145.7419
 20
240.6885
 30
0.0
 11
197.5948
 21
240.6885
 31
0.0
  0
LINE
  5
A02
330
1F
100
AcDbEntity
 67
     0
  8
Struc_Section_Conc
  6
Continuous
 62
   256
 60
     0
 48
20.0
370
    -1
100
AcDbLine
 39
0.0
 10
145.7419
 20
242.1885
 30
0.0
 11
197.8247
 21
242.1885
 31
0.0
  0
LINE
  5
A03
330
1F
100
AcDbEntity
 67
     0
  8
Struc_Section_Conc
  6
Continuous
 62
   256
 60
     0
 48
2.0
370
    -1
100
AcDbLine
 39
0.0
 10
94.4669
 20
240.6885
 30
0.0
 11
145.7419
 21
240.6885
 31
0.0
  0
LINE
  5
A04
330
1F
100
AcDbEntity
 67
     0
  8
Struc_Section_Stair
  6
Continuous
 62
   256
 60
     0
 48
5.0
370
    -1
100
AcDbLine
 39
0.0
 10
43.6169
 20
237.5985
 30
0.0
 11
92.8044
 21
237.5985
 31
0.0
  0
LINE
  5
A05
330
1F
100
AcDbEntity
 67
     0
  8
Struc_Section_Stair
  6
Continuous
 62
   256
 60
     0
 48
5.0
370
    -1
100
AcDbLine
 39
0.0
 10
43.6169
 20
230.5085
 30
0.0
 11
92.8044
 21
230.5085
 31
0.0
  0
LINE
  5
A06
330
1F
100
AcDbEntity
 67
     0
  8
Struc_Section_Stair
  6
Continuous
 62
   256
 60
     0
 48
5.0
370
    -1
100
AcDbLine
 39
0.0
 10
43.6169
 20
223.4185
 30
0.0
 11
92.8044
 21
223.4185
 31
0.0
  0
LINE
  5
A07
330
1F
100
AcDbEntity
 67
     0
  8
Struc_Section_Stair
  6
Continuous
 62
   256
 60
     0
 48
5.0
370
    -1
100
AcDbLine
 39
0.0
 10
43.6169
 20
216.3285
 30
0.0
 11
92.8044
 21
216.3285
 31
0.0
  0
LINE
  5
A08
330
1F
100
AcDbEntity
 67
     0
  8
Struc_Section_Stair
  6
Continuous
 62
   256
 60
     0
 48
5.0
370
    -1
100
AcDbLine
 39
0.0
 10
43.6169
 20
209.2385
 30
0.0
 11
92.8044
 21
209.2385
 31
0.0
  0
LINE
  5
A09
330
1F
100
AcDbEntity
 67
     0
  8
Struc_Section_Stair
  6
Continuous
 62
   256
 60
     0
 48
5.0
370
    -1
100
AcDbLine
 39
0.0
 10
43.6169
 20
202.1485
 30
0.0
 11
92.8044
 21
202.1485
 31
0.0
  0
LINE
  5
A0A
330
1F
100
AcDbEntity
 67
     0
  8
Struc_Section_Stair
  6
Continuous
 62
   256
 60
     0
 48
5.0
370
    -1
100
AcDbLine
 39
0.0
 10
43.6169
 20
195.0585
 30
0.0
 11
92.8044
 21
195.0585
 31
0.0
  0
LINE
  5
A0B
330
1F
100
AcDbEntity
 67
     0
  8
Struc_Section_Stair
  6
Continuous
 62
   256
 60
     0
 48
5.0
370
    -1
100
AcDbLine
 39
0.0
 10
43.6169
 20
187.9685
 30
0.0
 11
92.8044
 21
187.9685
 31
0.0
  0
LINE
  5
A0C
330
1F
100
AcDbEntity
 67
     0
  8
Struc_Section_Stair
  6
Continuous
 62
   256
 60
     0
 48
5.0
370
    -1
100
AcDbLine
 39
0.0
 10
43.6169
 20
180.8785
 30
0.0
 11
92.8044
 21
180.8785
 31
0.0
  0
LINE
  5
A0D
330
1F
100
AcDbEntity
 67
     0
  8
Struc_Section_Stair
  6
Continuous
 62
   256
 60
     0
 48
5.0
370
    -1
100
AcDbLine
 39
0.0
 10
94.8044
 20
110.7785
 30
0.0
 11
143.9919
 21
110.7785
 31
0.0
  0
LINE
  5
A0E
330
1F
100
AcDbEntity
 67
     0
  8
Struc_Section_Stair
  6
Continuous
 62
   256
 60
     0
 48
5.0
370
    -1
100
AcDbLine
 39
0.0
 10
94.8044
 20
117.8685
 30
0.0
 11
143.9919
 21
117.8685
 31
0.0
  0
LINE
  5
A0F
330
1F
100
AcDbEntity
 67
     0
  8
Struc_Section_Stair
  6
Continuous
 62
   256
 60
     0
 48
5.0
370
    -1
100
AcDbLine
 39
0.0
 10
94.8044
 20
124.9585
 30
0.0
 11
143.9919
 21
124.9585
 31
0.0
  0
LINE
  5
A10
330
1F
100
AcDbEntity
 67
     0
  8
Struc_Section_Stair
  6
Continuous
 62
   256
 60
     0
 48
5.0
370
    -1
100
AcDbLine
 39
0.0
 10
94.8044
 20
132.0485
 30
0.0
 11
143.9919
 21
132.0485
 31
0.0
  0
LINE
  5
A11
330
1F
100
AcDbEntity
 67
     0
  8
Struc_Section_Stair
  6
Continuous
 62
   256
 60
     0
 48
5.0
370
    -1
100
AcDbLine
 39
0.0
 10
94.8044
 20
139.1385
 30
0.0
 11
143.9919
 21
139.1385
 31
0.0
  0
LINE
  5
A12
330
1F
100
AcDbEntity
 67
     0
  8
Struc_Section_Stair
  6
Continuous
 62
   256
 60
     0
 48
5.0
370
    -1
100
AcDbLine
 39
0.0
 10
94.8044
 20
146.2285
 30
0.0
 11
143.9919
 21
146.2285
 31
0.0
  0
LINE
  5
A13
330
1F
100
AcDbEntity
 67
     0
  8
Struc_Section_Stair
  6
Continuous
 62
   256
 60
     0
 48
5.0
370
    -1
100
AcDbLine
 39
0.0
 10
94.8044
 20
153.3185
 30
0.0
 11
143.9919
 21
153.3185
 31
0.0
  0
LINE
  5
A14
330
1F
100
AcDbEntity
 67
     0
  8
Struc_Section_Stair
  6
Continuous
 62
   256
 60
     0
 48
5.0
370
    -1
100
AcDbLine
 39
0.0
 10
94.8044
 20
160.4085
 30
0.0
 11
143.9919
 21
160.4085
 31
0.0
  0
LINE
  5
A15
330
1F
100
AcDbEntity
 67
     0
  8
Struc_Section_Conc
  6
Continuous
 62
   256
 60
     0
 48
20.0
370
    -1
100
AcDbLine
 39
0.0
 10
94.8044
 20
167.4985
 30
0.0
 11
143.9919
 21
167.4985
 31
0.0
  0
LINE
  5
A16
330
1F
100
AcDbEntity
 67
     0
  8
Struc_Section_Conc
  6
Continuous
 62
   256
 60
     0
 48
2.0
370
    -1
100
AcDbLine
 39
0.0
 10
94.4669
 20
240.6885
 30
0.0
 11
37.7419
 21
240.6885
 31
0.0
  0
LINE
  5
A17
330
1F
100
AcDbEntity
 67
     0
  8
Struc_Section_Conc
  6
Continuous
 62
   256
 60
     0
 48
20.0
370
    -1
100
AcDbLine
 39
0.0
 10
145.7419
 20
242.1885
 30
0.0
 11
37.7419
 21
242.1885
 31
0.0
  0
LINE
  5
A18
330
1F
100
AcDbEntity
 67
     0
  8
Struc_Section_Conc
  6
Continuous
 62
   256
 60
     0
 48
2.0
370
    -1
100
AcDbLine
 39
0.0
 10
37.7419
 20
240.6885
 30
0.0
 11
37.7419
 21
244.6885
 31
0.0
  0
LINE
  5
A19
330
1F
100
AcDbEntity
 67
     0
  8
Struc_Section_Steel
  6
Continuous
 62
   256
 60
     0
 48
1.0
370
    -1
100
AcDbLine
 39
0.0
 10
38.7419
 20
230.8135
 30
0.0
 11
38.7419
 21
231.126
 31
0.0
  0
LINE
  5
A1A
330
1F
100
AcDbEntity
 67
     0
  8
Struc_Section_Steel
  6
Continuous
 62
   256
 60
     0
 48
1.0
370
    -1
100
AcDbLine
 39
0.0
 10
38.7419
 20
240.6885
 30
0.0
 11
42.7419
 21
240.6885
 31
0.0
  0
LINE
  5
A1B
330
1F
100
AcDbEntity
 67
     0
  8
Struc_Section_Steel
  6
Continuous
 62
   256
 60
     0
 48
1.0
370
    -1
100
AcDbLine
 39
0.0
 10
42.7419
 20
240.6885
 30
0.0
 11
42.7419
 21
240.376
 31
0.0
  0
LINE
  5
A1C
330
1F
100
AcDbEntity
 67
     0
  8
Struc_Section_Steel
  6
Continuous
 62
   256
 60
     0
 48
1.0
370
    -1
100
AcDbLine
 39
0.0
 10
42.7419
 20
230.8135
 30
0.0
 11
38.7419
 21
230.8135
 31
0.0
  0
LINE
  5
A1D
330
1F
100
AcDbEntity
 67
     0
  8
Struc_Section_Steel
  6
Continuous
 62
   256
 60
     0
 48
1.0
370
    -1
100
AcDbLine
 39
0.0
 10
38.7419
 20
240.376
 30
0.0
 11
40.3669
 21
240.376
 31
0.0
  0
LINE
  5
A1E
330
1F
100
AcDbEntity
 67
     0
  8
Struc_Section_Steel
  6
Continuous
 62
   256
 60
     0
 48
1.0
370
    -1
100
AcDbLine
 39
0.0
 10
42.7419
 20
231.126
 30
0.0
 11
41.1169
 21
231.126
 31
0.0
  0
LINE
  5
A1F
330
1F
100
AcDbEntity
 67
     0
  8
Struc_Section_Steel
  6
Continuous
 62
   256
 60
     0
 48
1.0
370
    -1
100
AcDbLine
 39
0.0
 10
40.6169
 20
231.376
 30
0.0
 11
40.6169
 21
240.126
 31
0.0
  0
LINE
  5
A20
330
1F
100
AcDbEntity
 67
     0
  8
Struc_Section_Steel
  6
Continuous
 62
   256
 60
     0
 48
1.0
370
    -1
100
AcDbLine
 39
0.0
 10
40.8669
 20
231.376
 30
0.0
 11
40.8669
 21
240.126
 31
0.0
  0
LINE
  5
A21
330
1F
100
AcDbEntity
 67
     0
  8
Struc_Section_Steel
  6
Continuous
 62
   256
 60
     0
 48
1.0
370
    -1
100
AcDbLine
 39
0.0
 10
42.7419
 20
231.126
 30
0.0
 11
42.7419
 21
230.8135
 31
0.0
  0
LINE
  5
A22
330
1F
100
AcDbEntity
 67
     0
  8
Struc_Section_Steel
  6
Continuous
 62
   256
 60
     0
 48
1.0
370
    -1
100
AcDbLine
 39
0.0
 10
38.7419
 20
240.376
 30
0.0
 11
38.7419
 21
240.6885
 31
0.0
  0
LINE
  5
A23
330
1F
100
AcDbEntity
 67
     0
  8
Struc_Section_Steel
  6
Continuous
 62
   256
 60
     0
 48
1.0
370
    -1
100
AcDbLine
 39
0.0
 10
41.1169
 20
240.376
 30
0.0
 11
42.7419
 21
240.376
 31
0.0
  0
LINE
  5
A24
330
1F
100
AcDbEntity
 67
     0
  8
Struc_Section_Steel
  6
Continuous
 62
   256
 60
     0
 48
1.0
370
    -1
100
AcDbLine
 39
0.0
 10
40.3669
 20
231.126
 30
0.0
 11
38.7419
 21
231.126
 31
0.0
  0
ARC
  5
A25
330
1F
100
AcDbEntity
 67
     0
  8
Struc_Section_Steel
  6
Continuous
 62
   256
 60
     0
 48
1.0
370
    -1
100
AcDbCircle
 39
0.0
 10
40.3669
 20
240.126
 30
0.0
 40
0.25
100
AcDbArc
 50
0.0
 51
90.0
  0
ARC
  5
A26
330
1F
100
AcDbEntity
 67
     0
  8
Struc_Section_Steel
  6
Continuous
 62
   256
 60
     0
 48
1.0
370
    -1
100
AcDbCircle
 39
0.0
 10
41.1169
 20
240.126
 30
0.0
 40
0.25
100
AcDbArc
 50
90.0
 51
180.0
  0
ARC
  5
A27
330
1F
100
AcDbEntity
 67
     0
  8
Struc_Section_Steel
  6
Continuous
 62
   256
 60
     0
 48
1.0
370
    -1
100
AcDbCircle
 39
0.0
 10
40.3669
 20
231.376
 30
0.0
 40
0.25
100
AcDbArc
 50
270.0
 51
0.0
  0
ARC
  5
A28
330
1F
100
AcDbEntity
 67
     0
  8
Struc_Section_Steel
  6
Continuous
 62
   256
 60
     0
 48
1.0
370
    -1
100
AcDbCircle
 39
0.0
 10
41.1169
 20
231.376
 30
0.0
 40
0.25
100
AcDbArc
 50
180.0
 51
270.0
  0
HATCH
  5
A29
330
1F
100
AcDbEntity
 67
     0
  8
Struc_Section_Steel
  6
Continuous
 62
   256
 60
     0
 48
2.0
370
    -1
100
AcDbHatch
 10
0.0
 20
0.0
 30
0.0
210
0.0
220
0.0
230
1.0
  2
STEEL
 70
     0
 71
     0
 91
        1
 92
        7
 72
     1
 73
     1
 93
       16
 10
43.6169
 20
240.376
 42
0.0
 10
43.6169
 20
240.6885
 42
0.0
 10
37.8669
 20
240.6885
 42
0.0
 10
37.8669
 20
240.376
 42
0.0
 10
40.3669
 20
240.376
 42
-0.4142
 10
40.6169
 20
240.126
 42
0.0
 10
40.6169
 20
231.376
 42
-0.4142
 10
40.3669
 20
231.126
 42
0.0
 10
37.8669
 20
231.126
 42
0.0
 10
37.8669
 20
230.8135
 42
0.0
 10
43.6169
 20
230.8135
 42
0.0
 10
43.6169
 20
231.126
 42
0.0
 10
41.1169
 20
231.126
 42
-0.4142
 10
40.8669
 20
231.376
 42
0.0
 10
40.8669
 20
240.126
 42
-0.4142
 10
41.1169
 20
240.376
 42
0.0
 97
        0
 75
     0
 76
     1
 52
0.0
 41
5.0
 77
     0
 78
     2
 53
45.0
 43
-64.1338
 44
256.9404
 45
-0.4419
 46
0.4419
 79
     0
 53
45.0
 43
-64.1338
 44
257.2529
 45
-0.4419
 46
0.4419
 79
     0
 47
0.0329
 98
        1
 10
41.1289
 20
240.5273
450
        0
451
         -2147483648
460
0.0
461
0.0
452
        0
462
0.0
453
        0
463
0.0
463
1.0
470

  0
LINE
  5
A2A
330
1F
100
AcDbEntity
 67
     0
  8
Center
  6
CENTER
 62
   256
 60
     0
 48
5.0
370
    -1
100
AcDbLine
 39
0.0
 10
148.7419
 20
82.5193
 30
0.0
 11
148.7419
 21
170.1885
 31
0.0
  0
LINE
  5
A2B
330
1F
100
AcDbEntity
 67
     0
  8
Center
  6
CENTER
 62
   256
 60
     0
 48
5.0
370
    -1
100
AcDbLine
 39
0.0
 10
156.7419
 20
202.5019
 30
0.0
 11
156.7419
 21
308.6707
 31
0.0
  0
DIMENSION
  5
A2C
330
1F
100
AcDbEntity
 67
     0
  8
Dim @ 48
  6
Continuous
 62
   256
 60
     0
 48
1.0
370
    -1
100
AcDbDimension
  2
*D16
 10
156.7419
 20
272.6649
 30
0.0
 11
177.1615
 21
272.6649
 31
0.0
 70
     0
  1

 71
     5
 72
     1
 41
1.0
 42
12.0
 53
0.0
 51
0.0
210
0.0
220
0.0
230
1.0
  3
ROMANS-beside
100
AcDbAlignedDimension
 13
144.7419
 23
272.6649
 33
0.0
 14
156.7419
 24
272.6649
 34
0.0
 50
0.0
100
AcDbRotatedDimension
1001
AcadAnnotative
1000
AnnotativeData
1002
{
1070
     1
1070
     0
1002
}
1001
ACAD
1000
DSTYLE
1002
{
1070
    40
1040
48.0
1070
   147
1040
0.0625
1070
   141
1040
0.0625
1070
    42
1040
0.0938
1070
    44
1040
0.0938
1070
    41
1040
0.0938
1070
   140
1040
0.0781
1070
   279
1070
     0
1070
   289
1070
     0
1070
   174
1070
     0
1070
   175
1070
     0
1070
   172
1070
     0
1002
}
  0
LINE
  5
A2D
330
1F
100
AcDbEntity
 67
     0
  8
Struc_Section_Dim
  6
Continuous
 62
   256
 60
     0
 48
2.0
370
    -1
100
AcDbLine
 39
0.0
 10
44.7419
 20
79.6885
 30
0.0
 11
44.7419
 21
103.6885
 31
0.0
  0
LINE
  5
A2E
330
1F
100
AcDbEntity
 67
     0
  8
Struc_Section_Dim
  6
Continuous
 62
   256
 60
     0
 48
2.0
370
    -1
100
AcDbLine
 39
0.0
 10
144.7419
 20
79.6885
 30
0.0
 11
144.7419
 21
103.6885
 31
0.0
  0
LINE
  5
A2F
330
1F
100
AcDbEntity
 67
     0
  8
Struc_Section_Dim
  6
Continuous
 62
   256
 60
     0
 48
2.0
370
    -1
100
AcDbLine
 39
0.0
 10
152.7419
 20
79.6885
 30
0.0
 11
152.7419
 21
103.6885
 31
0.0
  0
LINE
  5
A30
330
1F
100
AcDbEntity
 67
     0
  8
Struc_Section_Dim
  6
Continuous
 62
   256
 60
     0
 48
2.0
370
    -1
100
AcDbLine
 39
0.0
 10
152.7419
 20
98.6885
 30
0.0
 11
179.3912
 21
98.6885
 31
0.0
  0
LINE
  5
A31
330
1F
100
AcDbEntity
 67
     0
  8
Struc_Section_Dim
  6
Continuous
 62
   256
 60
     0
 48
2.0
370
    -1
100
AcDbLine
 39
0.0
 10
144.7419
 20
79.6885
 30
0.0
 11
152.7419
 21
79.6885
 31
0.0
  0
LINE
  5
A32
330
1F
100
AcDbEntity
 67
     0
  8
C-241-1
  6
Continuous
 62
   256
 60
     0
 48
1.0
370
    -1
100
AcDbLine
 39
0.0
 10
149.1179
 20
106.1602
 30
0.0
 11
149.1179
 21
105.1189
 31
0.0
  0
LINE
  5
A33
330
1F
100
AcDbEntity
 67
     0
  8
C-241-1
  6
Continuous
 62
   256
 60
     0
 48
1.0
370
    -1
100
AcDbLine
 39
0.0
 10
148.3658
 20
106.1602
 30
0.0
 11
148.3658
 21
105.1189
 31
0.0
  0
LINE
  5
A34
330
1F
100
AcDbEntity
 67
     0
  8
C-241-1
  6
Continuous
 62
   256
 60
     0
 48
1.0
370
    -1
100
AcDbLine
 39
0.0
 10
147.6209
 20
104.6241
 30
0.0
 11
149.8628
 21
104.6241
 31
0.0
  0
LINE
  5
A35
330
1F
100
AcDbEntity
 67
     0
  8
C-241-1
  6
Continuous
 62
   256
 60
     0
 48
1.0
370
    -1
100
AcDbLine
 39
0.0
 10
147.6209
 20
104.4385
 30
0.0
 11
149.8628
 21
104.4385
 31
0.0
  0
LINE
  5
A36
330
1F
100
AcDbEntity
 67
     0
  8
C-241-1
  6
Continuous
 62
   256
 60
     0
 48
1.0
370
    -1
100
AcDbLine
 39
0.0
 10
147.6209
 20
104.6241
 30
0.0
 11
147.6209
 21
104.4385
 31
0.0
  0
LINE
  5
A37
330
1F
100
AcDbEntity
 67
     0
  8
C-241-1
  6
Continuous
 62
   256
 60
     0
 48
10.0
370
    -1
100
AcDbLine
 39
0.0
 10
149.1179
 20
105.1189
 30
0.0
 11
149.1179
 21
85.4385
 31
0.0
  0
LINE
  5
A38
330
1F
100
AcDbEntity
 67
     0
  8
C-241-1
  6
Continuous
 62
   256
 60
     0
 48
10.0
370
    -1
100
AcDbLine
 39
0.0
 10
148.3658
 20
105.1189
 30
0.0
 11
148.3658
 21
85.4385
 31
0.0
  0
LINE
  5
A39
330
1F
100
AcDbEntity
 67
     0
  8
C-241-1
  6
Continuous
 62
   256
 60
     0
 48
2.0
370
    -1
100
AcDbLine
 39
0.0
 10
148.3658
 20
85.4385
 30
0.0
 11
149.1179
 21
85.4385
 31
0.0
  0
LINE
  5
A3A
330
1F
100
AcDbEntity
 67
     0
  8
C-241-1
  6
Continuous
 62
   256
 60
     0
 48
1.0
370
    -1
100
AcDbLine
 39
0.0
 10
147.8709
 20
105.1189
 30
0.0
 11
149.6128
 21
105.1189
 31
0.0
  0
LINE
  5
A3B
330
1F
100
AcDbEntity
 67
     0
  8
C-241-1
  6
Continuous
 62
   256
 60
     0
 48
1.0
370
    -1
100
AcDbLine
 39
0.0
 10
147.8709
 20
105.1189
 30
0.0
 11
147.8709
 21
104.6241
 31
0.0
  0
LINE
  5
A3C
330
1F
100
AcDbEntity
 67
     0
  8
C-241-1
  6
Continuous
 62
   256
 60
     0
 48
1.0
370
    -1
100
AcDbLine
 39
0.0
 10
149.6128
 20
105.1189
 30
0.0
 11
149.6128
 21
104.6241
 31
0.0
  0
LINE
  5
A3D
330
1F
100
AcDbEntity
 67
     0
  8
C-241-1
  6
Continuous
 62
   256
 60
     0
 48
1.0
370
    -1
100
AcDbLine
 39
0.0
 10
148.3658
 20
106.1602
 30
0.0
 11
149.1179
 21
106.1602
 31
0.0
  0
LINE
  5
A3E
330
1F
100
AcDbEntity
 67
     0
  8
C-241-1
  6
Continuous
 62
   256
 60
     0
 48
1.0
370
    -1
100
AcDbLine
 39
0.0
 10
149.8628
 20
104.6241
 30
0.0
 11
149.8628
 21
104.4385
 31
0.0
  0
LWPOLYLINE
  5
A3F
330
1F
100
AcDbEntity
 67
     0
  8
Struc_Section_BP
  6
Continuous
 62
   256
 60
     0
 48
2.0
370
    -1
100
AcDbPolyline
 90
        4
 70
     1
 10
151.2419
 20
103.6885
 10
146.2419
 20
103.6885
 10
146.2419
 20
104.4385
 10
151.2419
 20
104.4385
  0
LINE
  5
A40
330
1F
100
AcDbEntity
 67
     0
  8
Struc_Section_Stair
  6
Continuous
 62
   256
 60
     0
 48
5.0
370
    -1
100
AcDbLine
 39
0.0
 10
43.6169
 20
174.1885
 30
0.0
 11
43.6169
 21
244.6885
 31
0.0
  0
LINE
  5
A41
330
1F
100
AcDbEntity
 67
     0
  8
Struc_Section_Stair
  6
Continuous
 62
   256
 60
     0
 48
5.0
370
    -1
100
AcDbLine
 39
0.0
 10
92.8044
 20
174.1885
 30
0.0
 11
92.8044
 21
244.6885
 31
0.0
  0
LINE
  5
A42
330
1F
100
AcDbEntity
 67
     0
  8
Struc_Section_Stair
  6
Continuous
 62
   256
 60
     0
 48
5.0
370
    -1
100
AcDbLine
 39
0.0
 10
143.9919
 20
103.6885
 30
0.0
 11
143.9919
 21
174.1885
 31
0.0
  0
DIMENSION
  5
A43
330
1F
100
AcDbEntity
 67
     0
  8
Dim @ 48
  6
Continuous
 62
   256
 60
     0
 48
1.0
370
    -1
100
AcDbDimension
  2
*D17
 10
144.7419
 20
63.4349
 30
0.0
 11
90.7419
 21
63.4349
 31
0.0
 70
     0
  1

 71
     5
 72
     1
 41
1.0
 42
108.0
 53
0.0
 51
0.0
210
0.0
220
0.0
230
1.0
  3
ROMANS
100
AcDbAlignedDimension
 13
36.7419
 23
79.6885
 33
0.0
 14
144.7419
 24
79.6885
 34
0.0
 50
0.0
100
AcDbRotatedDimension
1001
AcadAnnotative
1000
AnnotativeData
1002
{
1070
     1
1070
     0
1002
}
1001
ACAD
1000
DSTYLE
1002
{
1070
    40
1040
48.0
1070
   147
1040
0.0625
1070
   141
1040
0.0625
1070
    42
1040
0.0938
1070
    44
1040
0.0938
1070
    41
1040
0.0938
1070
   140
1040
0.0781
1070
   279
1070
     2
1070
   289
1070
     0
1070
   174
1070
     0
1070
   175
1070
     0
1070
   172
1070
     0
1002
}
  0
LINE
  5
A44
330
1F
100
AcDbEntity
 67
     0
  8
Struc_Section_Stair
  6
Continuous
 62
   256
 60
     0
 48
5.0
370
    -1
100
AcDbLine
 39
0.0
 10
94.8044
 20
103.6885
 30
0.0
 11
94.8044
 21
164.3135
 31
0.0
  0
LINE
  5
A45
330
1F
100
AcDbEntity
 67
     0
  8
LAYER131A
  6
Continuous
 62
   256
 60
     0
 48
1.0
370
    -1
100
AcDbLine
 39
0.0
 10
38.7419
 20
170.1885
 30
0.0
 11
38.7419
 21
104.4385
 31
0.0
  0
LINE
  5
A46
330
1F
100
AcDbEntity
 67
     0
  8
LAYER131A
  6
Continuous
 62
   256
 60
     0
 48
1.0
370
    -1
100
AcDbLine
 39
0.0
 10
42.7419
 20
170.1885
 30
0.0
 11
42.7419
 21
104.4385
 31
0.0
  0
LINE
  5
A47
330
1F
100
AcDbEntity
 67
     0
  8
Struc_Section_Steel
  6
Continuous
 62
   256
 60
     0
 48
4.0
370
    -1
100
AcDbLine
 39
0.0
 10
38.9919
 20
170.1885
 30
0.0
 11
38.9919
 21
104.4385
 31
0.0
  0
LINE
  5
A48
330
1F
100
AcDbEntity
 67
     0
  8
Struc_Section_Steel
  6
Continuous
 62
   256
 60
     0
 48
4.0
370
    -1
100
AcDbLine
 39
0.0
 10
42.4919
 20
170.1885
 30
0.0
 11
42.4919
 21
104.4385
 31
0.0
  0
INSERT
  5
A49
330
1F
100
AcDbEntity
 67
     0
  8
Struc_Section_Dim
  6
Continuous
 62
   256
 60
     0
 48
1.0
370
    -1
100
AcDbBlockReference
 66
     0
  2
outstandingconn1
 10
42.7419
 20
162.181
 30
0.0
 41
1.0
 42
1.0
 43
1.0
 50
0.0
 70
     0
 71
     0
 44
0.0
 45
0.0
210
0.0
220
0.0
230
1.0
  0
LINE
  5
A4A
330
1F
100
AcDbEntity
 67
     0
  8
Center
  6
CENTER
 62
   256
 60
     0
 48
5.0
370
    -1
100
AcDbLine
 39
0.0
 10
40.7419
 20
82.5193
 30
0.0
 11
40.7419
 21
170.1885
 31
0.0
  0
LINE
  5
A4B
330
1F
100
AcDbEntity
 67
     0
  8
C-241-1
  6
Continuous
 62
   256
 60
     0
 48
1.0
370
    -1
100
AcDbLine
 39
0.0
 10
40.3658
 20
106.1602
 30
0.0
 11
40.3658
 21
105.1189
 31
0.0
  0
LINE
  5
A4C
330
1F
100
AcDbEntity
 67
     0
  8
C-241-1
  6
Continuous
 62
   256
 60
     0
 48
1.0
370
    -1
100
AcDbLine
 39
0.0
 10
41.1179
 20
106.1602
 30
0.0
 11
41.1179
 21
105.1189
 31
0.0
  0
LINE
  5
A4D
330
1F
100
AcDbEntity
 67
     0
  8
C-241-1
  6
Continuous
 62
   256
 60
     0
 48
1.0
370
    -1
100
AcDbLine
 39
0.0
 10
41.8628
 20
104.6241
 30
0.0
 11
39.6209
 21
104.6241
 31
0.0
  0
LINE
  5
A4E
330
1F
100
AcDbEntity
 67
     0
  8
C-241-1
  6
Continuous
 62
   256
 60
     0
 48
1.0
370
    -1
100
AcDbLine
 39
0.0
 10
41.8628
 20
104.4385
 30
0.0
 11
39.6209
 21
104.4385
 31
0.0
  0
LINE
  5
A4F
330
1F
100
AcDbEntity
 67
     0
  8
C-241-1
  6
Continuous
 62
   256
 60
     0
 48
1.0
370
    -1
100
AcDbLine
 39
0.0
 10
41.8628
 20
104.6241
 30
0.0
 11
41.8628
 21
104.4385
 31
0.0
  0
LINE
  5
A50
330
1F
100
AcDbEntity
 67
     0
  8
C-241-1
  6
Continuous
 62
   256
 60
     0
 48
10.0
370
    -1
100
AcDbLine
 39
0.0
 10
40.3658
 20
105.1189
 30
0.0
 11
40.3658
 21
85.4385
 31
0.0
  0
LINE
  5
A51
330
1F
100
AcDbEntity
 67
     0
  8
C-241-1
  6
Continuous
 62
   256
 60
     0
 48
10.0
370
    -1
100
AcDbLine
 39
0.0
 10
41.1179
 20
105.1189
 30
0.0
 11
41.1179
 21
85.4385
 31
0.0
  0
LINE
  5
A52
330
1F
100
AcDbEntity
 67
     0
  8
C-241-1
  6
Continuous
 62
   256
 60
     0
 48
2.0
370
    -1
100
AcDbLine
 39
0.0
 10
41.1179
 20
85.4385
 30
0.0
 11
40.3658
 21
85.4385
 31
0.0
  0
LINE
  5
A53
330
1F
100
AcDbEntity
 67
     0
  8
C-241-1
  6
Continuous
 62
   256
 60
     0
 48
1.0
370
    -1
100
AcDbLine
 39
0.0
 10
41.6128
 20
105.1189
 30
0.0
 11
39.8709
 21
105.1189
 31
0.0
  0
LINE
  5
A54
330
1F
100
AcDbEntity
 67
     0
  8
C-241-1
  6
Continuous
 62
   256
 60
     0
 48
1.0
370
    -1
100
AcDbLine
 39
0.0
 10
41.6128
 20
105.1189
 30
0.0
 11
41.6128
 21
104.6241
 31
0.0
  0
LINE
  5
A55
330
1F
100
AcDbEntity
 67
     0
  8
C-241-1
  6
Continuous
 62
   256
 60
     0
 48
1.0
370
    -1
100
AcDbLine
 39
0.0
 10
39.8709
 20
105.1189
 30
0.0
 11
39.8709
 21
104.6241
 31
0.0
  0
LINE
  5
A56
330
1F
100
AcDbEntity
 67
     0
  8
C-241-1
  6
Continuous
 62
   256
 60
     0
 48
1.0
370
    -1
100
AcDbLine
 39
0.0
 10
41.1179
 20
106.1602
 30
0.0
 11
40.3658
 21
106.1602
 31
0.0
  0
LINE
  5
A57
330
1F
100
AcDbEntity
 67
     0
  8
C-241-1
  6
Continuous
 62
   256
 60
     0
 48
1.0
370
    -1
100
AcDbLine
 39
0.0
 10
39.6209
 20
104.6241
 30
0.0
 11
39.6209
 21
104.4385
 31
0.0
  0
LWPOLYLINE
  5
A58
330
1F
100
AcDbEntity
 67
     0
  8
Struc_Section_BP
  6
Continuous
 62
   256
 60
     0
 48
2.0
370
    -1
100
AcDbPolyline
 90
        4
 70
     1
 10
38.2419
 20
103.6885
 10
43.2419
 20
103.6885
 10
43.2419
 20
104.4385
 10
38.2419
 20
104.4385
  0
LINE
  5
A59
330
1F
100
AcDbEntity
 67
     0
  8
Struc_Section_Steel
  6
Continuous
 62
   256
 60
     0
 48
1.0
370
    -1
100
AcDbLine
 39
0.0
 10
43.2419
 20
160.3135
 30
0.0
 11
43.2419
 21
162.181
 31
0.0
  0
LINE
  5
A5A
330
1F
100
AcDbEntity
 67
     0
  8
LAYER131A
  6
Continuous
 62
   256
 60
     0
 48
1.0
370
    -1
100
AcDbLine
 39
0.0
 10
146.7419
 20
170.1885
 30
0.0
 11
150.7419
 21
170.1885
 31
0.0
  0
LINE
  5
A5B
330
1F
100
AcDbEntity
 67
     0
  8
Struc_Section_Stair
  6
Continuous
 62
   256
 60
     0
 48
10.0
370
    -1
100
AcDbLine
 39
0.0
 10
94.8044
 20
164.3135
 30
0.0
 11
94.8044
 21
174.1885
 31
0.0
  0
INSERT
  5
A5C
330
1F
100
AcDbEntity
 67
     0
  8
Struc_Section_Steel
  6
Continuous
 62
   256
 60
     0
 48
1.0
370
    -1
100
AcDbBlockReference
 66
     0
  2
C250x23
 10
536.0212
 20
160.1885
 30
0.0
 41
-1.0
 42
1.0
 43
1.0
 50
0.0
 70
     0
 71
     0
 44
0.0
 45
0.0
210
0.0
220
0.0
230
1.0
  0
INSERT
  5
A5D
330
1F
100
AcDbEntity
 67
     0
  8
Struc_Section_Steel
  6
Continuous
 62
   256
 60
     0
 48
1.0
370
    -1
100
AcDbBlockReference
 66
     0
  2
C250x23
 10
589.4612
 20
160.1885
 30
0.0
 41
1.0
 42
1.0
 43
1.0
 50
0.0
 70
     0
 71
     0
 44
0.0
 45
0.0
210
0.0
220
0.0
230
1.0
  0
LINE
  5
A5E
330
1F
100
AcDbEntity
 67
     0
  8
LAYER131A
  6
Continuous
 62
   256
 60
     0
 48
1.0
370
    -1
100
AcDbLine
 39
0.0
 10
533.2412
 20
160.1885
 30
0.0
 11
536.2412
 21
160.1885
 31
0.0
  0
LINE
  5
A5F
330
1F
100
AcDbEntity
 67
     0
  8
LAYER131A
  6
Continuous
 62
   256
 60
     0
 48
1.0
370
    -1
100
AcDbLine
 39
0.0
 10
533.2412
 20
159.6885
 30
0.0
 11
536.2412
 21
159.6885
 31
0.0
  0
LINE
  5
A60
330
1F
100
AcDbEntity
 67
     0
  8
Struc_Section_Steel
  6
Continuous
 62
   256
 60
     0
 48
1.0
370
    -1
100
AcDbLine
 39
0.0
 10
536.0212
 20
160.1885
 30
0.0
 11
589.4612
 21
160.1885
 31
0.0
  0
LINE
  5
A61
330
1F
100
AcDbEntity
 67
     0
  8
Struc_Section_Steel
  6
Continuous
 62
   256
 60
     0
 48
1.0
370
    -1
100
AcDbLine
 39
0.0
 10
434.6829
 20
244.6885
 30
0.0
 11
536.0212
 21
181.1832
 31
0.0
  0
LINE
  5
A62
330
1F
100
AcDbEntity
 67
     0
  8
Struc_Section_Steel
  6
Continuous
 62
   256
 60
     0
 48
1.0
370
    -1
100
AcDbLine
 39
0.0
 10
529.9896
 20
173.1885
 30
0.0
 11
432.2112
 21
234.4629
 31
0.0
  0
LINE
  5
A63
330
1F
100
AcDbEntity
 67
     0
  8
Struc_Section_Steel
  6
Continuous
 62
   256
 60
     0
 48
10.0
370
    -1
100
AcDbLine
 39
0.0
 10
434.5751
 20
244.3135
 30
0.0
 11
535.6462
 21
180.9756
 31
0.0
  0
LINE
  5
A64
330
1F
100
AcDbEntity
 67
     0
  8
Struc_Section_Steel
  6
Continuous
 62
   256
 60
     0
 48
10.0
370
    -1
100
AcDbLine
 39
0.0
 10
530.3427
 20
173.4098
 30
0.0
 11
432.2112
 21
234.9055
 31
0.0
  0
LINE
  5
A65
330
1F
100
AcDbEntity
 67
     0
  8
Struc_Section_Steel
  6
Continuous
 62
   256
 60
     0
 48
10.0
370
    -1
100
AcDbLine
 39
0.0
 10
432.2112
 20
244.3135
 30
0.0
 11
434.5751
 21
244.3135
 31
0.0
  0
LINE
  5
A66
330
1F
100
AcDbEntity
 67
     0
  8
Struc_Section_Steel
  6
Continuous
 62
   256
 60
     0
 48
10.0
370
    -1
100
AcDbLine
 39
0.0
 10
536.0212
 20
174.1885
 30
0.0
 11
536.0212
 21
170.1885
 31
0.0
  0
INSERT
  5
A67
330
1F
100
AcDbEntity
 67
     0
  8
Struc_Section_Steel
  6
Continuous
 62
   256
 60
     0
 48
1.0
370
    -1
100
AcDbBlockReference
 66
     0
  2
STAIR
 10
429.807
 20
103.6885
 30
0.0
 41
1.0
 42
1.0
 43
1.0
 50
0.0
 70
     0
 71
     0
 44
0.0
 45
0.0
210
0.0
220
0.0
230
1.0
  0
LINE
  5
A68
330
1F
100
AcDbEntity
 67
     0
  8
Struc_Section_Steel
  6
Continuous
 62
   256
 60
     0
 48
1.0
370
    -1
100
AcDbLine
 39
0.0
 10
429.807
 20
110.4074
 30
0.0
 11
531.5853
 21
174.1885
 31
0.0
  0
LINE
  5
A69
330
1F
100
AcDbEntity
 67
     0
  8
Struc_Section_Steel
  6
Continuous
 62
   256
 60
     0
 48
1.0
370
    -1
100
AcDbLine
 39
0.0
 10
437.8744
 20
103.6885
 30
0.0
 11
535.2812
 21
164.7301
 31
0.0
  0
LINE
  5
A6A
330
1F
100
AcDbEntity
 67
     0
  8
Struc_Section_Steel
  6
Continuous
 62
   256
 60
     0
 48
1.0
370
    -1
100
AcDbLine
 39
0.0
 10
429.807
 20
103.6885
 30
0.0
 11
429.807
 21
110.4074
 31
0.0
  0
LINE
  5
A6B
330
1F
100
AcDbEntity
 67
     0
  8
Struc_Section_Steel
  6
Continuous
 62
   256
 60
     0
 48
1.0
370
    -1
100
AcDbLine
 39
0.0
 10
430.182
 20
110.1999
 30
0.0
 11
532.2915
 21
174.1885
 31
0.0
  0
LINE
  5
A6C
330
1F
100
AcDbEntity
 67
     0
  8
Struc_Section_Steel
  6
Continuous
 62
   256
 60
     0
 48
1.0
370
    -1
100
AcDbLine
 39
0.0
 10
437.1682
 20
103.6885
 30
0.0
 11
535.2812
 21
165.1727
 31
0.0
  0
LINE
  5
A6D
330
1F
100
AcDbEntity
 67
     0
  8
Struc_Section_Steel
  6
Continuous
 62
   256
 60
     0
 48
1.0
370
    -1
100
AcDbLine
 39
0.0
 10
430.182
 20
103.6885
 30
0.0
 11
430.182
 21
110.1999
 31
0.0
  0
LINE
  5
A6E
330
1F
100
AcDbEntity
 67
     0
  8
Struc_Section_Steel
  6
Continuous
 62
   256
 60
     0
 48
10.0
370
    -1
100
AcDbLine
 39
0.0
 10
535.6462
 20
174.1885
 30
0.0
 11
535.6462
 21
180.9756
 31
0.0
  0
INSERT
  5
A6F
330
1F
100
AcDbEntity
 67
     0
  8
Struc_Section_Steel
  6
Continuous
 62
   256
 60
     0
 48
1.0
370
    -1
100
AcDbBlockReference
 66
     0
  2
W250x33
 10
326.7326
 20
229.3135
 30
0.0
 41
1.0
 42
1.0
 43
1.0
 50
0.0
 70
     0
 71
     0
 44
0.0
 45
0.0
210
0.0
220
0.0
230
1.0
  0
LINE
  5
A70
330
1F
100
AcDbEntity
 67
     0
  8
Struc_Section_Steel
  6
Continuous
 62
   256
 60
     0
 48
1.0
370
    -1
100
AcDbLine
 39
0.0
 10
536.0212
 20
170.1885
 30
0.0
 11
589.4612
 21
170.1885
 31
0.0
  0
LINE
  5
A71
330
1F
100
AcDbEntity
 67
     0
  8
Struc_Section_Steel
  6
Continuous
 62
   256
 60
     0
 48
1.0
370
    -1
100
AcDbLine
 39
0.0
 10
536.0212
 20
174.1885
 30
0.0
 11
531.5853
 21
174.1885
 31
0.0
  0
LINE
  5
A72
330
1F
100
AcDbEntity
 67
     0
  8
Struc_Section_Steel
  6
Continuous
 62
   256
 60
     0
 48
1.0
370
    -1
100
AcDbLine
 39
0.0
 10
535.2812
 20
169.6773
 30
0.0
 11
535.2812
 21
164.7301
 31
0.0
  0
LINE
  5
A73
330
1F
100
AcDbEntity
 67
     0
  8
Struc_Section_Conc
  6
Continuous
 62
   256
 60
     0
 48
2.0
370
    -1
100
AcDbLine
 39
0.0
 10
533.4612
 20
174.1885
 30
0.0
 11
592.0212
 21
174.1885
 31
0.0
  0
LINE
  5
A74
330
1F
100
AcDbEntity
 67
     0
  8
Struc_Section_Conc
  6
Continuous
 62
   256
 60
     0
 48
20.0
370
    -1
100
AcDbLine
 39
0.0
 10
533.4612
 20
171.6885
 30
0.0
 11
591.6462
 21
171.6885
 31
0.0
  0
LINE
  5
A75
330
1F
100
AcDbEntity
 67
     0
  8
Structural_Section_StAngle
  6
Continuous
 62
   256
 60
     0
 48
5.0
370
    -1
100
AcDbLine
 39
0.0
 10
533.4612
 20
170.1885
 30
0.0
 11
537.4612
 21
170.1885
 31
0.0
  0
LINE
  5
A76
330
1F
100
AcDbEntity
 67
     0
  8
Structural_Section_StAngle
  6
Continuous
 62
   256
 60
     0
 48
5.0
370
    -1
100
AcDbLine
 39
0.0
 10
533.4612
 20
170.1885
 30
0.0
 11
533.4612
 21
174.1885
 31
0.0
  0
LINE
  5
A77
330
1F
100
AcDbEntity
 67
     0
  8
Structural_Section_StAngle
  6
Continuous
 62
   256
 60
     0
 48
5.0
370
    -1
100
AcDbLine
 39
0.0
 10
533.8362
 20
170.5635
 30
0.0
 11
533.8362
 21
173.8135
 31
0.0
  0
LINE
  5
A78
330
1F
100
AcDbEntity
 67
     0
  8
Structural_Section_StAngle
  6
Continuous
 62
   256
 60
     0
 48
5.0
370
    -1
100
AcDbLine
 39
0.0
 10
533.8362
 20
170.5635
 30
0.0
 11
537.0862
 21
170.5635
 31
0.0
  0
ARC
  5
A79
330
1F
100
AcDbEntity
 67
     0
  8
Structural_Section_StAngle
  6
Continuous
 62
   256
 60
     0
 48
5.0
370
    -1
100
AcDbCircle
 39
0.0
 10
537.0862
 20
170.1885
 30
0.0
 40
0.375
100
AcDbArc
 50
0.0
 51
90.0
  0
LINE
  5
A7A
330
1F
100
AcDbEntity
 67
     0
  8
Structural_Section_StAngle
  6
Continuous
 62
   256
 60
     0
 48
1.0
370
    -1
100
AcDbLine
 39
0.0
 10
533.4612
 20
174.1885
 30
0.0
 11
533.4612
 21
174.1885
 31
0.0
  0
ARC
  5
A7B
330
1F
100
AcDbEntity
 67
     0
  8
Structural_Section_StAngle
  6
Continuous
 62
   256
 60
     0
 48
5.0
370
    -1
100
AcDbCircle
 39
0.0
 10
533.4612
 20
173.8135
 30
0.0
 40
0.375
100
AcDbArc
 50
360.0
 51
90.0
  0
HATCH
  5
A7C
330
1F
100
AcDbEntity
 67
     0
  8
Structural_Section_StAngle
  6
Continuous
 62
   256
 60
     0
 48
1.0
370
    -1
100
AcDbHatch
 10
0.0
 20
0.0
 30
0.0
210
0.0
220
0.0
230
1.0
  2
STEEL
 70
     0
 71
     0
 91
        1
 92
        7
 72
     1
 73
     1
 93
        6
 10
533.8362
 20
170.5635
 42
0.0
 10
533.8362
 20
173.8135
 42
0.4142
 10
533.4612
 20
174.1885
 42
0.0
 10
533.4612
 20
170.1885
 42
0.0
 10
537.4612
 20
170.1885
 42
0.4142
 10
537.0862
 20
170.5635
 42
0.0
 97
        0
 75
     0
 76
     1
 52
0.0
 41
3.0
 77
     0
 78
     2
 53
45.0
 43
-8335.2611
 44
-3273.7906
 45
-0.2652
 46
0.2652
 79
     0
 53
45.0
 43
-8335.2611
 44
-3273.6031
 45
-0.2652
 46
0.2652
 79
     0
 47
0.0099
 98
        1
 10
535.1544
 20
170.418
450
        0
451
         -2147483648
460
0.0
461
0.0
452
        0
462
0.0
453
        0
463
0.0
463
1.0
470

  0
LINE
  5
A7D
330
1F
100
AcDbEntity
 67
     0
  8
Structural_Section_StAngle
  6
Continuous
 62
   256
 60
     0
 48
5.0
370
    -1
100
AcDbLine
 39
0.0
 10
592.0212
 20
170.1885
 30
0.0
 11
588.0212
 21
170.1885
 31
0.0
  0
LINE
  5
A7E
330
1F
100
AcDbEntity
 67
     0
  8
Structural_Section_StAngle
  6
Continuous
 62
   256
 60
     0
 48
5.0
370
    -1
100
AcDbLine
 39
0.0
 10
592.0212
 20
170.1885
 30
0.0
 11
592.0212
 21
174.1885
 31
0.0
  0
LINE
  5
A7F
330
1F
100
AcDbEntity
 67
     0
  8
Structural_Section_StAngle
  6
Continuous
 62
   256
 60
     0
 48
5.0
370
    -1
100
AcDbLine
 39
0.0
 10
591.6462
 20
170.5635
 30
0.0
 11
591.6462
 21
173.8135
 31
0.0
  0
LINE
  5
A80
330
1F
100
AcDbEntity
 67
     0
  8
Structural_Section_StAngle
  6
Continuous
 62
   256
 60
     0
 48
5.0
370
    -1
100
AcDbLine
 39
0.0
 10
591.6462
 20
170.5635
 30
0.0
 11
588.3962
 21
170.5635
 31
0.0
  0
ARC
  5
A81
330
1F
100
AcDbEntity
 67
     0
  8
Structural_Section_StAngle
  6
Continuous
 62
   256
 60
     0
 48
5.0
370
    -1
100
AcDbCircle
 39
0.0
 10
588.3962
 20
170.1885
 30
0.0
 40
0.375
100
AcDbArc
 50
90.0
 51
180.0
  0
LINE
  5
A82
330
1F
100
AcDbEntity
 67
     0
  8
Structural_Section_StAngle
  6
Continuous
 62
   256
 60
     0
 48
1.0
370
    -1
100
AcDbLine
 39
0.0
 10
592.0212
 20
174.1885
 30
0.0
 11
592.0212
 21
174.1885
 31
0.0
  0
ARC
  5
A83
330
1F
100
AcDbEntity
 67
     0
  8
Structural_Section_StAngle
  6
Continuous
 62
   256
 60
     0
 48
5.0
370
    -1
100
AcDbCircle
 39
0.0
 10
592.0212
 20
173.8135
 30
0.0
 40
0.375
100
AcDbArc
 50
90.0
 51
180.0
  0
HATCH
  5
A84
330
1F
100
AcDbEntity
 67
     0
  8
Structural_Section_StAngle
  6
Continuous
 62
   256
 60
     0
 48
1.0
370
    -1
100
AcDbHatch
 10
0.0
 20
0.0
 30
0.0
210
0.0
220
0.0
230
1.0
  2
STEEL
 70
     0
 71
     0
 91
        1
 92
        7
 72
     1
 73
     1
 93
        6
 10
588.3962
 20
170.5635
 42
0.4142
 10
588.0212
 20
170.1885
 42
0.0
 10
592.0212
 20
170.1885
 42
0.0
 10
592.0212
 20
174.1885
 42
0.4142
 10
591.6462
 20
173.8135
 42
0.0
 10
591.6462
 20
170.5635
 42
0.0
 97
        0
 75
     0
 76
     1
 52
0.0
 41
3.0
 77
     0
 78
     2
 53
135.0
 43
9460.7436
 44
-3273.7906
 45
0.2652
 46
0.2652
 79
     0
 53
135.0
 43
9460.7436
 44
-3273.6031
 45
0.2652
 46
0.2652
 79
     0
 47
0.0099
 98
        1
 10
590.3281
 20
170.418
450
        0
451
         -2147483648
460
0.0
461
0.0
452
        0
462
0.0
453
        0
463
0.0
463
1.0
470

  0
LINE
  5
A85
330
1F
100
AcDbEntity
 67
     0
  8
Struc_Section_Stair
  6
Continuous
 62
   256
 60
     0
 48
5.0
370
    -1
100
AcDbLine
 39
0.0
 10
39.4586
 20
174.1885
 30
0.0
 11
150.0251
 21
174.1885
 31
0.0
  0
INSERT
  5
A86
330
1F
100
AcDbEntity
 67
     0
  8
Struc_Section_Steel
  6
Continuous
 62
   256
 60
     0
 48
1.0
370
    -1
100
AcDbBlockReference
 66
     0
  2
C250x23
 10
42.0219
 20
160.1885
 30
0.0
 41
-1.0
 42
1.0
 43
1.0
 50
0.0
 70
     0
 71
     0
 44
0.0
 45
0.0
210
0.0
220
0.0
230
1.0
  0
INSERT
  5
A87
330
1F
100
AcDbEntity
 67
     0
  8
Struc_Section_Steel
  6
Continuous
 62
   256
 60
     0
 48
1.0
370
    -1
100
AcDbBlockReference
 66
     0
  2
C250x23
 10
147.4619
 20
160.1885
 30
0.0
 41
1.0
 42
1.0
 43
1.0
 50
0.0
 70
     0
 71
     0
 44
0.0
 45
0.0
210
0.0
220
0.0
230
1.0
  0
LINE
  5
A88
330
1F
100
AcDbEntity
 67
     0
  8
Struc_Section_Steel
  6
Continuous
 62
   256
 60
     0
 48
2.0
370
    -1
100
AcDbLine
 39
0.0
 10
146.2419
 20
162.181
 30
0.0
 11
146.2419
 21
160.3135
 31
0.0
  0
LINE
  5
A89
330
1F
100
AcDbEntity
 67
     0
  8
Struc_Section_Steel
  6
Continuous
 62
   256
 60
     0
 48
1.0
370
    -1
100
AcDbLine
 39
0.0
 10
43.2419
 20
168.321
 30
0.0
 11
43.2419
 21
170.1885
 31
0.0
  0
LINE
  5
A8A
330
1F
100
AcDbEntity
 67
     0
  8
Structural_Section_StAngle
  6
Continuous
 62
   256
 60
     0
 48
5.0
370
    -1
100
AcDbLine
 39
0.0
 10
39.4586
 20
170.1885
 30
0.0
 11
43.4586
 21
170.1885
 31
0.0
  0
LINE
  5
A8B
330
1F
100
AcDbEntity
 67
     0
  8
Structural_Section_StAngle
  6
Continuous
 62
   256
 60
     0
 48
5.0
370
    -1
100
AcDbLine
 39
0.0
 10
39.4586
 20
170.1885
 30
0.0
 11
39.4586
 21
174.1885
 31
0.0
  0
LINE
  5
A8C
330
1F
100
AcDbEntity
 67
     0
  8
Structural_Section_StAngle
  6
Continuous
 62
   256
 60
     0
 48
5.0
370
    -1
100
AcDbLine
 39
0.0
 10
39.8336
 20
170.5635
 30
0.0
 11
39.8336
 21
173.8135
 31
0.0
  0
LINE
  5
A8D
330
1F
100
AcDbEntity
 67
     0
  8
Structural_Section_StAngle
  6
Continuous
 62
   256
 60
     0
 48
5.0
370
    -1
100
AcDbLine
 39
0.0
 10
39.8336
 20
170.5635
 30
0.0
 11
43.0836
 21
170.5635
 31
0.0
  0
ARC
  5
A8E
330
1F
100
AcDbEntity
 67
     0
  8
Structural_Section_StAngle
  6
Continuous
 62
   256
 60
     0
 48
5.0
370
    -1
100
AcDbCircle
 39
0.0
 10
43.0836
 20
170.1885
 30
0.0
 40
0.375
100
AcDbArc
 50
0.0
 51
90.0
  0
LINE
  5
A8F
330
1F
100
AcDbEntity
 67
     0
  8
Structural_Section_StAngle
  6
Continuous
 62
   256
 60
     0
 48
1.0
370
    -1
100
AcDbLine
 39
0.0
 10
39.4586
 20
174.1885
 30
0.0
 11
39.4586
 21
174.1885
 31
0.0
  0
ARC
  5
A90
330
1F
100
AcDbEntity
 67
     0
  8
Structural_Section_StAngle
  6
Continuous
 62
   256
 60
     0
 48
5.0
370
    -1
100
AcDbCircle
 39
0.0
 10
39.4586
 20
173.8135
 30
0.0
 40
0.375
100
AcDbArc
 50
360.0
 51
90.0
  0
HATCH
  5
A91
330
1F
100
AcDbEntity
 67
     0
  8
Structural_Section_StAngle
  6
Continuous
 62
   256
 60
     0
 48
1.0
370
    -1
100
AcDbHatch
 10
0.0
 20
0.0
 30
0.0
210
0.0
220
0.0
230
1.0
  2
STEEL
 70
     0
 71
     0
 91
        1
 92
        7
 72
     1
 73
     1
 93
        6
 10
39.8336
 20
170.5635
 42
0.0
 10
39.8336
 20
173.8135
 42
0.4142
 10
39.4586
 20
174.1885
 42
0.0
 10
39.4586
 20
170.1885
 42
0.0
 10
43.4586
 20
170.1885
 42
0.4142
 10
43.0836
 20
170.5635
 42
0.0
 97
        0
 75
     0
 76
     1
 52
0.0
 41
3.0
 77
     0
 78
     2
 53
45.0
 43
-8829.2637
 44
-3273.7906
 45
-0.2652
 46
0.2652
 79
     0
 53
45.0
 43
-8829.2637
 44
-3273.6031
 45
-0.2652
 46
0.2652
 79
     0
 47
0.0099
 98
        1
 10
41.1518
 20
170.418
450
        0
451
         -2147483648
460
0.0
461
0.0
452
        0
462
0.0
453
        0
463
0.0
463
1.0
470

  0
LINE
  5
A92
330
1F
100
AcDbEntity
 67
     0
  8
Structural_Section_StAngle
  6
Continuous
 62
   256
 60
     0
 48
5.0
370
    -1
100
AcDbLine
 39
0.0
 10
150.0251
 20
170.1885
 30
0.0
 11
146.0251
 21
170.1885
 31
0.0
  0
LINE
  5
A93
330
1F
100
AcDbEntity
 67
     0
  8
Structural_Section_StAngle
  6
Continuous
 62
   256
 60
     0
 48
5.0
370
    -1
100
AcDbLine
 39
0.0
 10
150.0251
 20
170.1885
 30
0.0
 11
150.0251
 21
174.1885
 31
0.0
  0
LINE
  5
A94
330
1F
100
AcDbEntity
 67
     0
  8
Structural_Section_StAngle
  6
Continuous
 62
   256
 60
     0
 48
5.0
370
    -1
100
AcDbLine
 39
0.0
 10
149.6501
 20
170.5635
 30
0.0
 11
149.6501
 21
173.8135
 31
0.0
  0
LINE
  5
A95
330
1F
100
AcDbEntity
 67
     0
  8
Structural_Section_StAngle
  6
Continuous
 62
   256
 60
     0
 48
5.0
370
    -1
100
AcDbLine
 39
0.0
 10
149.6501
 20
170.5635
 30
0.0
 11
146.4001
 21
170.5635
 31
0.0
  0
ARC
  5
A96
330
1F
100
AcDbEntity
 67
     0
  8
Structural_Section_StAngle
  6
Continuous
 62
   256
 60
     0
 48
5.0
370
    -1
100
AcDbCircle
 39
0.0
 10
146.4001
 20
170.1885
 30
0.0
 40
0.375
100
AcDbArc
 50
90.0
 51
180.0
  0
LINE
  5
A97
330
1F
100
AcDbEntity
 67
     0
  8
Structural_Section_StAngle
  6
Continuous
 62
   256
 60
     0
 48
1.0
370
    -1
100
AcDbLine
 39
0.0
 10
150.0251
 20
174.1885
 30
0.0
 11
150.0251
 21
174.1885
 31
0.0
  0
ARC
  5
A98
330
1F
100
AcDbEntity
 67
     0
  8
Structural_Section_StAngle
  6
Continuous
 62
   256
 60
     0
 48
5.0
370
    -1
100
AcDbCircle
 39
0.0
 10
150.0251
 20
173.8135
 30
0.0
 40
0.375
100
AcDbArc
 50
90.0
 51
180.0
  0
HATCH
  5
A99
330
1F
100
AcDbEntity
 67
     0
  8
Structural_Section_StAngle
  6
Continuous
 62
   256
 60
     0
 48
1.0
370
    -1
100
AcDbHatch
 10
0.0
 20
0.0
 30
0.0
210
0.0
220
0.0
230
1.0
  2
STEEL
 70
     0
 71
     0
 91
        1
 92
        7
 72
     1
 73
     1
 93
        6
 10
146.4001
 20
170.5635
 42
0.4142
 10
146.0251
 20
170.1885
 42
0.0
 10
150.0251
 20
170.1885
 42
0.0
 10
150.0251
 20
174.1885
 42
0.4142
 10
149.6501
 20
173.8135
 42
0.0
 10
149.6501
 20
170.5635
 42
0.0
 97
        0
 75
     0
 76
     1
 52
0.0
 41
3.0
 77
     0
 78
     2
 53
135.0
 43
9018.7475
 44
-3273.7906
 45
0.2652
 46
0.2652
 79
     0
 53
135.0
 43
9018.7475
 44
-3273.6031
 45
0.2652
 46
0.2652
 79
     0
 47
0.0099
 98
        1
 10
148.332
 20
170.418
450
        0
451
         -2147483648
460
0.0
461
0.0
452
        0
462
0.0
453
        0
463
0.0
463
1.0
470

  0
LINE
  5
A9A
330
1F
100
AcDbEntity
 67
     0
  8
Struc_Section_Conc
  6
Continuous
 62
   256
 60
     0
 48
2.0
370
    -1
100
AcDbLine
 39
0.0
 10
69.0869
 20
170.1885
 30
0.0
 11
75.3043
 21
170.1885
 31
0.0
  0
LINE
  5
A9B
330
1F
100
AcDbEntity
 67
     0
  8
Struc_Section_Conc
  6
Continuous
 62
   256
 60
     0
 48
2.0
370
    -1
100
AcDbLine
 39
0.0
 10
69.0869
 20
170.1885
 30
0.0
 11
68.0415
 21
171.2339
 31
0.0
  0
LINE
  5
A9C
330
1F
100
AcDbEntity
 67
     0
  8
Struc_Section_Conc
  6
Continuous
 62
   256
 60
     0
 48
2.0
370
    -1
100
AcDbLine
 39
0.0
 10
61.5671
 20
171.2339
 30
0.0
 11
68.0415
 21
171.2339
 31
0.0
  0
LINE
  5
A9D
330
1F
100
AcDbEntity
 67
     0
  8
Struc_Section_Conc
  6
Continuous
 62
   256
 60
     0
 48
2.0
370
    -1
100
AcDbLine
 39
0.0
 10
75.3342
 20
170.1885
 30
0.0
 11
76.3796
 21
171.2339
 31
0.0
  0
LINE
  5
A9E
330
1F
100
AcDbEntity
 67
     0
  8
Struc_Section_Conc
  6
Continuous
 62
   256
 60
     0
 48
2.0
370
    -1
100
AcDbLine
 39
0.0
 10
75.3342
 20
170.1885
 30
0.0
 11
72.2871
 21
170.1885
 31
0.0
  0
LINE
  5
A9F
330
1F
100
AcDbEntity
 67
     0
  8
Structural_Steel_Deck
  6
Continuous
 62
   256
 60
     0
 48
1.0
370
    -1
100
AcDbLine
 39
0.0
 10
45.7092
 20
170.1885
 30
0.0
 11
43.4586
 21
170.1885
 31
0.0
  0
LINE
  5
AA0
330
1F
100
AcDbEntity
 67
     0
  8
Struc_Section_Conc
  6
Continuous
 62
   256
 60
     0
 48
2.0
370
    -1
100
AcDbLine
 39
0.0
 10
54.2744
 20
170.1885
 30
0.0
 11
60.4918
 21
170.1885
 31
0.0
  0
LINE
  5
AA1
330
1F
100
AcDbEntity
 67
     0
  8
Struc_Section_Conc
  6
Continuous
 62
   256
 60
     0
 48
2.0
370
    -1
100
AcDbLine
 39
0.0
 10
54.2744
 20
170.1885
 30
0.0
 11
53.229
 21
171.2339
 31
0.0
  0
LINE
  5
AA2
330
1F
100
AcDbEntity
 67
     0
  8
Struc_Section_Conc
  6
Continuous
 62
   256
 60
     0
 48
2.0
370
    -1
100
AcDbLine
 39
0.0
 10
46.7546
 20
171.2339
 30
0.0
 11
53.229
 21
171.2339
 31
0.0
  0
LINE
  5
AA3
330
1F
100
AcDbEntity
 67
     0
  8
Struc_Section_Conc
  6
Continuous
 62
   256
 60
     0
 48
2.0
370
    -1
100
AcDbLine
 39
0.0
 10
60.5217
 20
170.1885
 30
0.0
 11
61.5671
 21
171.2339
 31
0.0
  0
LINE
  5
AA4
330
1F
100
AcDbEntity
 67
     0
  8
Struc_Section_Conc
  6
Continuous
 62
   256
 60
     0
 48
2.0
370
    -1
100
AcDbLine
 39
0.0
 10
60.5217
 20
170.1885
 30
0.0
 11
57.4746
 21
170.1885
 31
0.0
  0
LINE
  5
AA5
330
1F
100
AcDbEntity
 67
     0
  8
Struc_Section_Conc
  6
Continuous
 62
   256
 60
     0
 48
2.0
370
    -1
100
AcDbLine
 39
0.0
 10
43.4586
 20
170.1885
 30
0.0
 11
45.6793
 21
170.1885
 31
0.0
  0
LINE
  5
AA6
330
1F
100
AcDbEntity
 67
     0
  8
Struc_Section_Conc
  6
Continuous
 62
   256
 60
     0
 48
2.0
370
    -1
100
AcDbLine
 39
0.0
 10
45.7092
 20
170.1885
 30
0.0
 11
46.7546
 21
171.2339
 31
0.0
  0
LINE
  5
AA7
330
1F
100
AcDbEntity
 67
     0
  8
Struc_Section_Conc
  6
Continuous
 62
   256
 60
     0
 48
2.0
370
    -1
100
AcDbLine
 39
0.0
 10
45.7092
 20
170.1885
 30
0.0
 11
43.4586
 21
170.1885
 31
0.0
  0
LINE
  5
AA8
330
1F
100
AcDbEntity
 67
     0
  8
Struc_Section_Conc
  6
Continuous
 62
   256
 60
     0
 48
2.0
370
    -1
100
AcDbLine
 39
0.0
 10
83.8994
 20
170.1885
 30
0.0
 11
90.1168
 21
170.1885
 31
0.0
  0
LINE
  5
AA9
330
1F
100
AcDbEntity
 67
     0
  8
Struc_Section_Conc
  6
Continuous
 62
   256
 60
     0
 48
2.0
370
    -1
100
AcDbLine
 39
0.0
 10
83.8994
 20
170.1885
 30
0.0
 11
82.854
 21
171.2339
 31
0.0
  0
LINE
  5
AAA
330
1F
100
AcDbEntity
 67
     0
  8
Struc_Section_Conc
  6
Continuous
 62
   256
 60
     0
 48
2.0
370
    -1
100
AcDbLine
 39
0.0
 10
76.3796
 20
171.2339
 30
0.0
 11
82.854
 21
171.2339
 31
0.0
  0
LINE
  5
AAB
330
1F
100
AcDbEntity
 67
     0
  8
Struc_Section_Conc
  6
Continuous
 62
   256
 60
     0
 48
2.0
370
    -1
100
AcDbLine
 39
0.0
 10
90.1467
 20
170.1885
 30
0.0
 11
91.1921
 21
171.2339
 31
0.0
  0
LINE
  5
AAC
330
1F
100
AcDbEntity
 67
     0
  8
Struc_Section_Conc
  6
Continuous
 62
   256
 60
     0
 48
2.0
370
    -1
100
AcDbLine
 39
0.0
 10
90.1467
 20
170.1885
 30
0.0
 11
87.0996
 21
170.1885
 31
0.0
  0
LINE
  5
AAD
330
1F
100
AcDbEntity
 67
     0
  8
Struc_Section_Conc
  6
Continuous
 62
   256
 60
     0
 48
2.0
370
    -1
100
AcDbLine
 39
0.0
 10
91.1921
 20
171.2339
 30
0.0
 11
97.6665
 21
171.2339
 31
0.0
  0
LINE
  5
AAE
330
1F
100
AcDbEntity
 67
     0
  8
Struc_Section_Conc
  6
Continuous
 62
   256
 60
     0
 48
2.0
370
    -1
100
AcDbLine
 39
0.0
 10
119.7717
 20
170.1885
 30
0.0
 11
113.5543
 21
170.1885
 31
0.0
  0
LINE
  5
AAF
330
1F
100
AcDbEntity
 67
     0
  8
Struc_Section_Conc
  6
Continuous
 62
   256
 60
     0
 48
2.0
370
    -1
100
AcDbLine
 39
0.0
 10
119.7717
 20
170.1885
 30
0.0
 11
120.8171
 21
171.2339
 31
0.0
  0
LINE
  5
AB0
330
1F
100
AcDbEntity
 67
     0
  8
Struc_Section_Conc
  6
Continuous
 62
   256
 60
     0
 48
2.0
370
    -1
100
AcDbLine
 39
0.0
 10
127.2915
 20
171.2339
 30
0.0
 11
120.8171
 21
171.2339
 31
0.0
  0
LINE
  5
AB1
330
1F
100
AcDbEntity
 67
     0
  8
Struc_Section_Conc
  6
Continuous
 62
   256
 60
     0
 48
2.0
370
    -1
100
AcDbLine
 39
0.0
 10
113.5244
 20
170.1885
 30
0.0
 11
112.479
 21
171.2339
 31
0.0
  0
LINE
  5
AB2
330
1F
100
AcDbEntity
 67
     0
  8
Struc_Section_Conc
  6
Continuous
 62
   256
 60
     0
 48
2.0
370
    -1
100
AcDbLine
 39
0.0
 10
113.5244
 20
170.1885
 30
0.0
 11
116.5715
 21
170.1885
 31
0.0
  0
LINE
  5
AB3
330
1F
100
AcDbEntity
 67
     0
  8
Struc_Section_Conc
  6
Continuous
 62
   256
 60
     0
 48
2.0
370
    -1
100
AcDbLine
 39
0.0
 10
134.5842
 20
170.1885
 30
0.0
 11
128.3668
 21
170.1885
 31
0.0
  0
LINE
  5
AB4
330
1F
100
AcDbEntity
 67
     0
  8
Struc_Section_Conc
  6
Continuous
 62
   256
 60
     0
 48
2.0
370
    -1
100
AcDbLine
 39
0.0
 10
134.5842
 20
170.1885
 30
0.0
 11
135.6296
 21
171.2339
 31
0.0
  0
LINE
  5
AB5
330
1F
100
AcDbEntity
 67
     0
  8
Struc_Section_Conc
  6
Continuous
 62
   256
 60
     0
 48
2.0
370
    -1
100
AcDbLine
 39
0.0
 10
142.104
 20
171.2339
 30
0.0
 11
135.6296
 21
171.2339
 31
0.0
  0
LINE
  5
AB6
330
1F
100
AcDbEntity
 67
     0
  8
Struc_Section_Conc
  6
Continuous
 62
   256
 60
     0
 48
2.0
370
    -1
100
AcDbLine
 39
0.0
 10
128.3369
 20
170.1885
 30
0.0
 11
127.2915
 21
171.2339
 31
0.0
  0
LINE
  5
AB7
330
1F
100
AcDbEntity
 67
     0
  8
Struc_Section_Conc
  6
Continuous
 62
   256
 60
     0
 48
2.0
370
    -1
100
AcDbLine
 39
0.0
 10
128.3369
 20
170.1885
 30
0.0
 11
131.384
 21
170.1885
 31
0.0
  0
LINE
  5
AB8
330
1F
100
AcDbEntity
 67
     0
  8
Struc_Section_Conc
  6
Continuous
 62
   256
 60
     0
 48
2.0
370
    -1
100
AcDbLine
 39
0.0
 10
104.9592
 20
170.1885
 30
0.0
 11
98.7418
 21
170.1885
 31
0.0
  0
LINE
  5
AB9
330
1F
100
AcDbEntity
 67
     0
  8
Struc_Section_Conc
  6
Continuous
 62
   256
 60
     0
 48
2.0
370
    -1
100
AcDbLine
 39
0.0
 10
104.9592
 20
170.1885
 30
0.0
 11
106.0046
 21
171.2339
 31
0.0
  0
LINE
  5
ABA
330
1F
100
AcDbEntity
 67
     0
  8
Struc_Section_Conc
  6
Continuous
 62
   256
 60
     0
 48
2.0
370
    -1
100
AcDbLine
 39
0.0
 10
112.479
 20
171.2339
 30
0.0
 11
106.0046
 21
171.2339
 31
0.0
  0
LINE
  5
ABB
330
1F
100
AcDbEntity
 67
     0
  8
Struc_Section_Conc
  6
Continuous
 62
   256
 60
     0
 48
2.0
370
    -1
100
AcDbLine
 39
0.0
 10
98.7119
 20
170.1885
 30
0.0
 11
97.6665
 21
171.2339
 31
0.0
  0
LINE
  5
ABC
330
1F
100
AcDbEntity
 67
     0
  8
Struc_Section_Conc
  6
Continuous
 62
   256
 60
     0
 48
2.0
370
    -1
100
AcDbLine
 39
0.0
 10
98.7119
 20
170.1885
 30
0.0
 11
101.759
 21
170.1885
 31
0.0
  0
LINE
  5
ABD
330
1F
100
AcDbEntity
 67
     0
  8
Struc_Section_Conc
  6
Continuous
 62
   256
 60
     0
 48
2.0
370
    -1
100
AcDbLine
 39
0.0
 10
143.1494
 20
170.1885
 30
0.0
 11
146.0251
 21
170.1885
 31
0.0
  0
LINE
  5
ABE
330
1F
100
AcDbEntity
 67
     0
  8
Struc_Section_Conc
  6
Continuous
 62
   256
 60
     0
 48
2.0
370
    -1
100
AcDbLine
 39
0.0
 10
143.1494
 20
170.1885
 30
0.0
 11
142.104
 21
171.2339
 31
0.0
  0
INSERT
  5
ABF
330
1F
100
AcDbEntity
 67
     0
  8
Struc_Section_Steel
  6
Continuous
 62
   256
 60
     0
 48
1.0
370
    -1
100
AcDbBlockReference
 66
     0
  2
W250x33
 10
590.7412
 20
229.3135
 30
0.0
 41
1.0
 42
1.0
 43
1.0
 50
0.0
 70
     0
 71
     0
 44
0.0
 45
0.0
210
0.0
220
0.0
230
1.0
  0
DIMENSION
  5
AC3
330
1F
100
AcDbEntity
 67
     0
  8
Dim @ 48
  6
Continuous
 62
   256
 60
     0
 48
1.0
370
    -1
100
AcDbDimension
  2
*D18
 10
590.7412
 20
305.2921
 30
0.0
 11
565.2101
 21
305.2921
 31
0.0
 70
     0
  1

 71
     5
 72
     1
 41
1.0
 42
56.0
 53
0.0
 51
0.0
210
0.0
220
0.0
230
1.0
  3
ROMANS-beside
100
AcDbAlignedDimension
 13
534.7412
 23
217.0219
 33
0.0
 14
590.7412
 24
217.0219
 34
0.0
 50
0.0
100
AcDbRotatedDimension
1001
AcadAnnotative
1000
AnnotativeData
1002
{
1070
     1
1070
     0
1002
}
1001
ACAD
1000
DSTYLE
1002
{
1070
    40
1040
48.0
1070
   147
1040
0.0625
1070
   141
1040
0.0625
1070
    42
1040
0.0938
1070
    44
1040
0.0938
1070
    41
1040
0.0938
1070
   140
1040
0.0781
1070
   279
1070
     0
1070
   289
1070
     0
1070
   174
1070
     0
1070
   175
1070
     0
1070
   172
1070
     0
1002
}
  0
DIMENSION
  5
AC5
330
1F
100
AcDbEntity
 67
     0
  8
Dim @ 48
  6
Continuous
 62
   256
 60
     0
 48
1.0
370
    -1
100
AcDbDimension
  2
*D19
 10
613.7378
 20
174.1885
 30
0.0
 11
613.7378
 21
139.2477
 31
0.0
 70
     0
  1

 71
     5
 72
     1
 41
1.0
 42
70.5
 53
0.0
 51
0.0
210
0.0
220
0.0
230
1.0
  3
ROMANS-beside
100
AcDbAlignedDimension
 13
594.7412
 23
103.6885
 33
0.0
 14
592.0212
 24
174.1885
 34
0.0
 50
90.0
100
AcDbRotatedDimension
1001
AcadAnnotative
1000
AnnotativeData
1002
{
1070
     1
1070
     0
1002
}
1001
ACAD
1000
DSTYLE
1002
{
1070
    40
1040
48.0
1070
   147
1040
0.0625
1070
   141
1040
0.0625
1070
    42
1040
0.0938
1070
    44
1040
0.0938
1070
    41
1040
0.0938
1070
   140
1040
0.0781
1070
   279
1070
     0
1070
   289
1070
     0
1070
   174
1070
     0
1070
   175
1070
     0
1070
   172
1070
     0
1002
}
  0
DIMENSION
  5
AC6
330
1F
100
AcDbEntity
 67
     0
  8
Dim @ 48
  6
Continuous
 62
   256
 60
     0
 48
1.0
370
    -1
100
AcDbDimension
  2
*D20
 10
594.7412
 20
46.0777
 30
0.0
 11
458.7412
 21
46.0777
 31
0.0
 70
     0
  1

 71
     5
 72
     1
 41
1.0
 42
272.0
 53
0.0
 51
0.0
210
0.0
220
0.0
230
1.0
  3
ROMANS
100
AcDbAlignedDimension
 13
322.7412
 23
49.0043
 33
0.0
 14
594.7412
 24
49.0043
 34
0.0
 50
0.0
100
AcDbRotatedDimension
1001
AcadAnnotative
1000
AnnotativeData
1002
{
1070
     1
1070
     0
1002
}
1001
ACAD
1000
DSTYLE
1002
{
1070
    40
1040
48.0
1070
   147
1040
0.0625
1070
   141
1040
0.0625
1070
    42
1040
0.0938
1070
    44
1040
0.0938
1070
    41
1040
0.0938
1070
   140
1040
0.0781
1070
   279
1070
     2
1070
   289
1070
     0
1070
   174
1070
     0
1070
   175
1070
     0
1070
   172
1070
     0
1002
}
  0
DIMENSION
  5
AC7
330
1F
100
AcDbEntity
 67
     0
  8
Dim @ 48
  6
Continuous
 62
   256
 60
     0
 48
1.0
370
    -1
100
AcDbDimension
  2
*D21
 10
534.7412
 20
58.1489
 30
0.0
 11
564.7412
 21
58.1489
 31
0.0
 70
     0
  1

 71
     5
 72
     1
 41
1.0
 42
60.0
 53
0.0
 51
0.0
210
0.0
220
0.0
230
1.0
  3
ROMANS
100
AcDbAlignedDimension
 13
594.7412
 23
56.2603
 33
0.0
 14
534.7412
 24
103.6885
 34
0.0
 50
0.0
100
AcDbRotatedDimension
1001
AcadAnnotative
1000
AnnotativeData
1002
{
1070
     1
1070
     0
1002
}
1001
ACAD
1000
DSTYLE
1002
{
1070
    40
1040
48.0
1070
   147
1040
0.0625
1070
   141
1040
0.0625
1070
    42
1040
0.0938
1070
    44
1040
0.0938
1070
    41
1040
0.0938
1070
   140
1040
0.0781
1070
   279
1070
     2
1070
   289
1070
     0
1070
   174
1070
     0
1070
   175
1070
     0
1070
   172
1070
     0
1002
}
  0
DIMENSION
  5
ACA
330
1F
100
AcDbEntity
 67
     0
  8
Dim @ 24
  6
Continuous
 62
   256
 60
     0
 48
1.0
370
    -1
100
AcDbDimension
  2
*D22
 10
533.4612
 20
215.7089
 30
0.0
 11
519.5909
 21
215.7089
 31
0.0
 70
     0
  1
\A1;1-{\H0.7x;\S1/4;}"\P[33]
 71
     5
 72
     1
 41
1.0
 42
1.28
 53
0.0
 51
0.0
210
0.0
220
0.0
230
1.0
  3
ROMANS-beside
100
AcDbAlignedDimension
 13
534.7412
 23
188.4685
 33
0.0
 14
533.4612
 24
188.4685
 34
0.0
 50
0.0
100
AcDbRotatedDimension
1001
AcadAnnotative
1000
AnnotativeData
1002
{
1070
     1
1070
     0
1002
}
1001
ACAD
1000
DSTYLE
1002
{
1070
    40
1040
24.0
1070
   147
1040
0.0625
1070
   141
1040
0.0625
1070
    42
1040
0.0938
1070
    44
1040
0.0938
1070
    41
1040
0.0938
1070
   140
1040
0.0781
1070
   279
1070
     0
1070
   289
1070
     0
1070
   174
1070
     0
1070
   175
1070
     0
1070
   172
1070
     0
1002
}
  0
LINE
  5
ACB
330
1F
100
AcDbEntity
 67
     0
  8
Arch_Section_Ceiling
  6
Continuous
 62
   256
 60
     0
 48
1.0
370
    -1
100
AcDbLine
 39
0.0
 10
432.2112
 20
229.3135
 30
0.0
 11
323.4912
 21
229.3135
 31
0.0
  0
LINE
  5
ACC
330
1F
100
AcDbEntity
 67
     0
  8
Arch_Section_Ceiling
  6
Continuous
 62
   256
 60
     0
 48
1.0
370
    -1
100
AcDbLine
 39
0.0
 10
432.2112
 20
228.8135
 30
0.0
 11
328.9912
 21
228.8135
 31
0.0
  0
LINE
  5
ACD
330
1F
100
AcDbEntity
 67
     0
  8
Arch_Section_Ceiling
  6
Continuous
 62
   256
 60
     0
 48
1.0
370
    -1
100
AcDbLine
 39
0.0
 10
432.2112
 20
229.3135
 30
0.0
 11
432.2112
 21
228.8135
 31
0.0
  0
LINE
  5
ACE
330
1F
100
AcDbEntity
 67
     0
  8
Arch_Section_Wall
  6
Continuous
 62
   256
 60
     0
 48
1.0
370
    -1
100
AcDbLine
 39
0.0
 10
322.7412
 20
103.6885
 30
0.0
 11
322.7412
 21
467.4385
 31
0.0
  0
LINE
  5
ACF
330
1F
100
AcDbEntity
 67
     0
  8
Arch_Section_Wall
  6
Continuous
 62
   256
 60
     0
 48
1.0
370
    -1
100
AcDbLine
 39
0.0
 10
323.4912
 20
103.6885
 30
0.0
 11
323.4912
 21
239.1885
 31
0.0
  0
LINE
  5
AD0
330
1F
100
AcDbEntity
 67
     0
  8
Arch_Section_Wall
  6
Continuous
 62
   256
 60
     0
 48
1.0
370
    -1
100
AcDbLine
 39
0.0
 10
328.9912
 20
103.6885
 30
0.0
 11
328.9912
 21
229.3135
 31
0.0
  0
LINE
  5
AD1
330
1F
100
AcDbEntity
 67
     0
  8
Arch_Section_Wall
  6
Continuous
 62
   256
 60
     0
 48
1.0
370
    -1
100
AcDbLine
 39
0.0
 10
329.4912
 20
103.6885
 30
0.0
 11
329.4912
 21
228.8135
 31
0.0
  0
LWPOLYLINE
  5
AD2
330
1F
100
AcDbEntity
 67
     0
  8
Arch_Section_Wall
  6
Continuous
 62
   256
 60
     0
 48
1.0
370
    -1
100
AcDbPolyline
 90
        4
 70
     1
 10
328.9912
 20
103.6885
 10
323.4912
 20
103.6885
 10
323.4912
 20
105.1885
 10
328.9912
 20
105.1885
  0
LINE
  5
AD3
330
1F
100
AcDbEntity
 67
     0
  8
Arch_Section_Wall
  6
Continuous
 62
   256
 60
     0
 48
1.0
370
    -1
100
AcDbLine
 39
0.0
 10
323.4912
 20
244.6885
 30
0.0
 11
323.4912
 21
467.4385
 31
0.0
  0
LINE
  5
AD4
330
1F
100
AcDbEntity
 67
     0
  8
Arch_Section_Wall
  6
Continuous
 62
   256
 60
     0
 48
1.0
370
    -1
100
AcDbLine
 39
0.0
 10
323.4912
 20
239.1885
 30
0.0
 11
322.7412
 21
239.1885
 31
0.0
  0
LINE
  5
AD5
330
1F
100
AcDbEntity
 67
     0
  8
Arch_Section_Wall
  6
Continuous
 62
   256
 60
     0
 48
1.0
370
    -1
100
AcDbLine
 39
0.0
 10
594.7412
 20
103.6885
 30
0.0
 11
594.7412
 21
467.4385
 31
0.0
  0
LINE
  5
AD6
330
1F
100
AcDbEntity
 67
     0
  8
Arch_Section_Wall
  6
Continuous
 62
   256
 60
     0
 48
1.0
370
    -1
100
AcDbLine
 39
0.0
 10
593.9912
 20
103.6885
 30
0.0
 11
593.9912
 21
467.4385
 31
0.0
  0
LINE
  5
AD7
330
1F
100
AcDbEntity
 67
     0
  8
Arch_Section_Wall
  6
Continuous
 62
   256
 60
     0
 48
1.0
370
    -1
100
AcDbLine
 39
0.0
 10
588.4912
 20
103.6885
 30
0.0
 11
588.4912
 21
164.1885
 31
0.0
  0
LINE
  5
AD8
330
1F
100
AcDbEntity
 67
     0
  8
Arch_Section_Wall
  6
Continuous
 62
   256
 60
     0
 48
1.0
370
    -1
100
AcDbLine
 39
0.0
 10
587.9912
 20
103.6885
 30
0.0
 11
587.9912
 21
164.1885
 31
0.0
  0
LWPOLYLINE
  5
AD9
330
1F
100
AcDbEntity
 67
     0
  8
Arch_Section_Wall
  6
Continuous
 62
   256
 60
     0
 48
1.0
370
    -1
100
AcDbPolyline
 90
        4
 70
     1
 10
588.4912
 20
103.6885
 10
593.9912
 20
103.6885
 10
593.9912
 20
105.1885
 10
588.4912
 20
105.1885
  0
LINE
  5
ADA
330
1F
100
AcDbEntity
 67
     0
  8
Arch_Section_Ceiling
  6
Continuous
 62
   256
 60
     0
 48
1.0
370
    -1
100
AcDbLine
 39
0.0
 10
323.4912
 20
244.6885
 30
0.0
 11
322.7412
 21
244.6885
 31
0.0
  0
LINE
  5
ADB
330
1F
100
AcDbEntity
 67
     0
  8
Arch_Section_Wall
  6
Continuous
 62
   256
 60
     0
 48
1.0
370
    -1
100
AcDbLine
 39
0.0
 10
588.4912
 20
174.1885
 30
0.0
 11
588.4912
 21
229.3135
 31
0.0
  0
LINE
  5
ADC
330
1F
100
AcDbEntity
 67
     0
  8
Arch_Section_Wall
  6
Continuous
 62
   256
 60
     0
 48
1.0
370
    -1
100
AcDbLine
 39
0.0
 10
587.9912
 20
174.1885
 30
0.0
 11
587.9912
 21
229.3135
 31
0.0
  0
LWPOLYLINE
  5
ADD
330
1F
100
AcDbEntity
 67
     0
  8
Arch_Section_Wall
  6
Continuous
 62
   256
 60
     0
 48
1.0
370
    -1
100
AcDbPolyline
 90
        4
 70
     1
 10
588.4912
 20
162.6885
 10
593.9912
 20
162.6885
 10
593.9912
 20
164.1885
 10
588.4912
 20
164.1885
  0
LINE
  5
ADE
330
1F
100
AcDbEntity
 67
     0
  8
Arch_Section_Wall
  6
Continuous
 62
   256
 60
     0
 48
1.0
370
    -1
100
AcDbLine
 39
0.0
 10
532.9912
 20
174.1885
 30
0.0
 11
532.9912
 21
103.6885
 31
0.0
  0
LINE
  5
ADF
330
1F
100
AcDbEntity
 67
     0
  8
Arch_Section_Wall
  6
Continuous
 62
   256
 60
     0
 48
1.0
370
    -1
100
AcDbLine
 39
0.0
 10
536.4912
 20
164.1885
 30
0.0
 11
536.4912
 21
103.6885
 31
0.0
  0
LINE
  5
AE0
330
1F
100
AcDbEntity
 67
     0
  8
Arch_Section_Wall
  6
Continuous
 62
   256
 60
     0
 48
1.0
370
    -1
100
AcDbLine
 39
0.0
 10
532.4912
 20
174.1885
 30
0.0
 11
532.4912
 21
103.6885
 31
0.0
  0
LINE
  5
AE1
330
1F
100
AcDbEntity
 67
     0
  8
Arch_Section_Wall
  6
Continuous
 62
   256
 60
     0
 48
1.0
370
    -1
100
AcDbLine
 39
0.0
 10
536.9912
 20
164.1885
 30
0.0
 11
536.9912
 21
103.6885
 31
0.0
  0
LWPOLYLINE
  5
AE2
330
1F
100
AcDbEntity
 67
     0
  8
Arch_Section_Wall
  6
Continuous
 62
   256
 60
     0
 48
1.0
370
    -1
100
AcDbPolyline
 90
        4
 70
     1
 10
588.4912
 20
174.1885
 10
593.9912
 20
174.1885
 10
593.9912
 20
175.6885
 10
588.4912
 20
175.6885
  0
LWPOLYLINE
  5
AE3
330
1F
100
AcDbEntity
 67
     0
  8
Arch_Section_Wall
  6
Continuous
 62
   256
 60
     0
 48
1.0
370
    -1
100
AcDbPolyline
 90
        4
 70
     1
 10
328.9912
 20
227.8135
 10
323.4912
 20
227.8135
 10
323.4912
 20
229.3135
 10
328.9912
 20
229.3135
  0
LWPOLYLINE
  5
AE4
330
1F
100
AcDbEntity
 67
     0
  8
Arch_Section_Wall
  6
Continuous
 62
   256
 60
     0
 48
1.0
370
    -1
100
AcDbPolyline
 90
        4
 70
     1
 10
328.9912
 20
244.6885
 10
323.4912
 20
244.6885
 10
323.4912
 20
246.1885
 10
328.9912
 20
246.1885
  0
LINE
  5
AE5
330
1F
100
AcDbEntity
 67
     0
  8
Arch_Section_Wall
  6
Continuous
 62
   256
 60
     0
 48
1.0
370
    -1
100
AcDbLine
 39
0.0
 10
329.7412
 20
244.6885
 30
0.0
 11
329.7412
 21
467.4385
 31
0.0
  0
LINE
  5
AE6
330
1F
100
AcDbEntity
 67
     0
  8
Arch_Section_Wall
  6
Continuous
 62
   256
 60
     0
 48
1.0
370
    -1
100
AcDbLine
 39
0.0
 10
328.9912
 20
244.6885
 30
0.0
 11
328.9912
 21
467.4385
 31
0.0
  0
LINE
  5
AE7
330
1F
100
AcDbEntity
 67
     0
  8
Arch_Section_Ceiling
  6
Continuous
 62
   256
 60
     0
 48
1.0
370
    -1
100
AcDbLine
 39
0.0
 10
328.9912
 20
244.6885
 30
0.0
 11
329.7412
 21
244.6885
 31
0.0
  0
LINE
  5
AE8
330
1F
100
AcDbEntity
 67
     0
  8
Arch_Section_Ceiling
  6
Continuous
 62
   256
 60
     0
 48
1.0
370
    -1
100
AcDbLine
 39
0.0
 10
594.7412
 20
493.6885
 30
0.0
 11
322.7412
 21
493.6885
 31
0.0
  0
LINE
  5
AE9
330
1F
100
AcDbEntity
 67
     0
  8
Arch_Section_Ceiling
  6
Continuous
 62
   256
 60
     0
 48
1.0
370
    -1
100
AcDbLine
 39
0.0
 10
594.7412
 20
467.4385
 30
0.0
 11
322.7412
 21
467.4385
 31
0.0
  0
LWPOLYLINE
  5
AEA
330
1F
100
AcDbEntity
 67
     0
  8
Arch_Section_Wall
  6
Continuous
 62
   256
 60
     0
 48
1.0
370
    -1
100
AcDbPolyline
 90
        4
 70
     1
 10
328.9912
 20
465.9385
 10
323.4912
 20
465.9385
 10
323.4912
 20
467.4385
 10
328.9912
 20
467.4385
  0
LWPOLYLINE
  5
AEB
330
1F
100
AcDbEntity
 67
     0
  8
Arch_Section_Wall
  6
Continuous
 62
   256
 60
     0
 48
1.0
370
    -1
100
AcDbPolyline
 90
        4
 70
     1
 10
593.9912
 20
465.9385
 10
588.4912
 20
465.9385
 10
588.4912
 20
467.4385
 10
593.9912
 20
467.4385
  0
LINE
  5
AEC
330
1F
100
AcDbEntity
 67
     0
  8
Arch_Section_Ceiling
  6
Continuous
 62
   256
 60
     0
 48
1.0
370
    -1
100
AcDbLine
 39
0.0
 10
588.4912
 20
466.9385
 30
0.0
 11
329.7412
 21
466.9385
 31
0.0
  0
LINE
  5
AED
330
1F
100
AcDbEntity
 67
     0
  8
Arch_Detail_Door
  6
Continuous
 62
   256
 60
     0
 48
1.0
370
    -1
100
AcDbLine
 39
0.0
 10
335.4912
 20
103.6885
 30
0.0
 11
409.4912
 21
103.6885
 31
0.0
  0
LINE
  5
AEE
330
1F
100
AcDbEntity
 67
     0
  8
Arch_Detail_Door
  6
Continuous
 62
   256
 60
     0
 48
1.0
370
    -1
100
AcDbLine
 39
0.0
 10
373.4912
 20
103.6885
 30
0.0
 11
373.4912
 21
104.4385
 31
0.0
  0
LINE
  5
AEF
330
1F
100
AcDbEntity
 67
     0
  8
Arch_Detail_Door
  6
Continuous
 62
   256
 60
     0
 48
1.0
370
    -1
100
AcDbLine
 39
0.0
 10
409.4912
 20
187.6885
 30
0.0
 11
373.4912
 21
187.6885
 31
0.0
  0
LINE
  5
AF0
330
1F
100
AcDbEntity
 67
     0
  8
Arch_Detail_Door
  6
Continuous
 62
   256
 60
     0
 48
1.0
370
    -1
100
AcDbLine
 39
0.0
 10
337.4912
 20
187.6885
 30
0.0
 11
337.4912
 21
104.4385
 31
0.0
  0
LINE
  5
AF1
330
1F
100
AcDbEntity
 67
     0
  8
Arch_Detail_Door
  6
Continuous
 62
   256
 60
     0
 48
1.0
370
    -1
100
AcDbLine
 39
0.0
 10
373.4912
 20
103.6885
 30
0.0
 11
373.4912
 21
187.6885
 31
0.0
  0
LINE
  5
AF2
330
1F
100
AcDbEntity
 67
     0
  8
Arch_Detail_Door
  6
Continuous
 62
   256
 60
     0
 48
1.0
370
    -1
100
AcDbLine
 39
0.0
 10
409.4912
 20
103.6885
 30
0.0
 11
409.4912
 21
187.6885
 31
0.0
  0
LINE
  5
AF3
330
1F
100
AcDbEntity
 67
     0
  8
Arch_Detail_Door
  6
Continuous
 62
   256
 60
     0
 48
1.0
370
    -1
100
AcDbLine
 39
0.0
 10
411.4912
 20
103.6885
 30
0.0
 11
374.4912
 21
103.6885
 31
0.0
  0
LINE
  5
AF4
330
1F
100
AcDbEntity
 67
     0
  8
Arch_Detail_Door
  6
Continuous
 62
   256
 60
     0
 48
1.0
370
    -1
100
AcDbLine
 39
0.0
 10
335.4912
 20
189.6885
 30
0.0
 11
335.4912
 21
103.6885
 31
0.0
  0
LINE
  5
AF5
330
1F
100
AcDbEntity
 67
     0
  8
Arch_Detail_Door
  6
Continuous
 62
   256
 60
     0
 48
1.0
370
    -1
100
AcDbLine
 39
0.0
 10
411.4912
 20
103.6885
 30
0.0
 11
411.4912
 21
189.6885
 31
0.0
  0
LINE
  5
AF6
330
1F
100
AcDbEntity
 67
     0
  8
Arch_Detail_Door
  6
Continuous
 62
   256
 60
     0
 48
1.0
370
    -1
100
AcDbLine
 39
0.0
 10
411.4912
 20
189.6885
 30
0.0
 11
335.4912
 21
189.6885
 31
0.0
  0
LINE
  5
AF7
330
1F
100
AcDbEntity
 67
     0
  8
Arch_Detail_Door
  6
Continuous
 62
   256
 60
     0
 48
1.0
370
    -1
100
AcDbLine
 39
0.0
 10
337.4912
 20
104.4385
 30
0.0
 11
373.4912
 21
104.4385
 31
0.0
  0
LINE
  5
AF8
330
1F
100
AcDbEntity
 67
     0
  8
Arch_Detail_Door
  6
Continuous
 62
   256
 60
     0
 48
1.0
370
    -1
100
AcDbLine
 39
0.0
 10
337.4912
 20
104.4385
 30
0.0
 11
337.4912
 21
103.6885
 31
0.0
  0
LINE
  5
AF9
330
1F
100
AcDbEntity
 67
     0
  8
Arch_Detail_Door
  6
Continuous
 62
   256
 60
     0
 48
1.0
370
    -1
100
AcDbLine
 39
0.0
 10
373.4912
 20
104.4385
 30
0.0
 11
373.4912
 21
187.6885
 31
0.0
  0
LINE
  5
AFA
330
1F
100
AcDbEntity
 67
     0
  8
Arch_Detail_Door
  6
Continuous
 62
   256
 60
     0
 48
1.0
370
    -1
100
AcDbLine
 39
0.0
 10
373.4912
 20
187.6885
 30
0.0
 11
337.4912
 21
187.6885
 31
0.0
  0
LINE
  5
AFB
330
1F
100
AcDbEntity
 67
     0
  8
Arch_Detail_Door
  6
Continuous
 62
   256
 60
     0
 48
1.0
370
    -1
100
AcDbLine
 39
0.0
 10
407.4912
 20
108.4385
 30
0.0
 11
407.4912
 21
125.6885
 31
0.0
  0
LINE
  5
AFC
330
1F
100
AcDbEntity
 67
     0
  8
Arch_Detail_Door
  6
Continuous
 62
   256
 60
     0
 48
1.0
370
    -1
100
AcDbLine
 39
0.0
 10
407.4912
 20
185.6885
 30
0.0
 11
375.4912
 21
185.6885
 31
0.0
  0
LINE
  5
AFD
330
1F
100
AcDbEntity
 67
     0
  8
Arch_Detail_Door
  6
Continuous
 62
   256
 60
     0
 48
1.0
370
    -1
100
AcDbLine
 39
0.0
 10
375.4912
 20
185.6885
 30
0.0
 11
375.4912
 21
167.6885
 31
0.0
  0
LINE
  5
AFE
330
1F
100
AcDbEntity
 67
     0
  8
Arch_Detail_Door
  6
Continuous
 62
   256
 60
     0
 48
1.0
370
    -1
100
AcDbLine
 39
0.0
 10
375.4912
 20
125.6885
 30
0.0
 11
375.4912
 21
108.4385
 31
0.0
  0
LINE
  5
AFF
330
1F
100
AcDbEntity
 67
     0
  8
Arch_Detail_Door
  6
Continuous
 62
   256
 60
     0
 48
1.0
370
    -1
100
AcDbLine
 39
0.0
 10
407.4912
 20
127.6885
 30
0.0
 11
407.4912
 21
145.6885
 31
0.0
  0
LINE
  5
B00
330
1F
100
AcDbEntity
 67
     0
  8
Arch_Detail_Door
  6
Continuous
 62
   256
 60
     0
 48
1.0
370
    -1
100
AcDbLine
 39
0.0
 10
375.4912
 20
165.6885
 30
0.0
 11
375.4912
 21
147.6885
 31
0.0
  0
LINE
  5
B01
330
1F
100
AcDbEntity
 67
     0
  8
Arch_Detail_Door
  6
Continuous
 62
   256
 60
     0
 48
1.0
370
    -1
100
AcDbLine
 39
0.0
 10
407.4912
 20
167.6885
 30
0.0
 11
407.4912
 21
185.6885
 31
0.0
  0
LINE
  5
B02
330
1F
100
AcDbEntity
 67
     0
  8
Arch_Detail_Door
  6
Continuous
 62
   256
 60
     0
 48
1.0
370
    -1
100
AcDbLine
 39
0.0
 10
375.4912
 20
145.6885
 30
0.0
 11
375.4912
 21
127.6885
 31
0.0
  0
LINE
  5
B03
330
1F
100
AcDbEntity
 67
     0
  8
Arch_Detail_Door
  6
Continuous
 62
   256
 60
     0
 48
1.0
370
    -1
100
AcDbLine
 39
0.0
 10
407.4912
 20
147.6885
 30
0.0
 11
407.4912
 21
165.6885
 31
0.0
  0
LINE
  5
B04
330
1F
100
AcDbEntity
 67
     0
  8
Arch_Detail_Door
  6
Continuous
 62
   256
 60
     0
 48
1.0
370
    -1
100
AcDbLine
 39
0.0
 10
407.4912
 20
167.6885
 30
0.0
 11
375.4912
 21
167.6885
 31
0.0
  0
LINE
  5
B05
330
1F
100
AcDbEntity
 67
     0
  8
Arch_Detail_Door
  6
Continuous
 62
   256
 60
     0
 48
1.0
370
    -1
100
AcDbLine
 39
0.0
 10
407.4912
 20
165.6885
 30
0.0
 11
375.4912
 21
165.6885
 31
0.0
  0
LINE
  5
B06
330
1F
100
AcDbEntity
 67
     0
  8
Arch_Detail_Door
  6
Continuous
 62
   256
 60
     0
 48
1.0
370
    -1
100
AcDbLine
 39
0.0
 10
407.4912
 20
147.6885
 30
0.0
 11
375.4912
 21
147.6885
 31
0.0
  0
LINE
  5
B07
330
1F
100
AcDbEntity
 67
     0
  8
Arch_Detail_Door
  6
Continuous
 62
   256
 60
     0
 48
1.0
370
    -1
100
AcDbLine
 39
0.0
 10
407.4912
 20
145.6885
 30
0.0
 11
375.4912
 21
145.6885
 31
0.0
  0
LINE
  5
B08
330
1F
100
AcDbEntity
 67
     0
  8
Arch_Detail_Door
  6
Continuous
 62
   256
 60
     0
 48
1.0
370
    -1
100
AcDbLine
 39
0.0
 10
407.4912
 20
127.6885
 30
0.0
 11
375.4912
 21
127.6885
 31
0.0
  0
LINE
  5
B09
330
1F
100
AcDbEntity
 67
     0
  8
Arch_Detail_Door
  6
Continuous
 62
   256
 60
     0
 48
1.0
370
    -1
100
AcDbLine
 39
0.0
 10
407.4912
 20
125.6885
 30
0.0
 11
375.4912
 21
125.6885
 31
0.0
  0
LINE
  5
B0A
330
1F
100
AcDbEntity
 67
     0
  8
Arch_Detail_Door
  6
Continuous
 62
   256
 60
     0
 48
1.0
370
    -1
100
AcDbLine
 39
0.0
 10
407.4912
 20
108.4385
 30
0.0
 11
375.4912
 21
108.4385
 31
0.0
  0
LINE
  5
B0B
330
1F
100
AcDbEntity
 67
     0
  8
LAYER251A
  6
Continuous
 62
   256
 60
     0
 48
1.0
370
    -1
100
AcDbLine
 39
0.0
 10
376.4912
 20
172.7812
 30
0.0
 11
388.3985
 21
184.6885
 31
0.0
  0
LINE
  5
B0C
330
1F
100
AcDbEntity
 67
     0
  8
LAYER251A
  6
Continuous
 62
   256
 60
     0
 48
1.0
370
    -1
100
AcDbLine
 39
0.0
 10
376.4912
 20
174.9026
 30
0.0
 11
386.2772
 21
184.6885
 31
0.0
  0
LINE
  5
B0D
330
1F
100
AcDbEntity
 67
     0
  8
LAYER251A
  6
Continuous
 62
   256
 60
     0
 48
1.0
370
    -1
100
AcDbLine
 39
0.0
 10
376.4912
 20
177.0239
 30
0.0
 11
384.1559
 21
184.6885
 31
0.0
  0
LINE
  5
B0E
330
1F
100
AcDbEntity
 67
     0
  8
LAYER251A
  6
Continuous
 62
   256
 60
     0
 48
1.0
370
    -1
100
AcDbLine
 39
0.0
 10
376.4912
 20
179.1452
 30
0.0
 11
382.0346
 21
184.6885
 31
0.0
  0
LINE
  5
B0F
330
1F
100
AcDbEntity
 67
     0
  8
LAYER251A
  6
Continuous
 62
   256
 60
     0
 48
1.0
370
    -1
100
AcDbLine
 39
0.0
 10
376.4912
 20
181.2665
 30
0.0
 11
379.9132
 21
184.6885
 31
0.0
  0
LINE
  5
B10
330
1F
100
AcDbEntity
 67
     0
  8
LAYER251A
  6
Continuous
 62
   256
 60
     0
 48
1.0
370
    -1
100
AcDbLine
 39
0.0
 10
376.4912
 20
183.3878
 30
0.0
 11
377.7919
 21
184.6885
 31
0.0
  0
LINE
  5
B11
330
1F
100
AcDbEntity
 67
     0
  8
LAYER251A
  6
Continuous
 62
   256
 60
     0
 48
1.0
370
    -1
100
AcDbLine
 39
0.0
 10
376.4912
 20
152.7812
 30
0.0
 11
388.3985
 21
164.6885
 31
0.0
  0
LINE
  5
B12
330
1F
100
AcDbEntity
 67
     0
  8
LAYER251A
  6
Continuous
 62
   256
 60
     0
 48
1.0
370
    -1
100
AcDbLine
 39
0.0
 10
376.4912
 20
154.9026
 30
0.0
 11
386.2772
 21
164.6885
 31
0.0
  0
LINE
  5
B13
330
1F
100
AcDbEntity
 67
     0
  8
LAYER251A
  6
Continuous
 62
   256
 60
     0
 48
1.0
370
    -1
100
AcDbLine
 39
0.0
 10
376.4912
 20
157.0239
 30
0.0
 11
384.1559
 21
164.6885
 31
0.0
  0
LINE
  5
B14
330
1F
100
AcDbEntity
 67
     0
  8
LAYER251A
  6
Continuous
 62
   256
 60
     0
 48
1.0
370
    -1
100
AcDbLine
 39
0.0
 10
376.4912
 20
159.1452
 30
0.0
 11
382.0346
 21
164.6885
 31
0.0
  0
LINE
  5
B15
330
1F
100
AcDbEntity
 67
     0
  8
LAYER251A
  6
Continuous
 62
   256
 60
     0
 48
1.0
370
    -1
100
AcDbLine
 39
0.0
 10
376.4912
 20
161.2665
 30
0.0
 11
379.9132
 21
164.6885
 31
0.0
  0
LINE
  5
B16
330
1F
100
AcDbEntity
 67
     0
  8
LAYER251A
  6
Continuous
 62
   256
 60
     0
 48
1.0
370
    -1
100
AcDbLine
 39
0.0
 10
376.4912
 20
163.3878
 30
0.0
 11
377.7919
 21
164.6885
 31
0.0
  0
LINE
  5
B17
330
1F
100
AcDbEntity
 67
     0
  8
LAYER251A
  6
Continuous
 62
   256
 60
     0
 48
1.0
370
    -1
100
AcDbLine
 39
0.0
 10
376.4912
 20
132.7812
 30
0.0
 11
388.3985
 21
144.6885
 31
0.0
  0
LINE
  5
B18
330
1F
100
AcDbEntity
 67
     0
  8
LAYER251A
  6
Continuous
 62
   256
 60
     0
 48
1.0
370
    -1
100
AcDbLine
 39
0.0
 10
376.4912
 20
134.9026
 30
0.0
 11
386.2772
 21
144.6885
 31
0.0
  0
LINE
  5
B19
330
1F
100
AcDbEntity
 67
     0
  8
LAYER251A
  6
Continuous
 62
   256
 60
     0
 48
1.0
370
    -1
100
AcDbLine
 39
0.0
 10
376.4912
 20
137.0239
 30
0.0
 11
384.1559
 21
144.6885
 31
0.0
  0
LINE
  5
B1A
330
1F
100
AcDbEntity
 67
     0
  8
LAYER251A
  6
Continuous
 62
   256
 60
     0
 48
1.0
370
    -1
100
AcDbLine
 39
0.0
 10
376.4912
 20
139.1452
 30
0.0
 11
382.0346
 21
144.6885
 31
0.0
  0
LINE
  5
B1B
330
1F
100
AcDbEntity
 67
     0
  8
LAYER251A
  6
Continuous
 62
   256
 60
     0
 48
1.0
370
    -1
100
AcDbLine
 39
0.0
 10
376.4912
 20
141.2665
 30
0.0
 11
379.9132
 21
144.6885
 31
0.0
  0
LINE
  5
B1C
330
1F
100
AcDbEntity
 67
     0
  8
LAYER251A
  6
Continuous
 62
   256
 60
     0
 48
1.0
370
    -1
100
AcDbLine
 39
0.0
 10
376.4912
 20
143.3878
 30
0.0
 11
377.7919
 21
144.6885
 31
0.0
  0
LINE
  5
B1D
330
1F
100
AcDbEntity
 67
     0
  8
LAYER251A
  6
Continuous
 62
   256
 60
     0
 48
1.0
370
    -1
100
AcDbLine
 39
0.0
 10
376.4912
 20
112.7812
 30
0.0
 11
388.3985
 21
124.6885
 31
0.0
  0
LINE
  5
B1E
330
1F
100
AcDbEntity
 67
     0
  8
LAYER251A
  6
Continuous
 62
   256
 60
     0
 48
1.0
370
    -1
100
AcDbLine
 39
0.0
 10
376.4912
 20
114.9026
 30
0.0
 11
386.2772
 21
124.6885
 31
0.0
  0
LINE
  5
B1F
330
1F
100
AcDbEntity
 67
     0
  8
LAYER251A
  6
Continuous
 62
   256
 60
     0
 48
1.0
370
    -1
100
AcDbLine
 39
0.0
 10
376.4912
 20
117.0239
 30
0.0
 11
384.1559
 21
124.6885
 31
0.0
  0
LINE
  5
B20
330
1F
100
AcDbEntity
 67
     0
  8
LAYER251A
  6
Continuous
 62
   256
 60
     0
 48
1.0
370
    -1
100
AcDbLine
 39
0.0
 10
376.4912
 20
119.1452
 30
0.0
 11
382.0346
 21
124.6885
 31
0.0
  0
LINE
  5
B21
330
1F
100
AcDbEntity
 67
     0
  8
LAYER251A
  6
Continuous
 62
   256
 60
     0
 48
1.0
370
    -1
100
AcDbLine
 39
0.0
 10
376.4912
 20
121.2665
 30
0.0
 11
379.9132
 21
124.6885
 31
0.0
  0
LINE
  5
B22
330
1F
100
AcDbEntity
 67
     0
  8
LAYER251A
  6
Continuous
 62
   256
 60
     0
 48
1.0
370
    -1
100
AcDbLine
 39
0.0
 10
376.4912
 20
123.3878
 30
0.0
 11
377.7919
 21
124.6885
 31
0.0
  0
LINE
  5
B23
330
1F
100
AcDbEntity
 67
     0
  8
Arch_Detail_Door
  6
Continuous
 62
   256
 60
     0
 48
1.0
370
    -1
100
AcDbLine
 39
0.0
 10
367.4912
 20
181.6885
 30
0.0
 11
343.4912
 21
181.6885
 31
0.0
  0
LINE
  5
B24
330
1F
100
AcDbEntity
 67
     0
  8
Arch_Detail_Door
  6
Continuous
 62
   256
 60
     0
 48
1.0
370
    -1
100
AcDbLine
 39
0.0
 10
343.4912
 20
181.6885
 30
0.0
 11
343.4912
 21
151.6885
 31
0.0
  0
LINE
  5
B25
330
1F
100
AcDbEntity
 67
     0
  8
Arch_Detail_Door
  6
Continuous
 62
   256
 60
     0
 48
1.0
370
    -1
100
AcDbLine
 39
0.0
 10
367.4912
 20
110.4385
 30
0.0
 11
367.4912
 21
145.6885
 31
0.0
  0
LINE
  5
B26
330
1F
100
AcDbEntity
 67
     0
  8
Arch_Detail_Door
  6
Continuous
 62
   256
 60
     0
 48
1.0
370
    -1
100
AcDbLine
 39
0.0
 10
343.4912
 20
110.4385
 30
0.0
 11
367.4912
 21
110.4385
 31
0.0
  0
LINE
  5
B27
330
1F
100
AcDbEntity
 67
     0
  8
Arch_Detail_Door
  6
Continuous
 62
   256
 60
     0
 48
1.0
370
    -1
100
AcDbLine
 39
0.0
 10
337.4912
 20
145.6885
 30
0.0
 11
373.4912
 21
145.6885
 31
0.0
  0
LINE
  5
B28
330
1F
100
AcDbEntity
 67
     0
  8
Arch_Detail_Door
  6
Continuous
 62
   256
 60
     0
 48
1.0
370
    -1
100
AcDbLine
 39
0.0
 10
337.4912
 20
151.6885
 30
0.0
 11
373.4912
 21
151.6885
 31
0.0
  0
LINE
  5
B29
330
1F
100
AcDbEntity
 67
     0
  8
Arch_Detail_Door
  6
Continuous
 62
   256
 60
     0
 48
1.0
370
    -1
100
AcDbLine
 39
0.0
 10
343.4912
 20
145.6885
 30
0.0
 11
343.4912
 21
110.4385
 31
0.0
  0
LINE
  5
B2A
330
1F
100
AcDbEntity
 67
     0
  8
Arch_Detail_Door
  6
Continuous
 62
   256
 60
     0
 48
1.0
370
    -1
100
AcDbLine
 39
0.0
 10
367.4912
 20
151.6885
 30
0.0
 11
367.4912
 21
181.6885
 31
0.0
  0
LWPOLYLINE
  5
B2B
330
1F
100
AcDbEntity
 67
     0
  8
Arch_Detail_Door
  6
Continuous
 62
   256
 60
     0
 48
1.0
370
    -1
100
AcDbPolyline
 90
        2
 70
     1
 43
1.0
 10
367.8545
 20
286.6885
 42
1.0
 10
368.8545
 20
286.6885
 42
1.0
  0
LINE
  5
B2C
330
1F
100
AcDbEntity
 67
     0
  8
Arch_Section_Ceiling
  6
Continuous
 62
   256
 60
     0
 48
1.0
370
    -1
100
AcDbLine
 39
0.0
 10
322.7412
 20
467.4385
 30
0.0
 11
322.7412
 21
493.6885
 31
0.0
  0
LINE
  5
B2D
330
1F
100
AcDbEntity
 67
     0
  8
Arch_Section_Ceiling
  6
Continuous
 62
   256
 60
     0
 48
1.0
370
    -1
100
AcDbLine
 39
0.0
 10
594.7412
 20
467.4385
 30
0.0
 11
594.7412
 21
493.6885
 31
0.0
  0
LINE
  5
B2E
330
1F
100
AcDbEntity
 67
     0
  8
Arch_Section_Handrail
  6
Continuous
 62
   256
 60
     0
 48
1.0
370
    -1
100
AcDbLine
 39
0.0
 10
431.8362
 20
280.3686
 30
0.0
 11
543.7072
 21
209.3611
 31
0.0
  0
LINE
  5
B2F
330
1F
100
AcDbEntity
 67
     0
  8
Arch_Section_Handrail
  6
Continuous
 62
   256
 60
     0
 48
1.0
370
    -1
100
AcDbLine
 39
0.0
 10
431.8362
 20
282.1452
 30
0.0
 11
543.8662
 21
211.0368
 31
0.0
  0
LINE
  5
B30
330
1F
100
AcDbEntity
 67
     0
  8
Arch_Section_Handrail
  6
Continuous
 62
   256
 60
     0
 48
1.0
370
    -1
100
AcDbLine
 39
0.0
 10
430.3362
 20
239.1885
 30
0.0
 11
430.3362
 21
286.6885
 31
0.0
  0
LINE
  5
B31
330
1F
100
AcDbEntity
 67
     0
  8
Arch_Section_Handrail
  6
Continuous
 62
   256
 60
     0
 48
1.0
370
    -1
100
AcDbLine
 39
0.0
 10
431.8362
 20
239.1885
 30
0.0
 11
431.8362
 21
286.6885
 31
0.0
  0
LINE
  5
B32
330
1F
100
AcDbEntity
 67
     0
  8
Arch_Section_Handrail
  6
Continuous
 62
   256
 60
     0
 48
1.0
370
    -1
100
AcDbLine
 39
0.0
 10
418.516
 20
138.6679
 30
0.0
 11
502.4463
 21
191.2643
 31
0.0
  0
LINE
  5
B33
330
1F
100
AcDbEntity
 67
     0
  8
Arch_Section_Handrail
  6
Continuous
 62
   256
 60
     0
 48
1.0
370
    -1
100
AcDbLine
 39
0.0
 10
541.3439
 20
210.8611
 30
0.0
 11
535.4912
 21
210.8611
 31
0.0
  0
LINE
  5
B34
330
1F
100
AcDbEntity
 67
     0
  8
Arch_Section_Handrail
  6
Continuous
 62
   256
 60
     0
 48
1.0
370
    -1
100
AcDbLine
 39
0.0
 10
543.8662
 20
209.3611
 30
0.0
 11
535.4912
 21
209.3611
 31
0.0
  0
LINE
  5
B35
330
1F
100
AcDbEntity
 67
     0
  8
Arch_Section_Handrail
  6
Continuous
 62
   256
 60
     0
 48
1.0
370
    -1
100
AcDbLine
 39
0.0
 10
513.2501
 20
196.2644
 30
0.0
 11
515.0725
 21
197.4065
 31
0.0
  0
LINE
  5
B36
330
1F
100
AcDbEntity
 67
     0
  8
Arch_Section_Handrail
  6
Continuous
 62
   256
 60
     0
 48
1.0
370
    -1
100
AcDbLine
 39
0.0
 10
511.8377
 20
197.1495
 30
0.0
 11
513.6691
 21
198.2972
 31
0.0
  0
LINE
  5
B37
330
1F
100
AcDbEntity
 67
     0
  8
Arch_Section_Handrail
  6
Continuous
 62
   256
 60
     0
 48
6.0
370
    -1
100
AcDbLine
 39
0.0
 10
502.4463
 20
191.2643
 30
0.0
 11
511.8377
 21
197.1495
 31
0.0
  0
LINE
  5
B38
330
1F
100
AcDbEntity
 67
     0
  8
Arch_Section_Handrail
  6
Continuous
 62
   256
 60
     0
 48
6.0
370
    -1
100
AcDbLine
 39
0.0
 10
503.8587
 20
190.3792
 30
0.0
 11
513.2501
 21
196.2644
 31
0.0
  0
LINE
  5
B39
330
1F
100
AcDbEntity
 67
     0
  8
Arch_Section_Handrail
  6
Continuous
 62
   256
 60
     0
 48
1.0
370
    -1
100
AcDbLine
 39
0.0
 10
419.3125
 20
137.3969
 30
0.0
 11
503.8587
 21
190.3792
 31
0.0
  0
LINE
  5
B3A
330
1F
100
AcDbEntity
 67
     0
  8
Arch_Section_Handrail
  6
Continuous
 62
   256
 60
     0
 48
0.1
370
    -1
100
AcDbLine
 39
0.0
 10
430.3362
 20
239.1885
 30
0.0
 11
431.8362
 21
239.1885
 31
0.0
  0
LINE
  5
B3B
330
1F
100
AcDbEntity
 67
     0
  8
Arch_Section_Handrail
  6
Continuous
 62
   256
 60
     0
 48
0.1
370
    -1
100
AcDbLine
 39
0.0
 10
430.3362
 20
286.6885
 30
0.0
 11
431.8362
 21
286.6885
 31
0.0
  0
LINE
  5
B3C
330
1F
100
AcDbEntity
 67
     0
  8
Arch_Section_Handrail
  6
Continuous
 62
   256
 60
     0
 48
0.1
370
    -1
100
AcDbLine
 39
0.0
 10
434.4159
 20
113.2957
 30
0.0
 11
418.516
 21
138.6679
 31
0.0
  0
LINE
  5
B3D
330
1F
100
AcDbEntity
 67
     0
  8
Arch_Section_Handrail
  6
Continuous
 62
   256
 60
     0
 48
0.1
370
    -1
100
AcDbLine
 39
0.0
 10
435.6869
 20
114.0922
 30
0.0
 11
420.5835
 21
138.1934
 31
0.0
  0
LINE
  5
B3E
330
1F
100
AcDbEntity
 67
     0
  8
Arch_Section_Handrail
  6
Continuous
 62
   256
 60
     0
 48
0.1
370
    -1
100
AcDbLine
 39
0.0
 10
434.4159
 20
113.2957
 30
0.0
 11
435.6869
 21
114.0922
 31
0.0
  0
LINE
  5
B3F
330
1F
100
AcDbEntity
 67
     0
  8
Arch_Section_Handrail
  6
Continuous
 62
   256
 60
     0
 48
0.1
370
    -1
100
AcDbLine
 39
0.0
 10
543.8662
 20
209.3611
 30
0.0
 11
543.8662
 21
211.0368
 31
0.0
  0
LINE
  5
B40
330
1F
100
AcDbEntity
 67
     0
  8
Arch_Section_Handrail
  6
Continuous
 62
   256
 60
     0
 48
0.1
370
    -1
100
AcDbLine
 39
0.0
 10
434.8526
 20
244.6885
 30
0.0
 11
450.1297
 21
268.7572
 31
0.0
  0
LINE
  5
B41
330
1F
100
AcDbEntity
 67
     0
  8
Arch_Section_Handrail
  6
Continuous
 62
   256
 60
     0
 48
0.1
370
    -1
100
AcDbLine
 39
0.0
 10
436.119
 20
243.8847
 30
0.0
 11
451.3961
 21
267.9534
 31
0.0
  0
LINE
  5
B42
330
1F
100
AcDbEntity
 67
     0
  8
Arch_Section_Handrail
  6
Continuous
 62
   256
 60
     0
 48
0.1
370
    -1
100
AcDbLine
 39
0.0
 10
434.8526
 20
244.6885
 30
0.0
 11
436.1237
 21
243.892
 31
0.0
  0
LINE
  5
B43
330
1F
100
AcDbEntity
 67
     0
  8
Arch_Section_Handrail
  6
Continuous
 62
   256
 60
     0
 48
1.0
370
    -1
100
AcDbLine
 39
0.0
 10
432.8362
 20
249.4925
 30
0.0
 11
432.8362
 21
273.4927
 31
0.0
  0
LINE
  5
B44
330
1F
100
AcDbEntity
 67
     0
  8
Arch_Section_Handrail
  6
Continuous
 62
   256
 60
     0
 48
0.1
370
    -1
100
AcDbLine
 39
0.0
 10
435.6129
 20
247.7524
 30
0.0
 11
446.4616
 21
264.8443
 31
0.0
  0
LINE
  5
B45
330
1F
100
AcDbEntity
 67
     0
  8
Arch_Section_Handrail
  6
Continuous
 62
   256
 60
     0
 48
1.0
370
    -1
100
AcDbLine
 39
0.0
 10
432.8362
 20
273.4927
 30
0.0
 11
446.4616
 21
264.8443
 31
0.0
  0
LINE
  5
B46
330
1F
100
AcDbEntity
 67
     0
  8
Arch_Section_Handrail
  6
Continuous
 62
   256
 60
     0
 48
0.1
370
    -1
100
AcDbLine
 39
0.0
 10
435.6129
 20
247.7524
 30
0.0
 11
432.8362
 21
249.4925
 31
0.0
  0
LINE
  5
B47
330
1F
100
AcDbEntity
 67
     0
  8
Arch_Section_Handrail
  6
Continuous
 62
   256
 60
     0
 48
6.0
370
    -1
100
AcDbLine
 39
0.0
 10
535.4912
 20
174.1885
 30
0.0
 11
535.4912
 21
183.6583
 31
0.0
  0
LINE
  5
B48
330
1F
100
AcDbEntity
 67
     0
  8
Arch_Section_Handrail
  6
Continuous
 62
   256
 60
     0
 48
6.0
370
    -1
100
AcDbLine
 39
0.0
 10
533.9912
 20
174.1885
 30
0.0
 11
533.9912
 21
184.5983
 31
0.0
  0
LINE
  5
B49
330
1F
100
AcDbEntity
 67
     0
  8
Arch_Section_Handrail
  6
Continuous
 62
   256
 60
     0
 48
0.1
370
    -1
100
AcDbLine
 39
0.0
 10
532.9912
 20
186.4342
 30
0.0
 11
532.9912
 21
209.6233
 31
0.0
  0
LINE
  5
B4A
330
1F
100
AcDbEntity
 67
     0
  8
Arch_Section_Handrail
  6
Continuous
 62
   256
 60
     0
 48
1.0
370
    -1
100
AcDbLine
 39
0.0
 10
527.5505
 20
213.0767
 30
0.0
 11
532.9912
 21
209.6233
 31
0.0
  0
LINE
  5
B4B
330
1F
100
AcDbEntity
 67
     0
  8
Arch_Section_Handrail
  6
Continuous
 62
   256
 60
     0
 48
0.1
370
    -1
100
AcDbLine
 39
0.0
 10
532.9912
 20
186.4342
 30
0.0
 11
517.0966
 21
196.3948
 31
0.0
  0
LINE
  5
B4C
330
1F
100
AcDbEntity
 67
     0
  8
Arch_Section_Handrail
  6
Continuous
 62
   256
 60
     0
 48
0.1
370
    -1
100
AcDbLine
 39
0.0
 10
527.5505
 20
213.0767
 30
0.0
 11
517.0966
 21
196.3948
 31
0.0
  0
LINE
  5
B4D
330
1F
100
AcDbEntity
 67
     0
  8
Arch_Section_Handrail
  6
Continuous
 62
   256
 60
     0
 48
0.1
370
    -1
100
AcDbLine
 39
0.0
 10
529.6381
 20
218.2911
 30
0.0
 11
514.6562
 21
194.3837
 31
0.0
  0
LINE
  5
B4E
330
1F
100
AcDbEntity
 67
     0
  8
Arch_Section_Handrail
  6
Continuous
 62
   256
 60
     0
 48
0.1
370
    -1
100
AcDbLine
 39
0.0
 10
528.3717
 20
219.095
 30
0.0
 11
513.3851
 21
195.1803
 31
0.0
  0
LINE
  5
B4F
330
1F
100
AcDbEntity
 67
     0
  8
Arch_Section_Handrail
  6
Continuous
 62
   256
 60
     0
 48
1.0
370
    -1
100
AcDbLine
 39
0.0
 10
448.2784
 20
263.0472
 30
0.0
 11
525.2858
 21
214.1686
 31
0.0
  0
LINE
  5
B50
330
1F
100
AcDbEntity
 67
     0
  8
Arch_Section_Handrail
  6
Continuous
 62
   256
 60
     0
 48
1.0
370
    -1
100
AcDbLine
 39
0.0
 10
448.078
 20
262.7314
 30
0.0
 11
525.0853
 21
213.8528
 31
0.0
  0
LINE
  5
B51
330
1F
100
AcDbEntity
 67
     0
  8
Arch_Section_Handrail
  6
Continuous
 62
   256
 60
     0
 48
1.0
370
    -1
100
AcDbLine
 39
0.0
 10
444.8627
 20
257.6657
 30
0.0
 11
521.8992
 21
208.7686
 31
0.0
  0
LINE
  5
B52
330
1F
100
AcDbEntity
 67
     0
  8
Arch_Section_Handrail
  6
Continuous
 62
   256
 60
     0
 48
1.0
370
    -1
100
AcDbLine
 39
0.0
 10
445.0631
 20
257.9815
 30
0.0
 11
522.0996
 21
209.0843
 31
0.0
  0
LINE
  5
B53
330
1F
100
AcDbEntity
 67
     0
  8
Arch_Section_Handrail
  6
Continuous
 62
   256
 60
     0
 48
1.0
370
    -1
100
AcDbLine
 39
0.0
 10
441.6473
 20
252.6
 30
0.0
 11
518.7131
 21
203.6843
 31
0.0
  0
LINE
  5
B54
330
1F
100
AcDbEntity
 67
     0
  8
Arch_Section_Handrail
  6
Continuous
 62
   256
 60
     0
 48
1.0
370
    -1
100
AcDbLine
 39
0.0
 10
441.8477
 20
252.9157
 30
0.0
 11
518.9135
 21
204.0001
 31
0.0
  0
LINE
  5
B55
330
1F
100
AcDbEntity
 67
     0
  8
Arch_Section_Handrail
  6
Continuous
 62
   256
 60
     0
 48
1.0
370
    -1
100
AcDbLine
 39
0.0
 10
438.432
 20
247.5342
 30
0.0
 11
515.5269
 21
198.6
 31
0.0
  0
LINE
  5
B56
330
1F
100
AcDbEntity
 67
     0
  8
Arch_Section_Handrail
  6
Continuous
 62
   256
 60
     0
 48
1.0
370
    -1
100
AcDbLine
 39
0.0
 10
438.6324
 20
247.85
 30
0.0
 11
515.7273
 21
198.9158
 31
0.0
  0
LWPOLYLINE
  5
B57
330
1F
100
AcDbEntity
 67
     0
  8
Arch_Section_Handrail
  6
Continuous
 62
   256
 60
     0
 48
0.1
370
    -1
100
AcDbPolyline
 90
        2
 70
     1
 43
0.125
 10
431.0237
 20
273.419
 42
1.0
 10
431.1487
 20
273.419
 42
1.0
  0
LWPOLYLINE
  5
B58
330
1F
100
AcDbEntity
 67
     0
  8
Arch_Section_Handrail
  6
Continuous
 62
   256
 60
     0
 48
0.1
370
    -1
100
AcDbPolyline
 90
        2
 70
     1
 43
0.125
 10
431.0237
 20
266.3124
 42
1.0
 10
431.1487
 20
266.3124
 42
1.0
  0
LWPOLYLINE
  5
B59
330
1F
100
AcDbEntity
 67
     0
  8
Arch_Section_Handrail
  6
Continuous
 62
   256
 60
     0
 48
0.1
370
    -1
100
AcDbPolyline
 90
        2
 70
     1
 43
0.125
 10
431.0237
 20
259.2058
 42
1.0
 10
431.1487
 20
259.2058
 42
1.0
  0
LWPOLYLINE
  5
B5A
330
1F
100
AcDbEntity
 67
     0
  8
Arch_Section_Handrail
  6
Continuous
 62
   256
 60
     0
 48
0.1
370
    -1
100
AcDbPolyline
 90
        2
 70
     1
 43
0.125
 10
431.0237
 20
252.0992
 42
1.0
 10
431.1487
 20
252.0992
 42
1.0
  0
LWPOLYLINE
  5
B5B
330
1F
100
AcDbEntity
 67
     0
  8
Arch_Section_Handrail
  6
Continuous
 62
   256
 60
     0
 48
0.1
370
    -1
100
AcDbPolyline
 90
        2
 70
     1
 43
0.125
 10
431.0237
 20
281.3514
 42
1.0
 10
431.1487
 20
281.3514
 42
1.0
  0
LINE
  5
B5C
330
1F
100
AcDbEntity
 67
     0
  8
Arch_Section_Handrail
  6
Continuous
 62
   256
 60
     0
 48
1.0
370
    -1
100
AcDbLine
 39
0.0
 10
514.0203
 20
198.5173
 30
0.0
 11
519.303
 21
201.8278
 31
0.0
  0
LINE
  5
B5D
330
1F
100
AcDbEntity
 67
     0
  8
Arch_Section_Handrail
  6
Continuous
 62
   256
 60
     0
 48
1.0
370
    -1
100
AcDbLine
 39
0.0
 10
515.4237
 20
197.6265
 30
0.0
 11
517.5543
 21
198.9617
 31
0.0
  0
LINE
  5
B5E
330
1F
100
AcDbEntity
 67
     0
  8
Arch_Section_Handrail
  6
Continuous
 62
   256
 60
     0
 48
0.1
370
    -1
100
AcDbLine
 39
0.0
 10
513.3851
 20
195.1803
 30
0.0
 11
514.6562
 21
194.3837
 31
0.0
  0
LINE
  5
B5F
330
1F
100
AcDbEntity
 67
     0
  8
Arch_Section_Handrail
  6
Continuous
 62
   256
 60
     0
 48
1.0
370
    -1
100
AcDbLine
 39
0.0
 10
423.7032
 20
133.2151
 30
0.0
 11
509.3906
 21
186.9125
 31
0.0
  0
LINE
  5
B60
330
1F
100
AcDbEntity
 67
     0
  8
Arch_Section_Handrail
  6
Continuous
 62
   256
 60
     0
 48
1.0
370
    -1
100
AcDbLine
 39
0.0
 10
423.836
 20
133.0033
 30
0.0
 11
509.626
 21
186.765
 31
0.0
  0
LINE
  5
B61
330
1F
100
AcDbEntity
 67
     0
  8
Arch_Section_Handrail
  6
Continuous
 62
   256
 60
     0
 48
1.0
370
    -1
100
AcDbLine
 39
0.0
 10
426.8893
 20
128.1309
 30
0.0
 11
515.0402
 21
183.3721
 31
0.0
  0
LINE
  5
B62
330
1F
100
AcDbEntity
 67
     0
  8
Arch_Section_Handrail
  6
Continuous
 62
   256
 60
     0
 48
1.0
370
    -1
100
AcDbLine
 39
0.0
 10
427.0221
 20
127.9191
 30
0.0
 11
515.2755
 21
183.2246
 31
0.0
  0
LINE
  5
B63
330
1F
100
AcDbEntity
 67
     0
  8
Arch_Section_Handrail
  6
Continuous
 62
   256
 60
     0
 48
1.0
370
    -1
100
AcDbLine
 39
0.0
 10
430.0754
 20
123.0468
 30
0.0
 11
520.6897
 21
179.8317
 31
0.0
  0
LINE
  5
B64
330
1F
100
AcDbEntity
 67
     0
  8
Arch_Section_Handrail
  6
Continuous
 62
   256
 60
     0
 48
1.0
370
    -1
100
AcDbLine
 39
0.0
 10
430.2082
 20
122.8349
 30
0.0
 11
520.9251
 21
179.6842
 31
0.0
  0
LINE
  5
B65
330
1F
100
AcDbEntity
 67
     0
  8
Arch_Section_Handrail
  6
Continuous
 62
   256
 60
     0
 48
1.0
370
    -1
100
AcDbLine
 39
0.0
 10
433.2615
 20
117.9626
 30
0.0
 11
524.6222
 21
175.2153
 31
0.0
  0
LINE
  5
B66
330
1F
100
AcDbEntity
 67
     0
  8
Arch_Section_Handrail
  6
Continuous
 62
   256
 60
     0
 48
1.0
370
    -1
100
AcDbLine
 39
0.0
 10
433.3942
 20
117.7507
 30
0.0
 11
524.755
 21
175.0035
 31
0.0
  0
LINE
  5
B67
330
1F
100
AcDbEntity
 67
     0
  8
Arch_Section_Handrail
  6
Continuous
 62
   256
 60
     0
 48
0.1
370
    -1
100
AcDbLine
 39
0.0
 10
528.4347
 20
171.9563
 30
0.0
 11
525.3164
 21
176.9324
 31
0.0
  0
LINE
  5
B68
330
1F
100
AcDbEntity
 67
     0
  8
Arch_Section_Handrail
  6
Continuous
 62
   256
 60
     0
 48
0.1
370
    -1
100
AcDbLine
 39
0.0
 10
527.1637
 20
171.1598
 30
0.0
 11
522.4015
 21
178.759
 31
0.0
  0
LINE
  5
B69
330
1F
100
AcDbEntity
 67
     0
  8
Arch_Section_Handrail
  6
Continuous
 62
   256
 60
     0
 48
6.0
370
    -1
100
AcDbLine
 39
0.0
 10
522.4015
 20
178.759
 30
0.0
 11
511.9442
 21
195.4461
 31
0.0
  0
LINE
  5
B6A
330
1F
100
AcDbEntity
 67
     0
  8
Arch_Section_Handrail
  6
Continuous
 62
   256
 60
     0
 48
6.0
370
    -1
100
AcDbLine
 39
0.0
 10
525.3164
 20
176.9324
 30
0.0
 11
513.2153
 21
196.2426
 31
0.0
  0
LINE
  5
B6B
330
1F
100
AcDbEntity
 67
     0
  8
Arch_Section_Handrail
  6
Continuous
 62
   256
 60
     0
 48
0.1
370
    -1
100
AcDbLine
 39
0.0
 10
513.6331
 20
195.5759
 30
0.0
 11
513.2153
 21
196.2426
 31
0.0
  0
LINE
  5
B6C
330
1F
100
AcDbEntity
 67
     0
  8
Arch_Section_Handrail
  6
Continuous
 62
   256
 60
     0
 48
6.0
370
    -1
100
AcDbLine
 39
0.0
 10
509.626
 20
186.765
 30
0.0
 11
515.1967
 21
190.256
 31
0.0
  0
LINE
  5
B6D
330
1F
100
AcDbEntity
 67
     0
  8
Arch_Section_Handrail
  6
Continuous
 62
   256
 60
     0
 48
6.0
370
    -1
100
AcDbLine
 39
0.0
 10
509.3906
 20
186.9125
 30
0.0
 11
515.064
 21
190.4678
 31
0.0
  0
LINE
  5
B6E
330
1F
100
AcDbEntity
 67
     0
  8
Arch_Section_Handrail
  6
Continuous
 62
   256
 60
     0
 48
6.0
370
    -1
100
AcDbLine
 39
0.0
 10
515.0402
 20
183.3721
 30
0.0
 11
518.25
 21
185.3837
 31
0.0
  0
LINE
  5
B6F
330
1F
100
AcDbEntity
 67
     0
  8
Arch_Section_Handrail
  6
Continuous
 62
   256
 60
     0
 48
6.0
370
    -1
100
AcDbLine
 39
0.0
 10
515.2755
 20
183.2246
 30
0.0
 11
518.3828
 21
185.1718
 31
0.0
  0
LINE
  5
B70
330
1F
100
AcDbEntity
 67
     0
  8
Arch_Section_Handrail
  6
Continuous
 62
   256
 60
     0
 48
6.0
370
    -1
100
AcDbLine
 39
0.0
 10
520.9251
 20
179.6842
 30
0.0
 11
521.5689
 21
180.0876
 31
0.0
  0
LINE
  5
B71
330
1F
100
AcDbEntity
 67
     0
  8
Arch_Section_Handrail
  6
Continuous
 62
   256
 60
     0
 48
6.0
370
    -1
100
AcDbLine
 39
0.0
 10
520.6897
 20
179.8317
 30
0.0
 11
521.4361
 21
180.2995
 31
0.0
  0
LINE
  5
B72
330
1F
100
AcDbEntity
 67
     0
  8
Arch_Section_Handrail
  6
Continuous
 62
   256
 60
     0
 48
6.0
370
    -1
100
AcDbLine
 39
0.0
 10
527.689
 20
175.0294
 30
0.0
 11
516.7177
 21
192.5368
 31
0.0
  0
LINE
  5
B73
330
1F
100
AcDbEntity
 67
     0
  8
Arch_Section_Handrail
  6
Continuous
 62
   256
 60
     0
 48
6.0
370
    -1
100
AcDbLine
 39
0.0
 10
527.689
 20
175.0294
 30
0.0
 11
532.9912
 21
178.3521
 31
0.0
  0
LINE
  5
B74
330
1F
100
AcDbEntity
 67
     0
  8
Arch_Section_Handrail
  6
Continuous
 62
   256
 60
     0
 48
1.0
370
    -1
100
AcDbLine
 39
0.0
 10
516.7177
 20
192.5368
 30
0.0
 11
519.2897
 21
194.1486
 31
0.0
  0
LINE
  5
B75
330
1F
100
AcDbEntity
 67
     0
  8
Arch_Section_Handrail
  6
Continuous
 62
   256
 60
     0
 48
0.1
370
    -1
100
AcDbLine
 39
0.0
 10
532.9912
 20
178.3521
 30
0.0
 11
532.9912
 21
186.4342
 31
0.0
  0
LINE
  5
B76
330
1F
100
AcDbEntity
 67
     0
  8
Arch_Section_Handrail
  6
Continuous
 62
   256
 60
     0
 48
6.0
370
    -1
100
AcDbLine
 39
0.0
 10
524.2392
 20
204.9211
 30
0.0
 11
533.7179
 21
210.8611
 31
0.0
  0
LINE
  5
B77
330
1F
100
AcDbEntity
 67
     0
  8
Arch_Section_Handrail
  6
Continuous
 62
   256
 60
     0
 48
6.0
370
    -1
100
AcDbLine
 39
0.0
 10
522.4125
 20
202.0062
 30
0.0
 11
533.9912
 21
209.2622
 31
0.0
  0
LINE
  5
B78
330
1F
100
AcDbEntity
 67
     0
  8
Arch_Section_Handrail
  6
Continuous
 62
   256
 60
     0
 48
6.0
370
    -1
100
AcDbLine
 39
0.0
 10
519.381
 20
201.8766
 30
0.0
 11
522.2959
 21
203.7033
 31
0.0
  0
LINE
  5
B79
330
1F
100
AcDbEntity
 67
     0
  8
Arch_Section_Handrail
  6
Continuous
 62
   256
 60
     0
 48
0.1
370
    -1
100
AcDbLine
 39
0.0
 10
517.5543
 20
198.9617
 30
0.0
 11
520.4692
 21
200.7884
 31
0.0
  0
LINE
  5
B7A
330
1F
100
AcDbEntity
 67
     0
  8
Arch_Section_Handrail
  6
Continuous
 62
   256
 60
     0
 48
1.0
370
    -1
100
AcDbLine
 39
0.0
 10
522.2959
 20
203.7033
 30
0.0
 11
524.2392
 21
204.9211
 31
0.0
  0
LINE
  5
B7B
330
1F
100
AcDbEntity
 67
     0
  8
Arch_Section_Handrail
  6
Continuous
 62
   256
 60
     0
 48
1.0
370
    -1
100
AcDbLine
 39
0.0
 10
520.4692
 20
200.7884
 30
0.0
 11
522.4125
 21
202.0062
 31
0.0
  0
LINE
  5
B7C
330
1F
100
AcDbEntity
 67
     0
  8
Arch_Section_Handrail
  6
Continuous
 62
   256
 60
     0
 48
6.0
370
    -1
100
AcDbLine
 39
0.0
 10
519.2897
 20
194.1486
 30
0.0
 11
532.9912
 21
202.7349
 31
0.0
  0
LINE
  5
B7D
330
1F
100
AcDbEntity
 67
     0
  8
Arch_Section_Handrail
  6
Continuous
 62
   256
 60
     0
 48
1.0
370
    -1
100
AcDbLine
 39
0.0
 10
432.8362
 20
252.4925
 30
0.0
 11
431.8362
 21
252.4925
 31
0.0
  0
LINE
  5
B7E
330
1F
100
AcDbEntity
 67
     0
  8
Arch_Section_Handrail
  6
Continuous
 62
   256
 60
     0
 48
1.0
370
    -1
100
AcDbLine
 39
0.0
 10
432.8362
 20
254.4925
 30
0.0
 11
431.8362
 21
254.4925
 31
0.0
  0
LINE
  5
B7F
330
1F
100
AcDbEntity
 67
     0
  8
Arch_Section_Handrail
  6
Continuous
 62
   256
 60
     0
 48
1.0
370
    -1
100
AcDbLine
 39
0.0
 10
432.8362
 20
270.4927
 30
0.0
 11
431.8362
 21
270.4927
 31
0.0
  0
LINE
  5
B80
330
1F
100
AcDbEntity
 67
     0
  8
Arch_Section_Handrail
  6
Continuous
 62
   256
 60
     0
 48
1.0
370
    -1
100
AcDbLine
 39
0.0
 10
432.8362
 20
268.4927
 30
0.0
 11
431.8362
 21
268.4927
 31
0.0
  0
LINE
  5
B81
330
1F
100
AcDbEntity
 67
     0
  8
Arch_Section_Handrail
  6
Continuous
 62
   256
 60
     0
 48
0.1
370
    -1
100
AcDbLine
 39
0.0
 10
437.2206
 20
250.2853
 30
0.0
 11
438.0649
 21
249.7494
 31
0.0
  0
LINE
  5
B82
330
1F
100
AcDbEntity
 67
     0
  8
Arch_Section_Handrail
  6
Continuous
 62
   256
 60
     0
 48
0.1
370
    -1
100
AcDbLine
 39
0.0
 10
438.2924
 20
251.9739
 30
0.0
 11
439.1367
 21
251.438
 31
0.0
  0
LINE
  5
B83
330
1F
100
AcDbEntity
 67
     0
  8
Arch_Section_Handrail
  6
Continuous
 62
   256
 60
     0
 48
0.1
370
    -1
100
AcDbLine
 39
0.0
 10
444.8539
 20
262.3114
 30
0.0
 11
445.6982
 21
261.7755
 31
0.0
  0
LINE
  5
B84
330
1F
100
AcDbEntity
 67
     0
  8
Arch_Section_Handrail
  6
Continuous
 62
   256
 60
     0
 48
0.1
370
    -1
100
AcDbLine
 39
0.0
 10
443.7821
 20
260.6229
 30
0.0
 11
444.6264
 21
260.087
 31
0.0
  0
LINE
  5
B85
330
1F
100
AcDbEntity
 67
     0
  8
Arch_Section_Handrail
  6
Continuous
 62
   256
 60
     0
 48
0.1
370
    -1
100
AcDbLine
 39
0.0
 10
532.9912
 20
190.7658
 30
0.0
 11
533.9912
 21
190.7658
 31
0.0
  0
LINE
  5
B86
330
1F
100
AcDbEntity
 67
     0
  8
Arch_Section_Handrail
  6
Continuous
 62
   256
 60
     0
 48
0.1
370
    -1
100
AcDbLine
 39
0.0
 10
532.9912
 20
192.7658
 30
0.0
 11
533.9912
 21
192.7658
 31
0.0
  0
LINE
  5
B87
330
1F
100
AcDbEntity
 67
     0
  8
Arch_Section_Handrail
  6
Continuous
 62
   256
 60
     0
 48
0.1
370
    -1
100
AcDbLine
 39
0.0
 10
518.6896
 20
198.9369
 30
0.0
 11
517.8423
 21
199.4679
 31
0.0
  0
LINE
  5
B88
330
1F
100
AcDbEntity
 67
     0
  8
Arch_Section_Handrail
  6
Continuous
 62
   256
 60
     0
 48
0.1
370
    -1
100
AcDbLine
 39
0.0
 10
519.7517
 20
200.6316
 30
0.0
 11
518.9043
 21
201.1627
 31
0.0
  0
LINE
  5
B89
330
1F
100
AcDbEntity
 67
     0
  8
Arch_Section_Handrail
  6
Continuous
 62
   256
 60
     0
 48
0.1
370
    -1
100
AcDbLine
 39
0.0
 10
525.9575
 20
210.5346
 30
0.0
 11
525.1101
 21
211.0656
 31
0.0
  0
LINE
  5
B8A
330
1F
100
AcDbEntity
 67
     0
  8
Arch_Section_Handrail
  6
Continuous
 62
   256
 60
     0
 48
0.1
370
    -1
100
AcDbLine
 39
0.0
 10
524.8955
 20
208.8398
 30
0.0
 11
524.0481
 21
209.3709
 31
0.0
  0
LINE
  5
B8B
330
1F
100
AcDbEntity
 67
     0
  8
Arch_Section_Handrail
  6
Continuous
 62
   256
 60
     0
 48
6.0
370
    -1
100
AcDbLine
 39
0.0
 10
525.2486
 20
177.0405
 30
0.0
 11
526.096
 21
177.5715
 31
0.0
  0
LINE
  5
B8C
330
1F
100
AcDbEntity
 67
     0
  8
Arch_Section_Handrail
  6
Continuous
 62
   256
 60
     0
 48
6.0
370
    -1
100
AcDbLine
 39
0.0
 10
524.1866
 20
178.7352
 30
0.0
 11
525.034
 21
179.2662
 31
0.0
  0
LINE
  5
B8D
330
1F
100
AcDbEntity
 67
     0
  8
Arch_Section_Handrail
  6
Continuous
 62
   256
 60
     0
 48
1.0
370
    -1
100
AcDbLine
 39
0.0
 10
517.4634
 20
189.4637
 30
0.0
 11
518.3108
 21
189.9947
 31
0.0
  0
LINE
  5
B8E
330
1F
100
AcDbEntity
 67
     0
  8
Arch_Section_Handrail
  6
Continuous
 62
   256
 60
     0
 48
1.0
370
    -1
100
AcDbLine
 39
0.0
 10
518.5254
 20
187.769
 30
0.0
 11
519.3728
 21
188.3
 31
0.0
  0
LINE
  5
B8F
330
1F
100
AcDbEntity
 67
     0
  8
Arch_Section_Handrail
  6
Continuous
 62
   256
 60
     0
 48
0.1
370
    -1
100
AcDbLine
 39
0.0
 10
533.9912
 20
184.5983
 30
0.0
 11
533.9912
 21
215.5281
 31
0.0
  0
LINE
  5
B90
330
1F
100
AcDbEntity
 67
     0
  8
Arch_Section_Handrail
  6
Continuous
 62
   256
 60
     0
 48
0.1
370
    -1
100
AcDbLine
 39
0.0
 10
535.4912
 20
183.6583
 30
0.0
 11
535.4912
 21
214.576
 31
0.0
  0
LINE
  5
B91
330
1F
100
AcDbEntity
 67
     0
  8
Arch_Section_Handrail
  6
Continuous
 62
   256
 60
     0
 48
6.0
370
    -1
100
AcDbLine
 39
0.0
 10
532.9912
 20
199.7349
 30
0.0
 11
533.9912
 21
199.7349
 31
0.0
  0
LINE
  5
B92
330
1F
100
AcDbEntity
 67
     0
  8
Arch_Section_Handrail
  6
Continuous
 62
   256
 60
     0
 48
6.0
370
    -1
100
AcDbLine
 39
0.0
 10
532.9912
 20
197.7349
 30
0.0
 11
533.9912
 21
197.7349
 31
0.0
  0
LINE
  5
B93
330
1F
100
AcDbEntity
 67
     0
  8
Arch_Section_Handrail
  6
Continuous
 62
   256
 60
     0
 48
6.0
370
    -1
100
AcDbLine
 39
0.0
 10
532.9912
 20
180.0204
 30
0.0
 11
533.9912
 21
180.0204
 31
0.0
  0
LINE
  5
B94
330
1F
100
AcDbEntity
 67
     0
  8
Arch_Section_Handrail
  6
Continuous
 62
   256
 60
     0
 48
6.0
370
    -1
100
AcDbLine
 39
0.0
 10
532.9912
 20
182.0204
 30
0.0
 11
533.9912
 21
182.0204
 31
0.0
  0
LINE
  5
B95
330
1F
100
AcDbEntity
 67
     0
  8
Arch_Section_Handrail
  6
Continuous
 62
   256
 60
     0
 48
1.0
370
    -1
100
AcDbLine
 39
0.0
 10
662.913
 20
561.8021
 30
0.0
 11
674.0035
 21
579.275
 31
0.0
  0
LINE
  5
B96
330
1F
100
AcDbEntity
 67
     0
  8
Arch_Section_Handrail
  6
Continuous
 62
   256
 60
     0
 48
1.0
370
    -1
100
AcDbLine
 39
0.0
 10
664.1661
 20
560.9773
 30
0.0
 11
675.2833
 21
578.4922
 31
0.0
  0
LINE
  5
B97
330
1F
100
AcDbEntity
 67
     0
  8
Arch_Section_Handrail
  6
Continuous
 62
   256
 60
     0
 48
1.0
370
    -1
100
AcDbLine
 39
0.0
 10
662.1429
 20
562.4548
 30
0.0
 11
670.8076
 21
576.1059
 31
0.0
  0
LINE
  5
B98
330
1F
100
AcDbEntity
 67
     0
  8
Arch_Section_Handrail
  6
Continuous
 62
   256
 60
     0
 48
1.0
370
    -1
100
AcDbLine
 39
0.0
 10
665.2459
 20
579.636
 30
0.0
 11
670.8076
 21
576.1059
 31
0.0
  0
LINE
  5
B99
330
1F
100
AcDbEntity
 67
     0
  8
Arch_Section_Handrail
  6
Continuous
 62
   256
 60
     0
 48
1.0
370
    -1
100
AcDbLine
 39
0.0
 10
671.9549
 20
574.4147
 30
0.0
 11
679.6138
 21
569.5534
 31
0.0
  0
LINE
  5
B9A
330
1F
100
AcDbEntity
 67
     0
  8
Arch_Section_Handrail
  6
Continuous
 62
   256
 60
     0
 48
1.0
370
    -1
100
AcDbLine
 39
0.0
 10
671.7545
 20
574.0989
 30
0.0
 11
679.585
 21
569.1288
 31
0.0
  0
LINE
  5
B9B
330
1F
100
AcDbEntity
 67
     0
  8
Arch_Section_Handrail
  6
Continuous
 62
   256
 60
     0
 48
1.0
370
    -1
100
AcDbLine
 39
0.0
 10
668.5392
 20
569.0332
 30
0.0
 11
677.2885
 21
563.4798
 31
0.0
  0
LINE
  5
B9C
330
1F
100
AcDbEntity
 67
     0
  8
Arch_Section_Handrail
  6
Continuous
 62
   256
 60
     0
 48
1.0
370
    -1
100
AcDbLine
 39
0.0
 10
668.7396
 20
569.349
 30
0.0
 11
677.5207
 21
563.7754
 31
0.0
  0
LINE
  5
B9D
330
1F
100
AcDbEntity
 67
     0
  8
Arch_Section_Handrail
  6
Continuous
 62
   256
 60
     0
 48
2.0
370
    -1
100
AcDbLine
 39
0.0
 10
667.5113
 20
574.6448
 30
0.0
 11
669.1999
 21
573.5731
 31
0.0
  0
LINE
  5
B9E
330
1F
100
AcDbEntity
 67
     0
  8
Arch_Section_Handrail
  6
Continuous
 62
   256
 60
     0
 48
2.0
370
    -1
100
AcDbLine
 39
0.0
 10
666.4396
 20
572.9563
 30
0.0
 11
668.1281
 21
571.8845
 31
0.0
  0
CIRCLE
  5
B9F
330
1F
100
AcDbEntity
 67
     0
  8
Dim
  6
Continuous
 62
   256
 60
     0
 48
0.1
370
    -1
100
AcDbCircle
 39
0.0
 10
669.2367
 20
570.0444
 30
0.0
 40
10.3887
  0
LINE
  5
BA0
330
1F
100
AcDbEntity
 67
     0
  8
Arch_Section_Handrail
  6
Continuous
 62
   256
 60
     0
 48
2.0
370
    -1
100
AcDbLine
 39
0.0
 10
666.4396
 20
572.9563
 30
0.0
 11
667.5113
 21
574.6448
 31
0.0
  0
LINE
  5
BA1
330
1F
100
AcDbEntity
 67
     0
  8
Arch_Section_Handrail
  6
Continuous
 62
   256
 60
     0
 48
0.1
370
    -1
100
AcDbLine
 39
0.0
 10
669.1999
 20
573.5731
 30
0.0
 11
670.0442
 21
573.0372
 31
0.0
  0
LINE
  5
BA2
330
1F
100
AcDbEntity
 67
     0
  8
Arch_Section_Handrail
  6
Continuous
 62
   256
 60
     0
 48
0.1
370
    -1
100
AcDbLine
 39
0.0
 10
668.1281
 20
571.8845
 30
0.0
 11
668.9724
 21
571.3486
 31
0.0
  0
LINE
  5
BA3
330
1F
100
AcDbEntity
 67
     0
  8
Arch_Section_Handrail
  6
Continuous
 62
   256
 60
     0
 48
1.0
370
    -1
100
AcDbLine
 39
0.0
 10
665.3238
 20
563.9675
 30
0.0
 11
671.6639
 21
559.9433
 31
0.0
  0
LINE
  5
BA4
330
1F
100
AcDbEntity
 67
     0
  8
Arch_Section_Handrail
  6
Continuous
 62
   256
 60
     0
 48
1.0
370
    -1
100
AcDbLine
 39
0.0
 10
665.5242
 20
564.2833
 30
0.0
 11
672.1555
 21
560.0742
 31
0.0
  0
LINE
  5
BA5
330
1F
100
AcDbEntity
 67
     0
  8
Arch_Section_Handrail
  6
Continuous
 62
   256
 60
     0
 48
0.1
370
    -1
100
AcDbLine
 39
0.0
 10
424.4112
 20
119.8447
 30
0.0
 11
420.1631
 21
126.6236
 31
0.0
  0
LINE
  5
BA6
330
1F
100
AcDbEntity
 67
     0
  8
Arch_Section_Handrail
  6
Continuous
 62
   256
 60
     0
 48
0.1
370
    -1
100
AcDbLine
 39
0.0
 10
429.9247
 20
118.5793
 30
0.0
 11
421.4285
 21
132.1371
 31
0.0
  0
LINE
  5
BA7
330
1F
100
AcDbEntity
 67
     0
  8
Arch_Section_Handrail
  6
Continuous
 62
   256
 60
     0
 48
0.1
370
    -1
100
AcDbLine
 39
0.0
 10
421.4285
 20
132.1371
 30
0.0
 11
421.4285
 21
132.1371
 31
0.0
  0
LINE
  5
BA8
330
1F
100
AcDbEntity
 67
     0
  8
Arch_Section_Handrail
  6
Continuous
 62
   256
 60
     0
 48
0.1
370
    -1
100
AcDbLine
 39
0.0
 10
429.9247
 20
118.5793
 30
0.0
 11
429.9247
 21
118.5793
 31
0.0
  0
ARC
  5
BA9
330
1F
100
AcDbEntity
 67
     0
  8
Arch_Section_Handrail
  6
Continuous
 62
   256
 60
     0
 48
0.1
370
    -1
100
AcDbCircle
 39
0.0
 10
423.5525
 20
128.7477
 30
0.0
 40
4.0
100
AcDbArc
 50
122.074
 51
212.074
  0
ARC
  5
BAA
330
1F
100
AcDbEntity
 67
     0
  8
Arch_Section_Handrail
  6
Continuous
 62
   256
 60
     0
 48
0.1
370
    -1
100
AcDbCircle
 39
0.0
 10
427.8006
 20
121.9687
 30
0.0
 40
4.0
100
AcDbArc
 50
212.074
 51
302.074
  0
LINE
  5
BAB
330
1F
100
AcDbEntity
 67
     0
  8
Arch_Section_Handrail
  6
Continuous
 62
   256
 60
     0
 48
0.1
370
    -1
100
AcDbLine
 39
0.0
 10
423.0215
 20
129.595
 30
0.0
 11
423.8689
 21
130.126
 31
0.0
  0
LINE
  5
BAC
330
1F
100
AcDbEntity
 67
     0
  8
Arch_Section_Handrail
  6
Continuous
 62
   256
 60
     0
 48
0.1
370
    -1
100
AcDbLine
 39
0.0
 10
424.0835
 20
127.9003
 30
0.0
 11
424.9309
 21
128.4313
 31
0.0
  0
LINE
  5
BAD
330
1F
100
AcDbEntity
 67
     0
  8
Arch_Section_Handrail
  6
Continuous
 62
   256
 60
     0
 48
0.1
370
    -1
100
AcDbLine
 39
0.0
 10
428.3316
 20
121.1214
 30
0.0
 11
429.179
 21
121.6524
 31
0.0
  0
LINE
  5
BAE
330
1F
100
AcDbEntity
 67
     0
  8
Arch_Section_Handrail
  6
Continuous
 62
   256
 60
     0
 48
0.1
370
    -1
100
AcDbLine
 39
0.0
 10
427.2696
 20
122.8161
 30
0.0
 11
428.117
 21
123.3471
 31
0.0
  0
LWPOLYLINE
  5
BAF
330
1F
100
AcDbEntity
 67
     0
  8
Arch_Section_Handrail
  6
Continuous
 62
   256
 60
     0
 48
0.1
370
    -1
100
AcDbPolyline
 90
        6
 70
     1
 10
667.5311
 20
573.7647
 10
667.2424
 20
573.2647
 10
667.5311
 20
572.7647
 10
668.1084
 20
572.7647
 10
668.3971
 20
573.2647
 10
668.1084
 20
573.7647
  0
CIRCLE
  5
BB0
330
1F
100
AcDbEntity
 67
     0
  8
Arch_Section_Handrail
  6
Continuous
 62
   256
 60
     0
 48
0.1
370
    -1
100
AcDbCircle
 39
0.0
 10
667.8197
 20
573.2647
 30
0.0
 40
0.25
  0
LINE
  5
BB1
330
1F
100
AcDbEntity
 67
     0
  8
Arch_Section_Handrail
  6
Continuous
 62
   256
 60
     0
 48
1.0
370
    -1
100
AcDbLine
 39
0.0
 10
664.8862
 20
564.9109
 30
0.0
 11
664.9918
 21
564.8439
 31
0.0
  0
LINE
  5
BB2
330
1F
100
AcDbEntity
 67
     0
  8
Arch_Section_Handrail
  6
Continuous
 62
   256
 60
     0
 48
1.0
370
    -1
100
AcDbLine
 39
0.0
 10
664.4843
 20
564.2777
 30
0.0
 11
664.5899
 21
564.2107
 31
0.0
  0
LINE
  5
BB3
330
1F
100
AcDbEntity
 67
     0
  8
Arch_Section_Handrail
  6
Continuous
 62
   256
 60
     0
 48
2.0
370
    -1
100
AcDbLine
 39
0.0
 10
665.612
 20
563.4885
 30
0.0
 11
666.0804
 21
564.2264
 31
0.0
  0
LINE
  5
BB4
330
1F
100
AcDbEntity
 67
     0
  8
Arch_Section_Handrail
  6
Continuous
 62
   256
 60
     0
 48
2.0
370
    -1
100
AcDbLine
 39
0.0
 10
663.0185
 20
561.7351
 30
0.0
 11
674.109
 21
579.208
 31
0.0
  0
LINE
  5
BB5
330
1F
100
AcDbEntity
 67
     0
  8
Arch_Section_Handrail
  6
Continuous
 62
   256
 60
     0
 48
2.0
370
    -1
100
AcDbLine
 39
0.0
 10
665.4679
 20
563.728
 30
0.0
 11
665.8023
 21
564.2548
 31
0.0
  0
LINE
  5
BB6
330
1F
100
AcDbEntity
 67
     0
  8
Arch_Section_Handrail
  6
Continuous
 62
   256
 60
     0
 48
2.0
370
    -1
100
AcDbLine
 39
0.0
 10
665.3238
 20
563.9675
 30
0.0
 11
665.5242
 21
564.2833
 31
0.0
  0
LINE
  5
BB7
330
1F
100
AcDbEntity
 67
     0
  8
Arch_Section_Handrail
  6
Continuous
 62
   256
 60
     0
 48
2.0
370
    -1
100
AcDbLine
 39
0.0
 10
664.0606
 20
561.0442
 30
0.0
 11
675.1777
 21
578.5591
 31
0.0
  0
LINE
  5
BB8
330
1F
100
AcDbEntity
 67
     0
  8
Arch_Section_Handrail
  6
Continuous
 62
   256
 60
     0
 48
1.0
370
    -1
100
AcDbLine
 39
0.0
 10
665.8023
 20
564.2548
 30
0.0
 11
666.0134
 21
564.1209
 31
0.0
  0
LINE
  5
BB9
330
1F
100
AcDbEntity
 67
     0
  8
Arch_Section_Handrail
  6
Continuous
 62
   256
 60
     0
 48
1.0
370
    -1
100
AcDbLine
 39
0.0
 10
665.4679
 20
563.728
 30
0.0
 11
665.679
 21
563.594
 31
0.0
  0
LINE
  5
BBA
330
1F
100
AcDbEntity
 67
     0
  8
Arch_Section_Handrail
  6
Continuous
 62
   256
 60
     0
 48
2.0
370
    -1
100
AcDbLine
 39
0.0
 10
668.8273
 20
568.5542
 30
0.0
 11
669.2957
 21
569.2921
 31
0.0
  0
LINE
  5
BBB
330
1F
100
AcDbEntity
 67
     0
  8
Arch_Section_Handrail
  6
Continuous
 62
   256
 60
     0
 48
2.0
370
    -1
100
AcDbLine
 39
0.0
 10
668.6833
 20
568.7937
 30
0.0
 11
669.0176
 21
569.3206
 31
0.0
  0
LINE
  5
BBC
330
1F
100
AcDbEntity
 67
     0
  8
Arch_Section_Handrail
  6
Continuous
 62
   256
 60
     0
 48
2.0
370
    -1
100
AcDbLine
 39
0.0
 10
668.5392
 20
569.0332
 30
0.0
 11
668.7396
 21
569.349
 31
0.0
  0
LINE
  5
BBD
330
1F
100
AcDbEntity
 67
     0
  8
Arch_Section_Handrail
  6
Continuous
 62
   256
 60
     0
 48
1.0
370
    -1
100
AcDbLine
 39
0.0
 10
669.0176
 20
569.3206
 30
0.0
 11
669.2287
 21
569.1866
 31
0.0
  0
LINE
  5
BBE
330
1F
100
AcDbEntity
 67
     0
  8
Arch_Section_Handrail
  6
Continuous
 62
   256
 60
     0
 48
1.0
370
    -1
100
AcDbLine
 39
0.0
 10
668.6833
 20
568.7937
 30
0.0
 11
668.8943
 21
568.6597
 31
0.0
  0
LINE
  5
BBF
330
1F
100
AcDbEntity
 67
     0
  8
Arch_Section_Handrail
  6
Continuous
 62
   256
 60
     0
 48
2.0
370
    -1
100
AcDbLine
 39
0.0
 10
672.0427
 20
573.6199
 30
0.0
 11
672.5111
 21
574.3578
 31
0.0
  0
LINE
  5
BC0
330
1F
100
AcDbEntity
 67
     0
  8
Arch_Section_Handrail
  6
Continuous
 62
   256
 60
     0
 48
2.0
370
    -1
100
AcDbLine
 39
0.0
 10
671.8986
 20
573.8594
 30
0.0
 11
672.233
 21
574.3863
 31
0.0
  0
LINE
  5
BC1
330
1F
100
AcDbEntity
 67
     0
  8
Arch_Section_Handrail
  6
Continuous
 62
   256
 60
     0
 48
2.0
370
    -1
100
AcDbLine
 39
0.0
 10
671.7545
 20
574.0989
 30
0.0
 11
671.9549
 21
574.4147
 31
0.0
  0
LINE
  5
BC2
330
1F
100
AcDbEntity
 67
     0
  8
Arch_Section_Handrail
  6
Continuous
 62
   256
 60
     0
 48
1.0
370
    -1
100
AcDbLine
 39
0.0
 10
672.233
 20
574.3863
 30
0.0
 11
672.4441
 21
574.2523
 31
0.0
  0
LINE
  5
BC3
330
1F
100
AcDbEntity
 67
     0
  8
Arch_Section_Handrail
  6
Continuous
 62
   256
 60
     0
 48
1.0
370
    -1
100
AcDbLine
 39
0.0
 10
671.8986
 20
573.8594
 30
0.0
 11
672.1097
 21
573.7255
 31
0.0
  0
LINE
  5
BC4
330
1F
100
AcDbEntity
 67
     0
  8
Arch_Section_Handrail
  6
Continuous
 62
   256
 60
     0
 48
1.0
370
    -1
100
AcDbLine
 39
0.0
 10
668.2071
 20
569.9096
 30
0.0
 11
668.1016
 21
569.9766
 31
0.0
  0
LINE
  5
BC5
330
1F
100
AcDbEntity
 67
     0
  8
Arch_Section_Handrail
  6
Continuous
 62
   256
 60
     0
 48
1.0
370
    -1
100
AcDbLine
 39
0.0
 10
667.8052
 20
569.2764
 30
0.0
 11
667.6997
 21
569.3434
 31
0.0
  0
LINE
  5
BC6
330
1F
100
AcDbEntity
 67
     0
  8
Arch_Section_Handrail
  6
Continuous
 62
   256
 60
     0
 48
1.0
370
    -1
100
AcDbLine
 39
0.0
 10
671.4225
 20
574.9754
 30
0.0
 11
671.3169
 21
575.0423
 31
0.0
  0
LINE
  5
BC7
330
1F
100
AcDbEntity
 67
     0
  8
Arch_Section_Handrail
  6
Continuous
 62
   256
 60
     0
 48
1.0
370
    -1
100
AcDbLine
 39
0.0
 10
671.0206
 20
574.3421
 30
0.0
 11
670.915
 21
574.4091
 31
0.0
  0
LWPOLYLINE
  5
BC8
330
1F
100
AcDbEntity
 67
     0
  8
Arch_Section_Wall
  6
Continuous
 62
   256
 60
     0
 48
1.0
370
    -1
100
AcDbPolyline
 90
        4
 70
     1
 10
532.9912
 20
103.6885
 10
536.4912
 20
103.6885
 10
536.4912
 20
105.1885
 10
532.9912
 20
105.1885
  0
LWPOLYLINE
  5
BC9
330
1F
100
AcDbEntity
 67
     0
  8
Arch_Section_Wall
  6
Continuous
 62
   256
 60
     0
 48
1.0
370
    -1
100
AcDbPolyline
 90
        4
 70
     1
 10
532.9912
 20
162.6885
 10
536.4912
 20
162.6885
 10
536.4912
 20
164.1885
 10
532.9912
 20
164.1885
  0
LINE
  5
BCA
330
1F
100
AcDbEntity
 67
     0
  8
Arch_Section_Wall
  6
Continuous
 62
   256
 60
     0
 48
1.0
370
    -1
100
AcDbLine
 39
0.0
 10
532.4912
 20
174.1885
 30
0.0
 11
532.9912
 21
174.1885
 31
0.0
  0
LINE
  5
BCB
330
1F
100
AcDbEntity
 67
     0
  8
Arch_Section_Wall
  6
Continuous
 62
   256
 60
     0
 48
1.0
370
    -1
100
AcDbLine
 39
0.0
 10
536.4912
 20
164.1885
 30
0.0
 11
536.9912
 21
164.1885
 31
0.0
  0
LINE
  5
BCC
330
1F
100
AcDbEntity
 67
     0
  8
Arch_Section_Wall
  6
Continuous
 62
   256
 60
     0
 48
1.0
370
    -1
100
AcDbLine
 39
0.0
 10
588.4912
 20
164.1885
 30
0.0
 11
587.9912
 21
164.1885
 31
0.0
  0
LINE
  5
BCD
330
1F
100
AcDbEntity
 67
     0
  8
Arch_Section_Wall
  6
Continuous
 62
   256
 60
     0
 48
0.1
370
    -1
100
AcDbLine
 39
0.0
 10
588.4912
 20
174.1885
 30
0.0
 11
587.9912
 21
174.1885
 31
0.0
  0
LINE
  5
BCE
330
1F
100
AcDbEntity
 67
     0
  8
Arch_Section_Handrail
  6
Continuous
 62
   256
 60
     0
 48
1.0
370
    -1
100
AcDbLine
 39
0.0
 10
533.9912
 20
210.8611
 30
0.0
 11
533.7179
 21
210.8611
 31
0.0
  0
LINE
  5
BCF
330
1F
100
AcDbEntity
 67
     0
  8
Arch_Section_Handrail
  6
Continuous
 62
   256
 60
     0
 48
0.1
370
    -1
100
AcDbLine
 39
0.0
 10
430.3362
 20
285.1885
 30
0.0
 11
431.8362
 21
285.1885
 31
0.0
  0
LINE
  5
BD0
330
1F
100
AcDbEntity
 67
     0
  8
Arch_Section_Ceiling
  6
Continuous
 62
   256
 60
     0
 48
1.0
370
    -1
100
AcDbLine
 39
0.0
 10
594.7412
 20
492.9385
 30
0.0
 11
322.7412
 21
492.9385
 31
0.0
  0
LINE
  5
BD1
330
1F
100
AcDbEntity
 67
     0
  8
Arch_Section_Ceiling
  6
Continuous
 62
   256
 60
     0
 48
1.0
370
    -1
100
AcDbLine
 39
0.0
 10
593.7412
 20
491.1885
 30
0.0
 11
323.7412
 21
491.1885
 31
0.0
  0
LINE
  5
BD2
330
1F
100
AcDbEntity
 67
     0
  8
Arch_Section_Ceiling
  6
Continuous
 62
   256
 60
     0
 48
1.0
370
    -1
100
AcDbLine
 39
0.0
 10
593.7412
 20
469.1885
 30
0.0
 11
323.7412
 21
469.1885
 31
0.0
  0
LINE
  5
BD3
330
1F
100
AcDbEntity
 67
     0
  8
Arch_Section_Ceiling
  6
Continuous
 62
   256
 60
     0
 48
1.0
370
    -1
100
AcDbLine
 39
0.0
 10
323.7412
 20
467.4385
 30
0.0
 11
323.7412
 21
492.9385
 31
0.0
  0
LINE
  5
BD4
330
1F
100
AcDbEntity
 67
     0
  8
Arch_Section_Ceiling
  6
Continuous
 62
   256
 60
     0
 48
1.0
370
    -1
100
AcDbLine
 39
0.0
 10
593.7412
 20
467.4385
 30
0.0
 11
593.7412
 21
492.9385
 31
0.0
  0
LINE
  5
BD5
330
1F
100
AcDbEntity
 67
     0
  8
Arch_Section_Insul
  6
BATTING
 62
   256
 60
     0
 48
0.1
370
    -1
100
AcDbLine
 39
0.0
 10
593.7412
 20
472.1885
 30
0.0
 11
323.7412
 21
472.1885
 31
0.0
  0
LINE
  5
BD6
330
1F
100
AcDbEntity
 67
     0
  8
Arch_Section_Ceiling
  6
Continuous
 62
   256
 60
     0
 48
1.0
370
    -1
100
AcDbLine
 39
0.0
 10
588.4912
 20
442.9385
 30
0.0
 11
329.7412
 21
442.9385
 31
0.0
  0
LINE
  5
BD7
330
1F
100
AcDbEntity
 67
     0
  8
Arch_Section_Ceiling
  6
Continuous
 62
   256
 60
     0
 48
1.0
370
    -1
100
AcDbLine
 39
0.0
 10
588.4912
 20
443.4385
 30
0.0
 11
329.7412
 21
443.4385
 31
0.0
  0
LINE
  5
BD8
330
1F
100
AcDbEntity
 67
     0
  8
Arch_Section_Insul
  6
BATTING
 62
   256
 60
     0
 48
0.1
370
    -1
100
AcDbLine
 39
0.0
 10
326.2412
 20
465.9385
 30
0.0
 11
326.2412
 21
246.1885
 31
0.0
  0
LINE
  5
BD9
330
1F
100
AcDbEntity
 67
     0
  8
Arch_Section_Insul
  6
BATTING
 62
   256
 60
     0
 48
0.1
370
    -1
100
AcDbLine
 39
0.0
 10
591.2412
 20
465.9385
 30
0.0
 11
591.2412
 21
240.6885
 31
0.0
  0
LINE
  5
BDA
330
1F
100
AcDbEntity
 67
     0
  8
Arch_Section_Insul
  6
BATTING
 62
   256
 60
     0
 48
0.1
370
    -1
100
AcDbLine
 39
0.0
 10
591.2412
 20
162.6885
 30
0.0
 11
591.2412
 21
105.1885
 31
0.0
  0
LINE
  5
BDB
330
1F
100
AcDbEntity
 67
     0
  8
Arch_Section_Insul
  6
BATTING
 62
   256
 60
     0
 48
0.1
370
    -1
100
AcDbLine
 39
0.0
 10
326.2412
 20
227.8135
 30
0.0
 11
326.2412
 21
105.1885
 31
0.0
  0
LINE
  5
BDC
330
1F
100
AcDbEntity
 67
     0
  8
Arch_Section_Insul
  6
BATTING
 62
   256
 60
     0
 48
0.1
370
    -1
100
AcDbLine
 39
0.0
 10
591.8462
 20
165.0105
 30
0.0
 11
591.8462
 21
173.476
 31
0.0
  0
LINE
  5
BDD
330
1F
100
AcDbEntity
 67
     0
  8
Arch_Section_Insul
  6
BATTING
 62
   256
 60
     0
 48
0.1
370
    -1
100
AcDbLine
 39
0.0
 10
325.0537
 20
229.626
 30
0.0
 11
325.0537
 21
238.876
 31
0.0
  0
LINE
  5
BDE
330
1F
100
AcDbEntity
 67
     0
  8
Arch_Section_VP
  6
HIDDEN
 62
   256
 60
     0
 48
5.0
370
    -1
100
AcDbLine
 39
0.0
 10
328.6162
 20
105.1885
 30
0.0
 11
328.6162
 21
227.8135
 31
0.0
  0
LINE
  5
BDF
330
1F
100
AcDbEntity
 67
     0
  8
Arch_Section_VP
  6
HIDDEN
 62
   256
 60
     0
 48
5.0
370
    -1
100
AcDbLine
 39
0.0
 10
328.6162
 20
467.8135
 30
0.0
 11
328.6162
 21
246.1885
 31
0.0
  0
LINE
  5
BE0
330
1F
100
AcDbEntity
 67
     0
  8
Arch_Section_VP
  6
HIDDEN
 62
   256
 60
     0
 48
5.0
370
    -1
100
AcDbLine
 39
0.0
 10
589.6162
 20
467.8135
 30
0.0
 11
328.6162
 21
467.8135
 31
0.0
  0
LINE
  5
BE1
330
1F
100
AcDbEntity
 67
     0
  8
Arch_Section_VP
  6
HIDDEN
 62
   256
 60
     0
 48
5.0
370
    -1
100
AcDbLine
 39
0.0
 10
589.6162
 20
467.8135
 30
0.0
 11
589.6162
 21
175.6885
 31
0.0
  0
LINE
  5
BE2
330
1F
100
AcDbEntity
 67
     0
  8
Arch_Section_VP
  6
HIDDEN
 62
   256
 60
     0
 48
5.0
370
    -1
100
AcDbLine
 39
0.0
 10
589.6162
 20
162.6885
 30
0.0
 11
589.6162
 21
105.1885
 31
0.0
  0
LINE
  5
BE3
330
1F
100
AcDbEntity
 67
     0
  8
Arch_Section_Insul
  6
BATTING
 62
   256
 60
     0
 48
0.1
370
    -1
100
AcDbLine
 39
0.0
 10
591.2412
 20
229.3135
 30
0.0
 11
591.2412
 21
175.6885
 31
0.0
  0
LINE
  5
BE4
330
1F
100
AcDbEntity
 67
     0
  8
Arch_Section_Wall
  6
Continuous
 62
   256
 60
     0
 48
1.0
370
    -1
100
AcDbLine
 39
0.0
 10
588.4912
 20
239.1885
 30
0.0
 11
588.4912
 21
467.4385
 31
0.0
  0
LINE
  5
BE5
330
1F
100
AcDbEntity
 67
     0
  8
Arch_Section_Wall
  6
Continuous
 62
   256
 60
     0
 48
1.0
370
    -1
100
AcDbLine
 39
0.0
 10
587.9912
 20
239.1885
 30
0.0
 11
587.9912
 21
466.9385
 31
0.0
  0
LWPOLYLINE
  5
BE6
330
1F
100
AcDbEntity
 67
     0
  8
Arch_Section_Wall
  6
Continuous
 62
   256
 60
     0
 48
1.0
370
    -1
100
AcDbPolyline
 90
        4
 70
     1
 10
588.4912
 20
239.1885
 10
593.9912
 20
239.1885
 10
593.9912
 20
240.6885
 10
588.4912
 20
240.6885
  0
LINE
  5
BE7
330
1F
100
AcDbEntity
 67
     0
  8
Arch_Detail_Door
  6
Continuous
 62
   256
 60
     0
 48
1.0
370
    -1
100
AcDbLine
 39
0.0
 10
331.4912
 20
244.6885
 30
0.0
 11
373.7412
 21
244.6885
 31
0.0
  0
LINE
  5
BE8
330
1F
100
AcDbEntity
 67
     0
  8
Arch_Detail_Door
  6
Continuous
 62
   256
 60
     0
 48
1.0
370
    -1
100
AcDbLine
 39
0.0
 10
373.7412
 20
244.6885
 30
0.0
 11
373.7412
 21
245.4385
 31
0.0
  0
LINE
  5
BE9
330
1F
100
AcDbEntity
 67
     0
  8
Arch_Detail_Door
  6
Continuous
 62
   256
 60
     0
 48
1.0
370
    -1
100
AcDbLine
 39
0.0
 10
333.4912
 20
328.6885
 30
0.0
 11
333.4912
 21
245.4385
 31
0.0
  0
LINE
  5
BEA
330
1F
100
AcDbEntity
 67
     0
  8
Arch_Detail_Door
  6
Continuous
 62
   256
 60
     0
 48
1.0
370
    -1
100
AcDbLine
 39
0.0
 10
373.7412
 20
244.6885
 30
0.0
 11
373.7412
 21
328.6885
 31
0.0
  0
LINE
  5
BEB
330
1F
100
AcDbEntity
 67
     0
  8
Arch_Detail_Door
  6
Continuous
 62
   256
 60
     0
 48
1.0
370
    -1
100
AcDbLine
 39
0.0
 10
373.7412
 20
244.6885
 30
0.0
 11
373.7412
 21
328.6885
 31
0.0
  0
LINE
  5
BEC
330
1F
100
AcDbEntity
 67
     0
  8
Arch_Detail_Door
  6
Continuous
 62
   256
 60
     0
 48
1.0
370
    -1
100
AcDbLine
 39
0.0
 10
375.7412
 20
244.6885
 30
0.0
 11
373.7412
 21
244.6885
 31
0.0
  0
LINE
  5
BED
330
1F
100
AcDbEntity
 67
     0
  8
Arch_Detail_Door
  6
Continuous
 62
   256
 60
     0
 48
1.0
370
    -1
100
AcDbLine
 39
0.0
 10
331.4912
 20
330.6885
 30
0.0
 11
331.4912
 21
244.6885
 31
0.0
  0
LINE
  5
BEE
330
1F
100
AcDbEntity
 67
     0
  8
Arch_Detail_Door
  6
Continuous
 62
   256
 60
     0
 48
1.0
370
    -1
100
AcDbLine
 39
0.0
 10
375.7412
 20
244.6885
 30
0.0
 11
375.7412
 21
330.6885
 31
0.0
  0
LINE
  5
BEF
330
1F
100
AcDbEntity
 67
     0
  8
Arch_Detail_Door
  6
Continuous
 62
   256
 60
     0
 48
1.0
370
    -1
100
AcDbLine
 39
0.0
 10
375.7412
 20
330.6885
 30
0.0
 11
331.4912
 21
330.6885
 31
0.0
  0
LINE
  5
BF0
330
1F
100
AcDbEntity
 67
     0
  8
Arch_Detail_Door
  6
Continuous
 62
   256
 60
     0
 48
1.0
370
    -1
100
AcDbLine
 39
0.0
 10
333.4912
 20
245.4385
 30
0.0
 11
373.7412
 21
245.4385
 31
0.0
  0
LINE
  5
BF1
330
1F
100
AcDbEntity
 67
     0
  8
Arch_Detail_Door
  6
Continuous
 62
   256
 60
     0
 48
1.0
370
    -1
100
AcDbLine
 39
0.0
 10
333.4912
 20
245.4385
 30
0.0
 11
333.4912
 21
244.6885
 31
0.0
  0
LINE
  5
BF2
330
1F
100
AcDbEntity
 67
     0
  8
Arch_Detail_Door
  6
Continuous
 62
   256
 60
     0
 48
1.0
370
    -1
100
AcDbLine
 39
0.0
 10
373.7412
 20
245.4385
 30
0.0
 11
373.7412
 21
328.6885
 31
0.0
  0
LINE
  5
BF3
330
1F
100
AcDbEntity
 67
     0
  8
Arch_Detail_Door
  6
Continuous
 62
   256
 60
     0
 48
1.0
370
    -1
100
AcDbLine
 39
0.0
 10
373.7412
 20
328.6885
 30
0.0
 11
333.4912
 21
328.6885
 31
0.0
  0
LINE
  5
BF4
330
1F
100
AcDbEntity
 67
     0
  8
Arch_Detail_Door
  6
Continuous
 62
   256
 60
     0
 48
1.0
370
    -1
100
AcDbLine
 39
0.0
 10
367.7412
 20
322.6885
 30
0.0
 11
339.4912
 21
322.6885
 31
0.0
  0
LINE
  5
BF5
330
1F
100
AcDbEntity
 67
     0
  8
Arch_Detail_Door
  6
Continuous
 62
   256
 60
     0
 48
1.0
370
    -1
100
AcDbLine
 39
0.0
 10
339.4912
 20
322.6885
 30
0.0
 11
339.4912
 21
290.4385
 31
0.0
  0
LINE
  5
BF6
330
1F
100
AcDbEntity
 67
     0
  8
Arch_Detail_Door
  6
Continuous
 62
   256
 60
     0
 48
1.0
370
    -1
100
AcDbLine
 39
0.0
 10
339.4912
 20
290.4385
 30
0.0
 11
367.7412
 21
290.4385
 31
0.0
  0
LINE
  5
BF7
330
1F
100
AcDbEntity
 67
     0
  8
Arch_Detail_Door
  6
Continuous
 62
   256
 60
     0
 48
1.0
370
    -1
100
AcDbLine
 39
0.0
 10
367.7412
 20
290.4385
 30
0.0
 11
367.7412
 21
322.6885
 31
0.0
  0
DIMENSION
  5
BF8
330
1F
100
AcDbEntity
 67
     0
  8
Dim @ 48
  6
Continuous
 62
   256
 60
     0
 48
1.0
370
    -1
100
AcDbDimension
  2
*D23
 10
624.8026
 20
103.6885
 30
0.0
 11
624.8026
 21
298.6885
 31
0.0
 70
     0
  1

 71
     5
 72
     1
 41
1.0
 42
390.0
 53
0.0
 51
0.0
210
0.0
220
0.0
230
1.0
  3
ROMANS
100
AcDbAlignedDimension
 13
594.7413
 23
493.6885
 33
0.0
 14
594.7413
 24
103.6885
 34
0.0
 50
90.0
100
AcDbRotatedDimension
1001
AcadAnnotative
1000
AnnotativeData
1002
{
1070
     1
1070
     0
1002
}
1001
ACAD
1000
DSTYLE
1002
{
1070
    40
1040
48.0
1070
   147
1040
0.0625
1070
   141
1040
0.0625
1070
    42
1040
0.0938
1070
    44
1040
0.0938
1070
    41
1040
0.0938
1070
   140
1040
0.0781
1070
   279
1070
     2
1070
   289
1070
     0
1070
   174
1070
     0
1070
   175
1070
     0
1070
   172
1070
     0
1002
}
  0
DIMENSION
  5
BF9
330
1F
100
AcDbEntity
 67
     0
  8
Dim @ 48
  6
Continuous
 62
   256
 60
     0
 48
1.0
370
    -1
100
AcDbDimension
  2
*D24
 10
304.2139
 20
244.6885
 30
0.0
 11
304.2139
 21
174.1885
 31
0.0
 70
     0
  1

 71
     5
 72
     1
 41
1.0
 42
141.0
 53
0.0
 51
0.0
210
0.0
220
0.0
230
1.0
  3
ROMANS
100
AcDbAlignedDimension
 13
322.7412
 23
103.6885
 33
0.0
 14
322.7412
 24
244.6885
 34
0.0
 50
90.0
100
AcDbRotatedDimension
1001
AcadAnnotative
1000
AnnotativeData
1002
{
1070
     1
1070
     0
1002
}
1001
ACAD
1000
DSTYLE
1002
{
1070
    40
1040
48.0
1070
   147
1040
0.0625
1070
   141
1040
0.0625
1070
    42
1040
0.0938
1070
    44
1040
0.0938
1070
    41
1040
0.0938
1070
   140
1040
0.0781
1070
   279
1070
     2
1070
   289
1070
     0
1070
   174
1070
     0
1070
   175
1070
     0
1070
   172
1070
     0
1002
}
  0
DIMENSION
  5
BFA
330
1F
100
AcDbEntity
 67
     0
  8
Dim @ 48
  6
Continuous
 62
   256
 60
     0
 48
1.0
370
    -1
100
AcDbDimension
  2
*D25
 10
304.2139
 20
493.6885
 30
0.0
 11
304.2139
 21
369.1885
 31
0.0
 70
     0
  1

 71
     5
 72
     1
 41
1.0
 42
249.0
 53
0.0
 51
0.0
210
0.0
220
0.0
230
1.0
  3
ROMANS
100
AcDbAlignedDimension
 13
304.2139
 23
244.6885
 33
0.0
 14
322.7412
 24
493.6885
 34
0.0
 50
90.0
100
AcDbRotatedDimension
1001
AcadAnnotative
1000
AnnotativeData
1002
{
1070
     1
1070
     0
1002
}
1001
ACAD
1000
DSTYLE
1002
{
1070
    40
1040
48.0
1070
   147
1040
0.0625
1070
   141
1040
0.0625
1070
    42
1040
0.0938
1070
    44
1040
0.0938
1070
    41
1040
0.0938
1070
   140
1040
0.0781
1070
   279
1070
     2
1070
   289
1070
     0
1070
   174
1070
     0
1070
   175
1070
     0
1070
   172
1070
     0
1002
}
  0
DIMENSION
  5
BFB
330
1F
100
AcDbEntity
 67
     0
  8
Dim @ 48
  6
Continuous
 62
   256
 60
     0
 48
1.0
370
    -1
100
AcDbDimension
  2
*D26
 10
408.6219
 20
244.6885
 30
0.0
 11
408.6219
 21
265.6885
 31
0.0
 70
     0
  1

 71
     5
 72
     1
 41
1.0
 42
42.0
 53
0.0
 51
0.0
210
0.0
220
0.0
230
1.0
  3
ROMANS-beside
100
AcDbAlignedDimension
 13
429.8662
 23
286.6885
 33
0.0
 14
429.8662
 24
244.6885
 34
0.0
 50
90.0
100
AcDbRotatedDimension
1001
AcadAnnotative
1000
AnnotativeData
1002
{
1070
     1
1070
     0
1002
}
1001
ACAD
1000
DSTYLE
1002
{
1070
    40
1040
48.0
1070
   147
1040
0.0625
1070
   141
1040
0.0625
1070
    42
1040
0.0938
1070
    44
1040
0.0938
1070
    41
1040
0.0938
1070
   140
1040
0.0781
1070
   279
1070
     0
1070
   289
1070
     0
1070
   174
1070
     0
1070
   175
1070
     0
1070
   172
1070
     0
1002
}
  0
DIMENSION
  5
C16
330
1F
100
AcDbEntity
 67
     0
  8
Dim @ 24
  6
Continuous
 62
   256
 60
     0
 48
0.1
370
    -1
100
AcDbDimension
  2
*D27
 10
430.516
 20
172.3524
 30
0.0
 11
424.516
 21
172.3524
 31
0.0
 70
     0
  1

 71
     5
 72
     1
 41
1.0
 42
12.0
 53
0.0
 51
0.0
210
0.0
220
0.0
230
1.0
  3
ROMANS-beside
100
AcDbAlignedDimension
 13
418.516
 23
138.6679
 33
0.0
 14
430.516
 24
110.8246
 34
0.0
 50
0.0
100
AcDbRotatedDimension
1001
AcadAnnotative
1000
AnnotativeData
1002
{
1070
     1
1070
     0
1002
}
1001
ACAD
1000
DSTYLE
1002
{
1070
    40
1040
24.0
1070
   147
1040
0.0625
1070
   141
1040
0.0625
1070
    42
1040
0.0938
1070
    44
1040
0.0938
1070
    41
1040
0.0938
1070
   140
1040
0.0781
1070
   279
1070
     0
1070
   289
1070
     0
1070
   174
1070
     0
1070
   175
1070
     0
1070
   172
1070
     0
1002
}
  0
DIMENSION
  5
C17
330
1F
100
AcDbEntity
 67
     0
  8
Dim @ 24
  6
Continuous
 62
   256
 60
     0
 48
0.1
370
    -1
100
AcDbDimension
  2
*D28
 10
465.2988
 20
174.729
 30
0.0
 11
465.2988
 21
156.729
 31
0.0
 70
     0
  1

 71
     5
 72
     1
 41
1.0
 42
36.0
 53
0.0
 51
0.0
210
0.0
220
0.0
230
1.0
  3
ROMANS-beside
100
AcDbAlignedDimension
 13
477.516
 23
138.729
 33
0.0
 14
477.516
 24
174.729
 34
0.0
 50
90.0
100
AcDbRotatedDimension
1001
AcadAnnotative
1000
AnnotativeData
1002
{
1070
     1
1070
     0
1002
}
1001
ACAD
1000
DSTYLE
1002
{
1070
    40
1040
24.0
1070
   147
1040
0.0625
1070
   141
1040
0.0625
1070
    42
1040
0.0938
1070
    44
1040
0.0938
1070
    41
1040
0.0938
1070
   140
1040
0.0781
1070
   279
1070
     0
1070
   289
1070
     0
1070
   174
1070
     0
1070
   175
1070
     0
1070
   172
1070
     0
1002
}
  0
DIMENSION
  5
C18
330
1F
100
AcDbEntity
 67
     0
  8
Dim @ 24
  6
Continuous
 62
   256
 60
     0
 48
0.1
370
    -1
100
AcDbDimension
  2
*D29
 10
474.7983
 20
223.329
 30
0.0
 11
474.7983
 21
241.329
 31
0.0
 70
     0
  1

 71
     5
 72
     1
 41
1.0
 42
36.0
 53
0.0
 51
0.0
210
0.0
220
0.0
230
1.0
  3
ROMANS-beside
100
AcDbAlignedDimension
 13
464.0752
 23
259.329
 33
0.0
 14
464.0752
 24
223.329
 34
0.0
 50
90.0
100
AcDbRotatedDimension
1001
AcadAnnotative
1000
AnnotativeData
1002
{
1070
     1
1070
     0
1002
}
1001
ACAD
1000
DSTYLE
1002
{
1070
    40
1040
24.0
1070
   147
1040
0.0625
1070
   141
1040
0.0625
1070
    42
1040
0.0938
1070
    44
1040
0.0938
1070
    41
1040
0.0938
1070
   140
1040
0.0781
1070
   279
1070
     0
1070
   289
1070
     0
1070
   174
1070
     0
1070
   175
1070
     0
1070
   172
1070
     0
1002
}
  0
LINE
  5
C22
330
1F
100
AcDbEntity
 67
     0
  8
Dim
  6
Continuous
 62
   256
 60
     0
 48
0.2
370
    -1
100
AcDbLine
 39
0.0
 10
536.0212
 20
174.1885
 30
0.0
 11
583.613
 21
174.1885
 31
0.0
  0
MTEXT
  5
C25
330
1F
100
AcDbEntity
 67
     0
  8
Dim @ 24
  6
Continuous
 62
   256
 60
     0
 48
0.1
370
    -1
100
AcDbMText
 10
540.7366
 20
176.972
 30
0.0
210
0.0
220
0.0
230
1.0
 40
1.44
 41
0.0
 50
0.0
 71
     1
 72
     1
  1
\A1;ELEV. 5'-10\H0.7x;\S1/2;" TOP OF LANDING
  7
ROMANS
 11
1.0
 21
0.0
 31
0.0
 42
33.0648
 73
     1
 44
1.0
 90
        0
 75
     0
 78
     0
 79
     0
 48
0.0
 49
0.0
1001
AcadAnnotative
1000
AnnotativeData
1002
{
1070
     1
1070
     0
1002
}
  0
LINE
  5
C26
330
1F
100
AcDbEntity
 67
     0
  8
Dim
  6
Continuous
 62
   256
 60
     0
 48
0.2
370
    -1
100
AcDbLine
 39
0.0
 10
377.087
 20
244.6885
 30
0.0
 11
430.3362
 21
244.6885
 31
0.0
  0
MTEXT
  5
C27
330
1F
100
AcDbEntity
 67
     0
  8
Dim @ 24
  6
Continuous
 62
   256
 60
     0
 48
0.1
370
    -1
100
AcDbMText
 10
378.9736
 20
247.472
 30
0.0
210
0.0
220
0.0
230
1.0
 40
1.44
 41
0.0
 50
0.0
 71
     1
 72
     1
  1
ELEV. 11'-9" TOP OF SECOND FLR.
  7
ROMANS
 11
1.0
 21
0.0
 31
0.0
 42
45.7371
 73
     1
 44
1.0
 90
        0
 75
     0
 78
     0
 79
     0
 48
0.0
 49
0.0
1001
AcadAnnotative
1000
AnnotativeData
1002
{
1070
     1
1070
     0
1002
}
  0
DIMENSION
  5
C28
330
1F
100
AcDbEntity
 67
     0
  8
Dim @ 24
  6
Continuous
 62
   256
 60
     0
 48
0.1
370
    -1
100
AcDbDimension
  2
*D30
 10
420.4403
 20
125.5072
 30
0.0
 11
411.6584
 21
120.0039
 31
0.0
 70
     0
  1

 71
     5
 72
     1
 41
1.0
 42
4.0
 53
0.0
 51
0.0
210
0.0
220
0.0
230
1.0
  3
ROMANS-beside
100
AcDbAlignedDimension
 13
424.3331
 23
126.8281
 33
0.0
 14
420.9437
 24
124.704
 34
0.0
 50
32.074
100
AcDbRotatedDimension
1001
AcadAnnotative
1000
AnnotativeData
1002
{
1070
     1
1070
     0
1002
}
1001
ACAD
1000
DSTYLE
1002
{
1070
    40
1040
24.0
1070
   147
1040
0.0625
1070
   141
1040
0.0625
1070
    42
1040
0.0938
1070
    44
1040
0.0938
1070
    41
1040
0.0938
1070
   140
1040
0.0781
1070
   279
1070
     0
1070
   289
1070
     0
1070
   174
1070
     0
1070
   175
1070
     0
1070
   172
1070
     0
1002
}
  0
DIMENSION
  5
C2B
330
1F
100
AcDbEntity
 67
     0
  8
Dim @ 24
  6
Continuous
 62
   256
 60
     0
 48
0.1
370
    -1
100
AcDbDimension
  2
*D31
 10
488.6636
 20
159.4399
 30
0.0
 11
479.6259
 21
157.3166
 31
0.0
 70
     0
  1

 71
     5
 72
     1
 41
1.0
 42
6.0
 53
0.0
 51
0.0
210
0.0
220
0.0
230
1.0
  3
ROMANS
100
AcDbAlignedDimension
 13
487.3185
 23
165.6777
 33
0.0
 14
490.5046
 24
160.5936
 34
0.0
 50
302.074
100
AcDbRotatedDimension
1001
AcadAnnotative
1000
AnnotativeData
1002
{
1070
     1
1070
     0
1002
}
1001
ACAD
1000
DSTYLE
1002
{
1070
    40
1040
24.0
1070
   147
1040
0.0625
1070
   141
1040
0.0625
1070
    42
1040
0.0938
1070
    44
1040
0.0938
1070
    41
1040
0.0938
1070
   140
1040
0.0781
1070
   279
1070
     2
1070
   289
1070
     0
1070
   174
1070
     0
1070
   175
1070
     0
1070
   172
1070
     0
1002
}
  0
LINE
  5
C49
330
1F
100
AcDbEntity
 67
     0
  8
Center
  6
CENTER
 62
   256
 60
     0
 48
5.0
370
    -1
100
AcDbLine
 39
0.0
 10
1177.2079
 20
94.9997
 30
0.0
 11
1177.2079
 21
299.9819
 31
0.0
  0
LINE
  5
C4A
330
1F
100
AcDbEntity
 67
     0
  8
Struc_Section_Dim
  6
Continuous
 62
   256
 60
     0
 48
2.0
370
    -1
100
AcDbLine
 39
0.0
 10
1285.2079
 20
94.9997
 30
0.0
 11
1157.7333
 21
94.9997
 31
0.0
  0
LINE
  5
C4B
330
1F
100
AcDbEntity
 67
     0
  8
Struc_Section_Steel
  6
Continuous
 62
   256
 60
     0
 48
1.0
370
    -1
100
AcDbLine
 39
0.0
 10
1279.9579
 20
161.4997
 30
0.0
 11
1178.8329
 21
161.4997
 31
0.0
  0
LINE
  5
C4C
330
1F
100
AcDbEntity
 67
     0
  8
Struc_Section_Steel
  6
Continuous
 62
   256
 60
     0
 48
10.0
370
    -1
100
AcDbLine
 39
0.0
 10
1279.4579
 20
161.1872
 30
0.0
 11
1179.3329
 21
161.1872
 31
0.0
  0
LINE
  5
C4D
330
1F
100
AcDbEntity
 67
     0
  8
Struc_Section_Steel
  6
Continuous
 62
   256
 60
     0
 48
10.0
370
    -1
100
AcDbLine
 39
0.0
 10
1279.4579
 20
151.9372
 30
0.0
 11
1179.3329
 21
151.9372
 31
0.0
  0
LINE
  5
C4E
330
1F
100
AcDbEntity
 67
     0
  8
Struc_Section_Steel
  6
Continuous
 62
   256
 60
     0
 48
1.0
370
    -1
100
AcDbLine
 39
0.0
 10
1279.4579
 20
151.6247
 30
0.0
 11
1179.3329
 21
151.6247
 31
0.0
  0
LINE
  5
C4F
330
1F
100
AcDbEntity
 67
     0
  8
Struc_Section_Dim
  6
Continuous
 62
   256
 60
     0
 48
2.0
370
    -1
100
AcDbLine
 39
0.0
 10
1285.2079
 20
70.9997
 30
0.0
 11
1285.2079
 21
94.9997
 31
0.0
  0
LINE
  5
C50
330
1F
100
AcDbEntity
 67
     0
  8
Struc_Section_Dim
  6
Continuous
 62
   256
 60
     0
 48
2.0
370
    -1
100
AcDbLine
 39
0.0
 10
1124.2928
 20
234.7115
 30
0.0
 11
1124.5988
 21
234.2947
 31
0.0
  0
LINE
  5
C51
330
1F
100
AcDbEntity
 67
     0
  8
Struc_Section_Dim
  6
Continuous
 62
   256
 60
     0
 48
2.0
370
    -1
100
AcDbLine
 39
0.0
 10
1124.5988
 20
234.2947
 30
0.0
 11
1123.7612
 21
233.7989
 31
0.0
  0
LINE
  5
C52
330
1F
100
AcDbEntity
 67
     0
  8
Struc_Section_Dim
  6
Continuous
 62
   256
 60
     0
 48
2.0
370
    -1
100
AcDbLine
 39
0.0
 10
1123.7612
 20
233.7989
 30
0.0
 11
1124.3549
 21
233.3105
 31
0.0
  0
LINE
  5
C53
330
1F
100
AcDbEntity
 67
     0
  8
Struc_Section_Dim
  6
Continuous
 62
   256
 60
     0
 48
2.0
370
    -1
100
AcDbLine
 39
0.0
 10
1124.3549
 20
233.3105
 30
0.0
 11
1124.3549
 21
231.5505
 31
0.0
  0
LINE
  5
C54
330
1F
100
AcDbEntity
 67
     0
  8
Struc_Section_Dim
  6
Continuous
 62
   256
 60
     0
 48
2.0
370
    -1
100
AcDbLine
 39
0.0
 10
1277.2079
 20
89.9997
 30
0.0
 11
1189.0829
 21
89.9997
 31
0.0
  0
LINE
  5
C55
330
1F
100
AcDbEntity
 67
     0
  8
Center
  6
CENTER
 62
   256
 60
     0
 48
5.0
370
    -1
100
AcDbLine
 39
0.0
 10
1285.2079
 20
94.9997
 30
0.0
 11
1285.2079
 21
284.7738
 31
0.0
  0
LINE
  5
C56
330
1F
100
AcDbEntity
 67
     0
  8
Struc_Section_Dim
  6
Continuous
 62
   256
 60
     0
 48
2.0
370
    -1
100
AcDbLine
 39
0.0
 10
1285.2079
 20
70.9997
 30
0.0
 11
1277.2079
 21
70.9997
 31
0.0
  0
LINE
  5
C57
330
1F
100
AcDbEntity
 67
     0
  8
Struc_Section_Dim
  6
Continuous
 62
   256
 60
     0
 48
2.0
370
    -1
100
AcDbLine
 39
0.0
 10
1157.7333
 20
95.575
 30
0.0
 11
1157.7333
 21
93.1656
 31
0.0
  0
LINE
  5
C58
330
1F
100
AcDbEntity
 67
     0
  8
Struc_Section_Dim
  6
Continuous
 62
   256
 60
     0
 48
2.0
370
    -1
100
AcDbLine
 39
0.0
 10
1157.7333
 20
93.1656
 30
0.0
 11
1158.2063
 21
92.5212
 31
0.0
  0
LINE
  5
C59
330
1F
100
AcDbEntity
 67
     0
  8
Struc_Section_Dim
  6
Continuous
 62
   256
 60
     0
 48
2.0
370
    -1
100
AcDbLine
 39
0.0
 10
1158.2063
 20
92.5212
 30
0.0
 11
1156.95
 21
91.7775
 31
0.0
  0
LINE
  5
C5A
330
1F
100
AcDbEntity
 67
     0
  8
Struc_Section_Dim
  6
Continuous
 62
   256
 60
     0
 48
2.0
370
    -1
100
AcDbLine
 39
0.0
 10
1156.95
 20
91.7775
 30
0.0
 11
1157.7953
 21
91.0821
 31
0.0
  0
LINE
  5
C5B
330
1F
100
AcDbEntity
 67
     0
  8
Struc_Section_Dim
  6
Continuous
 62
   256
 60
     0
 48
2.0
370
    -1
100
AcDbLine
 39
0.0
 10
1157.7953
 20
91.0821
 30
0.0
 11
1157.7953
 21
89.2073
 31
0.0
  0
LINE
  5
C5C
330
1F
100
AcDbEntity
 67
     0
  8
Structural_SteelBeam
  6
Continuous
 62
   256
 60
     0
 48
1.0
370
    -1
100
AcDbLine
 39
0.0
 10
1272.3329
 20
231.6247
 30
0.0
 11
1272.3329
 21
216.7497
 31
0.0
  0
LINE
  5
C5D
330
1F
100
AcDbEntity
 67
     0
  8
Structural_SteelBeam
  6
Continuous
 62
   256
 60
     0
 48
1.0
370
    -1
100
AcDbLine
 39
0.0
 10
1272.0829
 20
231.6247
 30
0.0
 11
1272.0829
 21
216.7497
 31
0.0
  0
LINE
  5
C5E
330
1F
100
AcDbEntity
 67
     0
  8
Structural_SteelBeam
  6
Continuous
 62
   256
 60
     0
 48
1.0
370
    -1
100
AcDbLine
 39
0.0
 10
1274.9579
 20
216.3747
 30
0.0
 11
1269.4579
 21
216.3747
 31
0.0
  0
LINE
  5
C5F
330
1F
100
AcDbEntity
 67
     0
  8
Structural_SteelBeam
  6
Continuous
 62
   256
 60
     0
 48
1.0
370
    -1
100
AcDbLine
 39
0.0
 10
1274.9579
 20
216.7497
 30
0.0
 11
1272.3329
 21
216.7497
 31
0.0
  0
LINE
  5
C60
330
1F
100
AcDbEntity
 67
     0
  8
Structural_SteelBeam
  6
Continuous
 62
   256
 60
     0
 48
1.0
370
    -1
100
AcDbLine
 39
0.0
 10
1274.9579
 20
216.7497
 30
0.0
 11
1274.9579
 21
216.3747
 31
0.0
  0
LINE
  5
C61
330
1F
100
AcDbEntity
 67
     0
  8
Structural_SteelBeam
  6
Continuous
 62
   256
 60
     0
 48
1.0
370
    -1
100
AcDbLine
 39
0.0
 10
1272.0829
 20
216.7497
 30
0.0
 11
1269.4579
 21
216.7497
 31
0.0
  0
LINE
  5
C62
330
1F
100
AcDbEntity
 67
     0
  8
Structural_SteelBeam
  6
Continuous
 62
   256
 60
     0
 48
1.0
370
    -1
100
AcDbLine
 39
0.0
 10
1274.9579
 20
231.9997
 30
0.0
 11
1269.4579
 21
231.9997
 31
0.0
  0
LINE
  5
C63
330
1F
100
AcDbEntity
 67
     0
  8
Structural_SteelBeam
  6
Continuous
 62
   256
 60
     0
 48
1.0
370
    -1
100
AcDbLine
 39
0.0
 10
1274.9579
 20
231.9997
 30
0.0
 11
1274.9579
 21
231.6247
 31
0.0
  0
LINE
  5
C64
330
1F
100
AcDbEntity
 67
     0
  8
Structural_SteelBeam
  6
Continuous
 62
   256
 60
     0
 48
1.0
370
    -1
100
AcDbLine
 39
0.0
 10
1269.4579
 20
231.9997
 30
0.0
 11
1269.4579
 21
231.6247
 31
0.0
  0
LINE
  5
C65
330
1F
100
AcDbEntity
 67
     0
  8
Structural_SteelBeam
  6
Continuous
 62
   256
 60
     0
 48
1.0
370
    -1
100
AcDbLine
 39
0.0
 10
1274.9579
 20
231.6247
 30
0.0
 11
1272.3329
 21
231.6247
 31
0.0
  0
LINE
  5
C66
330
1F
100
AcDbEntity
 67
     0
  8
Structural_SteelBeam
  6
Continuous
 62
   256
 60
     0
 48
1.0
370
    -1
100
AcDbLine
 39
0.0
 10
1272.0829
 20
231.6247
 30
0.0
 11
1269.4579
 21
231.6247
 31
0.0
  0
LINE
  5
C67
330
1F
100
AcDbEntity
 67
     0
  8
Structural_SteelBeam
  6
Continuous
 62
   256
 60
     0
 48
1.0
370
    -1
100
AcDbLine
 39
0.0
 10
1269.4579
 20
216.7497
 30
0.0
 11
1269.4579
 21
216.3747
 31
0.0
  0
LINE
  5
C68
330
1F
100
AcDbEntity
 67
     0
  8
Center
  6
CENTER
 62
   256
 60
     0
 48
5.0
370
    -1
100
AcDbLine
 39
0.0
 10
1272.2079
 20
203.1192
 30
0.0
 11
1272.2079
 21
299.9819
 31
0.0
  0
LINE
  5
C69
330
1F
100
AcDbEntity
 67
     0
  8
Struc_Section_Conc
  6
Continuous
 62
   256
 60
     0
 48
2.0
370
    -1
100
AcDbLine
 39
0.0
 10
1285.2079
 20
235.9997
 30
0.0
 11
1180.4579
 21
235.9997
 31
0.0
  0
LINE
  5
C6A
330
1F
100
AcDbEntity
 67
     0
  8
Struc_Section_Conc
  6
Continuous
 62
   256
 60
     0
 48
2.0
370
    -1
100
AcDbLine
 39
0.0
 10
1124.3549
 20
231.9997
 30
0.0
 11
1132.1921
 21
231.9997
 31
0.0
  0
LINE
  5
C6B
330
1F
100
AcDbEntity
 67
     0
  8
Structural_SteelBeam
  6
Continuous
 62
   256
 60
     0
 48
1.0
370
    -1
100
AcDbLine
 39
0.0
 10
1177.3329
 20
231.6247
 30
0.0
 11
1177.3329
 21
220.3747
 31
0.0
  0
LINE
  5
C6C
330
1F
100
AcDbEntity
 67
     0
  8
Structural_SteelBeam
  6
Continuous
 62
   256
 60
     0
 48
1.0
370
    -1
100
AcDbLine
 39
0.0
 10
1177.0829
 20
231.6247
 30
0.0
 11
1177.0829
 21
220.3747
 31
0.0
  0
LINE
  5
C6D
330
1F
100
AcDbEntity
 67
     0
  8
Structural_SteelBeam
  6
Continuous
 62
   256
 60
     0
 48
1.0
370
    -1
100
AcDbLine
 39
0.0
 10
1180.4579
 20
220.3747
 30
0.0
 11
1177.3329
 21
220.3747
 31
0.0
  0
LINE
  5
C6E
330
1F
100
AcDbEntity
 67
     0
  8
Structural_SteelBeam
  6
Continuous
 62
   256
 60
     0
 48
1.0
370
    -1
100
AcDbLine
 39
0.0
 10
1180.4579
 20
220.3747
 30
0.0
 11
1180.4579
 21
219.9997
 31
0.0
  0
LINE
  5
C6F
330
1F
100
AcDbEntity
 67
     0
  8
Structural_SteelBeam
  6
Continuous
 62
   256
 60
     0
 48
1.0
370
    -1
100
AcDbLine
 39
0.0
 10
1177.0829
 20
220.3747
 30
0.0
 11
1173.9579
 21
220.3747
 31
0.0
  0
LINE
  5
C70
330
1F
100
AcDbEntity
 67
     0
  8
Structural_SteelBeam
  6
Continuous
 62
   256
 60
     0
 48
1.0
370
    -1
100
AcDbLine
 39
0.0
 10
1180.4579
 20
231.9997
 30
0.0
 11
1173.9579
 21
231.9997
 31
0.0
  0
LINE
  5
C71
330
1F
100
AcDbEntity
 67
     0
  8
Structural_SteelBeam
  6
Continuous
 62
   256
 60
     0
 48
1.0
370
    -1
100
AcDbLine
 39
0.0
 10
1180.4579
 20
231.9997
 30
0.0
 11
1180.4579
 21
231.6247
 31
0.0
  0
LINE
  5
C72
330
1F
100
AcDbEntity
 67
     0
  8
Structural_SteelBeam
  6
Continuous
 62
   256
 60
     0
 48
1.0
370
    -1
100
AcDbLine
 39
0.0
 10
1173.9579
 20
231.9997
 30
0.0
 11
1173.9579
 21
231.6247
 31
0.0
  0
LINE
  5
C73
330
1F
100
AcDbEntity
 67
     0
  8
Structural_SteelBeam
  6
Continuous
 62
   256
 60
     0
 48
1.0
370
    -1
100
AcDbLine
 39
0.0
 10
1180.4579
 20
231.6247
 30
0.0
 11
1177.3329
 21
231.6247
 31
0.0
  0
LINE
  5
C74
330
1F
100
AcDbEntity
 67
     0
  8
Structural_SteelBeam
  6
Continuous
 62
   256
 60
     0
 48
1.0
370
    -1
100
AcDbLine
 39
0.0
 10
1177.0829
 20
231.6247
 30
0.0
 11
1173.9579
 21
231.6247
 31
0.0
  0
LINE
  5
C75
330
1F
100
AcDbEntity
 67
     0
  8
Structural_SteelBeam
  6
Continuous
 62
   256
 60
     0
 48
1.0
370
    -1
100
AcDbLine
 39
0.0
 10
1173.9579
 20
220.3747
 30
0.0
 11
1173.9579
 21
219.9997
 31
0.0
  0
LINE
  5
C76
330
1F
100
AcDbEntity
 67
     0
  8
LAYER131A
  6
Continuous
 62
   256
 60
     0
 48
1.0
370
    -1
100
AcDbLine
 39
0.0
 10
1279.9579
 20
161.4997
 30
0.0
 11
1279.9579
 21
95.7497
 31
0.0
  0
LINE
  5
C77
330
1F
100
AcDbEntity
 67
     0
  8
LAYER131A
  6
Continuous
 62
   256
 60
     0
 48
1.0
370
    -1
100
AcDbLine
 39
0.0
 10
1283.4579
 20
165.4997
 30
0.0
 11
1283.4579
 21
95.7497
 31
0.0
  0
LINE
  5
C78
330
1F
100
AcDbEntity
 67
     0
  8
Struc_Section_Steel
  6
Continuous
 62
   256
 60
     0
 48
4.0
370
    -1
100
AcDbLine
 39
0.0
 10
1280.2079
 20
161.4997
 30
0.0
 11
1280.2079
 21
95.7497
 31
0.0
  0
LINE
  5
C79
330
1F
100
AcDbEntity
 67
     0
  8
Struc_Section_Steel
  6
Continuous
 62
   256
 60
     0
 48
4.0
370
    -1
100
AcDbLine
 39
0.0
 10
1283.2079
 20
161.4997
 30
0.0
 11
1283.2079
 21
95.7497
 31
0.0
  0
LINE
  5
C7A
330
1F
100
AcDbEntity
 67
     0
  8
LAYER131A
  6
Continuous
 62
   256
 60
     0
 48
1.0
370
    -1
100
AcDbLine
 39
0.0
 10
1279.7079
 20
161.4997
 30
0.0
 11
1283.4579
 21
161.4997
 31
0.0
  0
LINE
  5
C7B
330
1F
100
AcDbEntity
 67
     0
  8
Struc_Section_Steel
  6
Continuous
 62
   256
 60
     0
 48
2.0
370
    -1
100
AcDbLine
 39
0.0
 10
1279.4579
 20
161.4997
 30
0.0
 11
1279.4579
 21
159.6322
 31
0.0
  0
INSERT
  5
C7C
330
1F
100
AcDbEntity
 67
     0
  8
Struc_Section_Dim
  6
Continuous
 62
   256
 60
     0
 48
1.0
370
    -1
100
AcDbBlockReference
 66
     0
  2
outstandingconn1
 10
1279.9579
 20
153.4922
 30
0.0
 41
-1.0
 42
1.0
 43
1.0
 50
0.0
 70
     0
 71
     0
 44
0.0
 45
0.0
210
0.0
220
0.0
230
1.0
  0
LINE
  5
C7D
330
1F
100
AcDbEntity
 67
     0
  8
Struc_Section_Dim
  6
Continuous
 62
   256
 60
     0
 48
2.0
370
    -1
100
AcDbLine
 39
0.0
 10
1124.2928
 20
236.4932
 30
0.0
 11
1124.2928
 21
234.7115
 31
0.0
  0
LINE
  5
C7E
330
1F
100
AcDbEntity
 67
     0
  8
C-241-1
  6
Continuous
 62
   256
 60
     0
 48
1.0
370
    -1
100
AcDbLine
 39
0.0
 10
1281.3318
 20
97.4713
 30
0.0
 11
1281.3318
 21
96.4301
 31
0.0
  0
LINE
  5
C7F
330
1F
100
AcDbEntity
 67
     0
  8
C-241-1
  6
Continuous
 62
   256
 60
     0
 48
1.0
370
    -1
100
AcDbLine
 39
0.0
 10
1282.0839
 20
97.4713
 30
0.0
 11
1282.0839
 21
96.4301
 31
0.0
  0
LINE
  5
C80
330
1F
100
AcDbEntity
 67
     0
  8
C-241-1
  6
Continuous
 62
   256
 60
     0
 48
1.0
370
    -1
100
AcDbLine
 39
0.0
 10
1282.8288
 20
95.9352
 30
0.0
 11
1280.5869
 21
95.9352
 31
0.0
  0
LINE
  5
C81
330
1F
100
AcDbEntity
 67
     0
  8
C-241-1
  6
Continuous
 62
   256
 60
     0
 48
1.0
370
    -1
100
AcDbLine
 39
0.0
 10
1282.8288
 20
95.7497
 30
0.0
 11
1280.5869
 21
95.7497
 31
0.0
  0
LINE
  5
C82
330
1F
100
AcDbEntity
 67
     0
  8
C-241-1
  6
Continuous
 62
   256
 60
     0
 48
1.0
370
    -1
100
AcDbLine
 39
0.0
 10
1282.8288
 20
95.9352
 30
0.0
 11
1282.8288
 21
95.7497
 31
0.0
  0
LINE
  5
C83
330
1F
100
AcDbEntity
 67
     0
  8
C-241-1
  6
Continuous
 62
   256
 60
     0
 48
2.0
370
    -1
100
AcDbLine
 39
0.0
 10
1281.3318
 20
96.4301
 30
0.0
 11
1281.3318
 21
76.7497
 31
0.0
  0
LINE
  5
C84
330
1F
100
AcDbEntity
 67
     0
  8
C-241-1
  6
Continuous
 62
   256
 60
     0
 48
2.0
370
    -1
100
AcDbLine
 39
0.0
 10
1282.0839
 20
96.4301
 30
0.0
 11
1282.0839
 21
76.7497
 31
0.0
  0
LINE
  5
C85
330
1F
100
AcDbEntity
 67
     0
  8
C-241-1
  6
Continuous
 62
   256
 60
     0
 48
2.0
370
    -1
100
AcDbLine
 39
0.0
 10
1282.0839
 20
76.7497
 30
0.0
 11
1281.3318
 21
76.7497
 31
0.0
  0
LINE
  5
C86
330
1F
100
AcDbEntity
 67
     0
  8
C-241-1
  6
Continuous
 62
   256
 60
     0
 48
1.0
370
    -1
100
AcDbLine
 39
0.0
 10
1282.5788
 20
96.4301
 30
0.0
 11
1280.8369
 21
96.4301
 31
0.0
  0
LINE
  5
C87
330
1F
100
AcDbEntity
 67
     0
  8
C-241-1
  6
Continuous
 62
   256
 60
     0
 48
1.0
370
    -1
100
AcDbLine
 39
0.0
 10
1282.5788
 20
96.4301
 30
0.0
 11
1282.5788
 21
95.9352
 31
0.0
  0
LINE
  5
C88
330
1F
100
AcDbEntity
 67
     0
  8
C-241-1
  6
Continuous
 62
   256
 60
     0
 48
1.0
370
    -1
100
AcDbLine
 39
0.0
 10
1280.8369
 20
96.4301
 30
0.0
 11
1280.8369
 21
95.9352
 31
0.0
  0
LINE
  5
C89
330
1F
100
AcDbEntity
 67
     0
  8
C-241-1
  6
Continuous
 62
   256
 60
     0
 48
1.0
370
    -1
100
AcDbLine
 39
0.0
 10
1282.0839
 20
97.4713
 30
0.0
 11
1281.3318
 21
97.4713
 31
0.0
  0
LINE
  5
C8A
330
1F
100
AcDbEntity
 67
     0
  8
C-241-1
  6
Continuous
 62
   256
 60
     0
 48
1.0
370
    -1
100
AcDbLine
 39
0.0
 10
1280.5869
 20
95.9352
 30
0.0
 11
1280.5869
 21
95.7497
 31
0.0
  0
LINE
  5
C8B
330
1F
100
AcDbEntity
 67
     0
  8
Struc_Section_Conc
  6
Continuous
 62
   256
 60
     0
 48
2.0
370
    -1
100
AcDbLine
 39
0.0
 10
1180.4579
 20
231.9997
 30
0.0
 11
1180.4579
 21
235.9997
 31
0.0
  0
LINE
  5
C8C
330
1F
100
AcDbEntity
 67
     0
  8
Struc_Section_Conc
  6
Continuous
 62
   256
 60
     0
 48
2.0
370
    -1
100
AcDbLine
 39
0.0
 10
1180.4579
 20
235.9997
 30
0.0
 11
1124.2928
 21
235.9997
 31
0.0
  0
LINE
  5
C8D
330
1F
100
AcDbEntity
 67
     0
  8
Struc_Section_Conc
  6
Continuous
 62
   256
 60
     0
 48
2.0
370
    -1
100
AcDbLine
 39
0.0
 10
1180.4579
 20
231.9997
 30
0.0
 11
1129.175
 21
231.9997
 31
0.0
  0
LINE
  5
C8E
330
1F
100
AcDbEntity
 67
     0
  8
Struc_Section_Conc
  6
Continuous
 62
   256
 60
     0
 48
20.0
370
    -1
100
AcDbLine
 39
0.0
 10
1180.4579
 20
233.4997
 30
0.0
 11
1124.125
 21
233.4997
 31
0.0
  0
LINE
  5
C8F
330
1F
100
AcDbEntity
 67
     0
  8
Struc_Section_Conc
  6
Continuous
 62
   256
 60
     0
 48
2.0
370
    -1
100
AcDbLine
 39
0.0
 10
1225.9579
 20
231.9997
 30
0.0
 11
1180.4579
 21
231.9997
 31
0.0
  0
LINE
  5
C90
330
1F
100
AcDbEntity
 67
     0
  8
Struc_Section_Stair
  6
Continuous
 62
   256
 60
     0
 48
5.0
370
    -1
100
AcDbLine
 39
0.0
 10
1269.4579
 20
228.9097
 30
0.0
 11
1226.2079
 21
228.9097
 31
0.0
  0
LINE
  5
C91
330
1F
100
AcDbEntity
 67
     0
  8
Struc_Section_Stair
  6
Continuous
 62
   256
 60
     0
 48
5.0
370
    -1
100
AcDbLine
 39
0.0
 10
1269.4579
 20
221.8197
 30
0.0
 11
1226.2079
 21
221.8197
 31
0.0
  0
LINE
  5
C92
330
1F
100
AcDbEntity
 67
     0
  8
Struc_Section_Stair
  6
Continuous
 62
   256
 60
     0
 48
5.0
370
    -1
100
AcDbLine
 39
0.0
 10
1269.4579
 20
214.7297
 30
0.0
 11
1226.2079
 21
214.7297
 31
0.0
  0
LINE
  5
C93
330
1F
100
AcDbEntity
 67
     0
  8
Struc_Section_Stair
  6
Continuous
 62
   256
 60
     0
 48
5.0
370
    -1
100
AcDbLine
 39
0.0
 10
1269.4579
 20
207.6397
 30
0.0
 11
1226.2079
 21
207.6397
 31
0.0
  0
LINE
  5
C94
330
1F
100
AcDbEntity
 67
     0
  8
Struc_Section_Stair
  6
Continuous
 62
   256
 60
     0
 48
5.0
370
    -1
100
AcDbLine
 39
0.0
 10
1269.4579
 20
200.5497
 30
0.0
 11
1226.2079
 21
200.5497
 31
0.0
  0
LINE
  5
C95
330
1F
100
AcDbEntity
 67
     0
  8
Struc_Section_Stair
  6
Continuous
 62
   256
 60
     0
 48
5.0
370
    -1
100
AcDbLine
 39
0.0
 10
1269.4579
 20
193.4597
 30
0.0
 11
1226.2079
 21
193.4597
 31
0.0
  0
LINE
  5
C96
330
1F
100
AcDbEntity
 67
     0
  8
Struc_Section_Stair
  6
Continuous
 62
   256
 60
     0
 48
5.0
370
    -1
100
AcDbLine
 39
0.0
 10
1269.4579
 20
186.3697
 30
0.0
 11
1226.2079
 21
186.3697
 31
0.0
  0
LINE
  5
C97
330
1F
100
AcDbEntity
 67
     0
  8
Struc_Section_Stair
  6
Continuous
 62
   256
 60
     0
 48
5.0
370
    -1
100
AcDbLine
 39
0.0
 10
1269.4579
 20
179.2797
 30
0.0
 11
1226.2079
 21
179.2797
 31
0.0
  0
LINE
  5
C98
330
1F
100
AcDbEntity
 67
     0
  8
Struc_Section_Stair
  6
Continuous
 62
   256
 60
     0
 48
5.0
370
    -1
100
AcDbLine
 39
0.0
 10
1269.4579
 20
172.1897
 30
0.0
 11
1226.2079
 21
172.1897
 31
0.0
  0
LWPOLYLINE
  5
C99
330
1F
100
AcDbEntity
 67
     0
  8
Struc_Section_BP
  6
Continuous
 62
   256
 60
     0
 48
2.0
370
    -1
100
AcDbPolyline
 90
        4
 70
     1
 10
1279.2079
 20
94.9997
 10
1284.2079
 20
94.9997
 10
1284.2079
 20
95.7497
 10
1279.2079
 20
95.7497
  0
LINE
  5
C9A
330
1F
100
AcDbEntity
 67
     0
  8
Struc_Section_Stair
  6
Continuous
 62
   256
 60
     0
 48
5.0
370
    -1
100
AcDbLine
 39
0.0
 10
1224.2079
 20
102.0897
 30
0.0
 11
1180.4579
 21
102.0897
 31
0.0
  0
LINE
  5
C9B
330
1F
100
AcDbEntity
 67
     0
  8
Struc_Section_Stair
  6
Continuous
 62
   256
 60
     0
 48
5.0
370
    -1
100
AcDbLine
 39
0.0
 10
1224.2079
 20
109.1797
 30
0.0
 11
1180.4579
 21
109.1797
 31
0.0
  0
LINE
  5
C9C
330
1F
100
AcDbEntity
 67
     0
  8
Struc_Section_Stair
  6
Continuous
 62
   256
 60
     0
 48
5.0
370
    -1
100
AcDbLine
 39
0.0
 10
1224.2079
 20
116.2697
 30
0.0
 11
1180.4579
 21
116.2697
 31
0.0
  0
LINE
  5
C9D
330
1F
100
AcDbEntity
 67
     0
  8
Struc_Section_Stair
  6
Continuous
 62
   256
 60
     0
 48
5.0
370
    -1
100
AcDbLine
 39
0.0
 10
1224.2079
 20
123.3597
 30
0.0
 11
1180.4579
 21
123.3597
 31
0.0
  0
LINE
  5
C9E
330
1F
100
AcDbEntity
 67
     0
  8
Struc_Section_Stair
  6
Continuous
 62
   256
 60
     0
 48
5.0
370
    -1
100
AcDbLine
 39
0.0
 10
1224.2079
 20
130.4497
 30
0.0
 11
1180.4579
 21
130.4497
 31
0.0
  0
LINE
  5
C9F
330
1F
100
AcDbEntity
 67
     0
  8
Struc_Section_Stair
  6
Continuous
 62
   256
 60
     0
 48
5.0
370
    -1
100
AcDbLine
 39
0.0
 10
1224.2079
 20
137.5397
 30
0.0
 11
1180.4579
 21
137.5397
 31
0.0
  0
LINE
  5
CA0
330
1F
100
AcDbEntity
 67
     0
  8
Struc_Section_Stair
  6
Continuous
 62
   256
 60
     0
 48
5.0
370
    -1
100
AcDbLine
 39
0.0
 10
1224.2079
 20
144.6297
 30
0.0
 11
1180.4579
 21
144.6297
 31
0.0
  0
LINE
  5
CA1
330
1F
100
AcDbEntity
 67
     0
  8
Struc_Section_Stair
  6
Continuous
 62
   256
 60
     0
 48
5.0
370
    -1
100
AcDbLine
 39
0.0
 10
1224.2079
 20
151.7197
 30
0.0
 11
1180.4579
 21
151.7197
 31
0.0
  0
LINE
  5
CA2
330
1F
100
AcDbEntity
 67
     0
  8
Struc_Section_Conc
  6
Continuous
 62
   256
 60
     0
 48
20.0
370
    -1
100
AcDbLine
 39
0.0
 10
1224.2079
 20
158.8097
 30
0.0
 11
1180.7079
 21
158.8097
 31
0.0
  0
LINE
  5
CA3
330
1F
100
AcDbEntity
 67
     0
  8
Struc_Section_Conc
  6
Continuous
 62
   256
 60
     0
 48
20.0
370
    -1
100
AcDbLine
 39
0.0
 10
1225.9579
 20
231.9997
 30
0.0
 11
1269.4579
 21
231.9997
 31
0.0
  0
LINE
  5
CA4
330
1F
100
AcDbEntity
 67
     0
  8
Struc_Section_Conc
  6
Continuous
 62
   256
 60
     0
 48
20.0
370
    -1
100
AcDbLine
 39
0.0
 10
1180.4579
 20
233.4997
 30
0.0
 11
1285.2079
 21
233.4997
 31
0.0
  0
LINE
  5
CA5
330
1F
100
AcDbEntity
 67
     0
  8
Struc_Section_Conc
  6
Continuous
 62
   256
 60
     0
 48
2.0
370
    -1
100
AcDbLine
 39
0.0
 10
1285.2079
 20
231.9997
 30
0.0
 11
1285.2079
 21
235.9997
 31
0.0
  0
HATCH
  5
CA6
330
1F
100
AcDbEntity
 67
     0
  8
Arch_Section_Truss
  6
Continuous
 62
   256
 60
     0
 48
1.0
370
    -1
100
AcDbHatch
 10
0.0
 20
0.0
 30
0.0
210
0.0
220
0.0
230
1.0
  2
STEEL
 70
     0
 71
     0
 91
        2
 92
        7
 72
     1
 73
     1
 93
       12
 10
1128.9579
 20
229.6247
 42
0.4142
 10
1129.0829
 20
229.4997
 42
0.0
 10
1129.3329
 20
229.4997
 42
0.4142
 10
1129.4579
 20
229.6247
 42
0.0
 10
1129.4579
 20
231.7497
 42
0.0
 10
1131.5829
 20
231.7497
 42
0.4142
 10
1131.7079
 20
231.8747
 42
0.0
 10
1131.7079
 20
231.9997
 42
0.0
 10
1126.7079
 20
231.9997
 42
0.0
 10
1126.7079
 20
231.8747
 42
0.4142
 10
1126.8329
 20
231.7497
 42
0.0
 10
1128.9579
 20
231.7497
 42
0.0
 97
        0
 92
        7
 72
     1
 73
     1
 93
       12
 10
1128.9579
 20
216.2497
 42
0.0
 10
1126.8329
 20
216.2497
 42
0.4142
 10
1126.7079
 20
216.1247
 42
0.0
 10
1126.7079
 20
215.9997
 42
0.0
 10
1131.7079
 20
215.9997
 42
0.0
 10
1131.7079
 20
216.1247
 42
0.4142
 10
1131.5829
 20
216.2497
 42
0.0
 10
1129.4579
 20
216.2497
 42
0.0
 10
1129.4579
 20
218.3747
 42
0.4142
 10
1129.3329
 20
218.4997
 42
0.0
 10
1129.0829
 20
218.4997
 42
0.4142
 10
1128.9579
 20
218.3747
 42
0.0
 97
        0
 75
     0
 76
     1
 52
0.0
 41
8.0
 77
     0
 78
     2
 53
45.0
 43
-4802.5386
 44
-670.3499
 45
-0.7071
 46
0.7071
 79
     0
 53
45.0
 43
-4802.5386
 44
-669.8499
 45
-0.7071
 46
0.7071
 79
     0
 47
0.0419
 98
        2
 10
1129.1753
 20
230.8685
 10
1129.0913
 20
216.3548
450
        0
451
         -2147483648
460
0.0
461
0.0
452
        0
462
0.0
453
        0
463
0.0
463
1.0
470

  0
LINE
  5
CA7
330
1F
100
AcDbEntity
 67
     0
  8
Arch_Section_Truss
  6
Continuous
 62
   256
 60
     0
 48
1.0
370
    -1
100
AcDbLine
 39
0.0
 10
1129.0204
 20
229.5164
 30
0.0
 11
1129.0204
 21
218.4829
 31
0.0
  0
LINE
  5
CA8
330
1F
100
AcDbEntity
 67
     0
  8
Arch_Section_Truss
  6
Continuous
 62
   256
 60
     0
 48
1.0
370
    -1
100
AcDbLine
 39
0.0
 10
1129.3954
 20
229.5164
 30
0.0
 11
1129.3954
 21
218.4829
 31
0.0
  0
ARC
  5
CA9
330
1F
100
AcDbEntity
 67
     0
  8
Arch_Section_Truss
  6
Continuous
 62
   256
 60
     0
 48
1.0
370
    -1
100
AcDbCircle
 39
0.0
 10
1129.3329
 20
218.3747
 30
0.0
 40
0.125
100
AcDbArc
 50
0.0
 51
90.0
  0
LINE
  5
CAA
330
1F
100
AcDbEntity
 67
     0
  8
Arch_Section_Truss
  6
Continuous
 62
   256
 60
     0
 48
1.0
370
    -1
100
AcDbLine
 39
0.0
 10
1129.0829
 20
218.4997
 30
0.0
 11
1129.3329
 21
218.4997
 31
0.0
  0
ARC
  5
CAB
330
1F
100
AcDbEntity
 67
     0
  8
Arch_Section_Truss
  6
Continuous
 62
   256
 60
     0
 48
1.0
370
    -1
100
AcDbCircle
 39
0.0
 10
1129.0829
 20
218.3747
 30
0.0
 40
0.125
100
AcDbArc
 50
90.0
 51
180.0
  0
LINE
  5
CAC
330
1F
100
AcDbEntity
 67
     0
  8
Arch_Section_Truss
  6
Continuous
 62
   256
 60
     0
 48
1.0
370
    -1
100
AcDbLine
 39
0.0
 10
1128.9579
 20
216.2497
 30
0.0
 11
1128.9579
 21
218.3747
 31
0.0
  0
LINE
  5
CAD
330
1F
100
AcDbEntity
 67
     0
  8
Arch_Section_Truss
  6
Continuous
 62
   256
 60
     0
 48
1.0
370
    -1
100
AcDbLine
 39
0.0
 10
1126.8329
 20
216.2497
 30
0.0
 11
1128.9579
 21
216.2497
 31
0.0
  0
ARC
  5
CAE
330
1F
100
AcDbEntity
 67
     0
  8
Arch_Section_Truss
  6
Continuous
 62
   256
 60
     0
 48
1.0
370
    -1
100
AcDbCircle
 39
0.0
 10
1126.8329
 20
216.1247
 30
0.0
 40
0.125
100
AcDbArc
 50
90.0
 51
180.0
  0
LINE
  5
CAF
330
1F
100
AcDbEntity
 67
     0
  8
Arch_Section_Truss
  6
Continuous
 62
   256
 60
     0
 48
1.0
370
    -1
100
AcDbLine
 39
0.0
 10
1126.7079
 20
215.9997
 30
0.0
 11
1126.7079
 21
216.1247
 31
0.0
  0
LINE
  5
CB0
330
1F
100
AcDbEntity
 67
     0
  8
Arch_Section_Truss
  6
Continuous
 62
   256
 60
     0
 48
1.0
370
    -1
100
AcDbLine
 39
0.0
 10
1126.7079
 20
215.9997
 30
0.0
 11
1131.7079
 21
215.9997
 31
0.0
  0
LINE
  5
CB1
330
1F
100
AcDbEntity
 67
     0
  8
Arch_Section_Truss
  6
Continuous
 62
   256
 60
     0
 48
1.0
370
    -1
100
AcDbLine
 39
0.0
 10
1131.7079
 20
215.9997
 30
0.0
 11
1131.7079
 21
216.1247
 31
0.0
  0
ARC
  5
CB2
330
1F
100
AcDbEntity
 67
     0
  8
Arch_Section_Truss
  6
Continuous
 62
   256
 60
     0
 48
1.0
370
    -1
100
AcDbCircle
 39
0.0
 10
1131.5829
 20
216.1247
 30
0.0
 40
0.125
100
AcDbArc
 50
0.0
 51
90.0
  0
LINE
  5
CB3
330
1F
100
AcDbEntity
 67
     0
  8
Arch_Section_Truss
  6
Continuous
 62
   256
 60
     0
 48
1.0
370
    -1
100
AcDbLine
 39
0.0
 10
1129.4579
 20
216.2497
 30
0.0
 11
1131.5829
 21
216.2497
 31
0.0
  0
LINE
  5
CB4
330
1F
100
AcDbEntity
 67
     0
  8
Arch_Section_Truss
  6
Continuous
 62
   256
 60
     0
 48
1.0
370
    -1
100
AcDbLine
 39
0.0
 10
1129.4579
 20
216.2497
 30
0.0
 11
1129.4579
 21
218.3747
 31
0.0
  0
LINE
  5
CB5
330
1F
100
AcDbEntity
 67
     0
  8
Arch_Section_Truss
  6
Continuous
 62
   256
 60
     0
 48
1.0
370
    -1
100
AcDbLine
 39
0.0
 10
1129.4579
 20
231.7497
 30
0.0
 11
1131.5829
 21
231.7497
 31
0.0
  0
ARC
  5
CB6
330
1F
100
AcDbEntity
 67
     0
  8
Arch_Section_Truss
  6
Continuous
 62
   256
 60
     0
 48
1.0
370
    -1
100
AcDbCircle
 39
0.0
 10
1131.5829
 20
231.8747
 30
0.0
 40
0.125
100
AcDbArc
 50
270.0
 51
0.0
  0
LINE
  5
CB7
330
1F
100
AcDbEntity
 67
     0
  8
Arch_Section_Truss
  6
Continuous
 62
   256
 60
     0
 48
1.0
370
    -1
100
AcDbLine
 39
0.0
 10
1131.7079
 20
231.9997
 30
0.0
 11
1131.7079
 21
231.8747
 31
0.0
  0
LINE
  5
CB8
330
1F
100
AcDbEntity
 67
     0
  8
Arch_Section_Truss
  6
Continuous
 62
   256
 60
     0
 48
1.0
370
    -1
100
AcDbLine
 39
0.0
 10
1126.7079
 20
231.9997
 30
0.0
 11
1131.7079
 21
231.9997
 31
0.0
  0
LINE
  5
CB9
330
1F
100
AcDbEntity
 67
     0
  8
Arch_Section_Truss
  6
Continuous
 62
   256
 60
     0
 48
1.0
370
    -1
100
AcDbLine
 39
0.0
 10
1126.7079
 20
231.9997
 30
0.0
 11
1126.7079
 21
231.8747
 31
0.0
  0
ARC
  5
CBA
330
1F
100
AcDbEntity
 67
     0
  8
Arch_Section_Truss
  6
Continuous
 62
   256
 60
     0
 48
1.0
370
    -1
100
AcDbCircle
 39
0.0
 10
1126.8329
 20
231.8747
 30
0.0
 40
0.125
100
AcDbArc
 50
180.0
 51
270.0
  0
LINE
  5
CBB
330
1F
100
AcDbEntity
 67
     0
  8
Arch_Section_Truss
  6
Continuous
 62
   256
 60
     0
 48
1.0
370
    -1
100
AcDbLine
 39
0.0
 10
1126.8329
 20
231.7497
 30
0.0
 11
1128.9579
 21
231.7497
 31
0.0
  0
LINE
  5
CBC
330
1F
100
AcDbEntity
 67
     0
  8
Arch_Section_Truss
  6
Continuous
 62
   256
 60
     0
 48
1.0
370
    -1
100
AcDbLine
 39
0.0
 10
1128.9579
 20
231.7497
 30
0.0
 11
1128.9579
 21
229.6247
 31
0.0
  0
ARC
  5
CBD
330
1F
100
AcDbEntity
 67
     0
  8
Arch_Section_Truss
  6
Continuous
 62
   256
 60
     0
 48
1.0
370
    -1
100
AcDbCircle
 39
0.0
 10
1129.0829
 20
229.6247
 30
0.0
 40
0.125
100
AcDbArc
 50
180.0
 51
270.0
  0
LINE
  5
CBE
330
1F
100
AcDbEntity
 67
     0
  8
Arch_Section_Truss
  6
Continuous
 62
   256
 60
     0
 48
1.0
370
    -1
100
AcDbLine
 39
0.0
 10
1129.0829
 20
229.4997
 30
0.0
 11
1129.3329
 21
229.4997
 31
0.0
  0
ARC
  5
CBF
330
1F
100
AcDbEntity
 67
     0
  8
Arch_Section_Truss
  6
Continuous
 62
   256
 60
     0
 48
1.0
370
    -1
100
AcDbCircle
 39
0.0
 10
1129.3329
 20
229.6247
 30
0.0
 40
0.125
100
AcDbArc
 50
270.0
 51
0.0
  0
LINE
  5
CC0
330
1F
100
AcDbEntity
 67
     0
  8
Arch_Section_Truss
  6
Continuous
 62
   256
 60
     0
 48
1.0
370
    -1
100
AcDbLine
 39
0.0
 10
1129.4579
 20
231.7497
 30
0.0
 11
1129.4579
 21
229.6247
 31
0.0
  0
LINE
  5
CC1
330
1F
100
AcDbEntity
 67
     0
  8
Arch_Section_Truss
  6
Continuous
 62
   256
 60
     0
 48
1.0
370
    -1
100
AcDbLine
 39
0.0
 10
1129.3954
 20
229.5164
 30
0.0
 11
1129.3954
 21
228.3747
 31
0.0
  0
LINE
  5
CC2
330
1F
100
AcDbEntity
 67
     0
  8
Arch_Section_Truss
  6
Continuous
 62
   256
 60
     0
 48
1.0
370
    -1
100
AcDbLine
 39
0.0
 10
1129.0204
 20
229.5164
 30
0.0
 11
1129.0204
 21
228.3747
 31
0.0
  0
HATCH
  5
CC3
330
1F
100
AcDbEntity
 67
     0
  8
Structural_SteelBeam
  6
Continuous
 62
   256
 60
     0
 48
1.0
370
    -1
100
AcDbHatch
 10
0.0
 20
0.0
 30
0.0
210
0.0
220
0.0
230
1.0
  2
STEEL
 70
     0
 71
     0
 91
        6
 92
        7
 72
     0
 73
     1
 93
        4
 10
1274.9579
 20
231.9997
 10
1272.4579
 20
231.9997
 10
1272.4579
 20
231.6247
 10
1274.9579
 20
231.6247
 97
        0
 92
        7
 72
     0
 73
     1
 93
        6
 10
1272.2079
 20
231.9997
 10
1269.4579
 20
231.9997
 10
1269.4579
 20
231.6247
 10
1272.0829
 20
231.6247
 10
1272.0829
 20
228.9097
 10
1272.2079
 20
228.9097
 97
        0
 92
        7
 72
     0
 73
     1
 93
        4
 10
1272.3329
 20
228.9097
 10
1272.2079
 20
228.9097
 10
1272.2079
 20
221.8197
 10
1272.3329
 20
221.8197
 97
        0
 92
        7
 72
     0
 73
     1
 93
        6
 10
1272.2079
 20
221.8197
 10
1272.0829
 20
221.8197
 10
1272.0829
 20
216.7497
 10
1269.4579
 20
216.7497
 10
1269.4579
 20
216.3747
 10
1272.2079
 20
216.3747
 97
        0
 92
        7
 72
     0
 73
     1
 93
        6
 10
1272.3329
 20
221.8197
 10
1272.2079
 20
221.8197
 10
1272.2079
 20
216.3747
 10
1272.4579
 20
216.3747
 10
1272.4579
 20
216.7497
 10
1272.3329
 20
216.7497
 97
        0
 92
        7
 72
     0
 73
     1
 93
        4
 10
1274.9579
 20
216.7497
 10
1272.4579
 20
216.7497
 10
1272.4579
 20
216.3747
 10
1274.9579
 20
216.3747
 97
        0
 75
     0
 76
     1
 52
0.0
 41
5.0
 77
     0
 78
     2
 53
45.0
 43
1352.0402
 44
-328.0275
 45
-0.4419
 46
0.4419
 79
     0
 53
45.0
 43
1352.0402
 44
-327.715
 45
-0.4419
 46
0.4419
 79
     0
 47
0.0215
 98
        6
 10
1273.0708
 20
231.6698
 10
1271.4894
 20
231.7575
 10
1272.2801
 20
226.8867
 10
1272.1533
 20
220.5053
 10
1272.3039
 20
220.2258
 10
1272.7989
 20
216.4633
450
        0
451
         -2147483648
460
0.0
461
0.0
452
        0
462
0.0
453
        0
463
0.0
463
1.0
470

  0
LINE
  5
CC4
330
1F
100
AcDbEntity
 67
     0
  8
Struc_Section_Stair
  6
Continuous
 62
   256
 60
     0
 48
5.0
370
    -1
100
AcDbLine
 39
0.0
 10
1269.4579
 20
165.4997
 30
0.0
 11
1269.4579
 21
235.9997
 31
0.0
  0
LINE
  5
CC5
330
1F
100
AcDbEntity
 67
     0
  8
Struc_Section_Stair
  6
Continuous
 62
   256
 60
     0
 48
5.0
370
    -1
100
AcDbLine
 39
0.0
 10
1180.4579
 20
94.9997
 30
0.0
 11
1180.4579
 21
155.6247
 31
0.0
  0
LINE
  5
CC6
330
1F
100
AcDbEntity
 67
     0
  8
Struc_Section_Dim
  6
Continuous
 62
   256
 60
     0
 48
2.0
370
    -1
100
AcDbLine
 39
0.0
 10
1277.2079
 20
70.9997
 30
0.0
 11
1277.2079
 21
94.9997
 31
0.0
  0
HATCH
  5
CC7
330
1F
100
AcDbEntity
 67
     0
  8
Structural_SteelBeam
  6
Continuous
 62
   256
 60
     0
 48
1.0
370
    -1
100
AcDbHatch
 10
0.0
 20
0.0
 30
0.0
210
0.0
220
0.0
230
1.0
  2
STEEL
 70
     0
 71
     0
 91
        2
 92
        7
 72
     0
 73
     1
 93
        8
 10
1177.2079
 20
231.9997
 10
1173.9579
 20
231.9997
 10
1173.9579
 20
231.6247
 10
1177.0829
 20
231.6247
 10
1177.0829
 20
220.3747
 10
1173.9579
 20
220.3747
 10
1173.9579
 20
219.9997
 10
1177.2079
 20
219.9997
 97
        0
 92
        7
 72
     0
 73
     1
 93
        8
 10
1180.4579
 20
231.9997
 10
1177.2079
 20
231.9997
 10
1177.2079
 20
219.9997
 10
1180.4579
 20
219.9997
 10
1180.4579
 20
220.3747
 10
1177.3329
 20
220.3747
 10
1177.3329
 20
231.6247
 10
1180.4579
 20
231.6247
 97
        0
 75
     0
 76
     1
 52
0.0
 41
5.0
 77
     0
 78
     2
 53
45.0
 43
1353.0402
 44
-328.0275
 45
-0.4419
 46
0.4419
 79
     0
 53
45.0
 43
1353.0402
 44
-327.715
 45
-0.4419
 46
0.4419
 79
     0
 47
0.0557
 98
        2
 10
1176.7037
 20
231.7377
 10
1177.8752
 20
231.7934
450
        0
451
         -2147483648
460
0.0
461
0.0
452
        0
462
0.0
453
        0
463
0.0
463
1.0
470

  0
LINE
  5
CC8
330
1F
100
AcDbEntity
 67
     0
  8
Structural_SteelBeam
  6
Continuous
 62
   256
 60
     0
 48
1.0
370
    -1
100
AcDbLine
 39
0.0
 10
1180.4579
 20
219.9997
 30
0.0
 11
1173.9579
 21
219.9997
 31
0.0
  0
LINE
  5
CC9
330
1F
100
AcDbEntity
 67
     0
  8
Struc_Section_Conc
  6
Continuous
 62
   256
 60
     0
 48
2.0
370
    -1
100
AcDbLine
 39
0.0
 10
1274.9579
 20
231.9997
 30
0.0
 11
1285.2079
 21
231.9997
 31
0.0
  0
LINE
  5
CCA
330
1F
100
AcDbEntity
 67
     0
  8
Struc_Section_Stair
  6
Continuous
 62
   256
 60
     0
 48
5.0
370
    -1
100
AcDbLine
 39
0.0
 10
1224.2079
 20
94.9997
 30
0.0
 11
1224.2079
 21
155.6247
 31
0.0
  0
LINE
  5
CCB
330
1F
100
AcDbEntity
 67
     0
  8
Struc_Section_Stair
  6
Continuous
 62
   256
 60
     0
 48
5.0
370
    -1
100
AcDbLine
 39
0.0
 10
1226.2079
 20
165.4997
 30
0.0
 11
1226.2079
 21
235.9997
 31
0.0
  0
LINE
  5
CCC
330
1F
100
AcDbEntity
 67
     0
  8
Struc_Section_Steel
  6
Continuous
 62
   256
 60
     0
 48
2.0
370
    -1
100
AcDbLine
 39
0.0
 10
891.6356
 20
232.3135
 30
0.0
 11
891.6356
 21
240.3135
 31
0.0
  0
LINE
  5
CCD
330
1F
100
AcDbEntity
 67
     0
  8
Struc_Section_Steel
  6
Continuous
 62
   256
 60
     0
 48
2.0
370
    -1
100
AcDbLine
 39
0.0
 10
891.6356
 20
240.3135
 30
0.0
 11
893.8856
 21
240.3135
 31
0.0
  0
LINE
  5
CCE
330
1F
100
AcDbEntity
 67
     0
  8
Struc_Section_Steel
  6
Continuous
 62
   256
 60
     0
 48
2.0
370
    -1
100
AcDbLine
 39
0.0
 10
891.6356
 20
232.3135
 30
0.0
 11
893.8856
 21
232.3135
 31
0.0
  0
LINE
  5
CCF
330
1F
100
AcDbEntity
 67
     0
  8
Struc_Section_Steel
  6
Continuous
 62
   256
 60
     0
 48
2.0
370
    -1
100
AcDbLine
 39
0.0
 10
892.1138
 20
239.871
 30
0.0
 11
893.7715
 21
240.016
 31
0.0
  0
LINE
  5
CD0
330
1F
100
AcDbEntity
 67
     0
  8
Struc_Section_Steel
  6
Continuous
 62
   256
 60
     0
 48
2.0
370
    -1
100
AcDbLine
 39
0.0
 10
891.8856
 20
233.0051
 30
0.0
 11
891.8856
 21
239.6219
 31
0.0
  0
ARC
  5
CD1
330
1F
100
AcDbEntity
 67
     0
  8
Struc_Section_Steel
  6
Continuous
 62
   256
 60
     0
 48
2.0
370
    -1
100
AcDbCircle
 39
0.0
 10
892.1356
 20
239.6219
 30
0.0
 40
0.25
100
AcDbArc
 50
95.0
 51
180.0
  0
LINE
  5
CD2
330
1F
100
AcDbEntity
 67
     0
  8
Struc_Section_Steel
  6
Continuous
 62
   256
 60
     0
 48
2.0
370
    -1
100
AcDbLine
 39
0.0
 10
892.1138
 20
232.756
 30
0.0
 11
893.7715
 21
232.611
 31
0.0
  0
ARC
  5
CD3
330
1F
100
AcDbEntity
 67
     0
  8
Struc_Section_Steel
  6
Continuous
 62
   256
 60
     0
 48
2.0
370
    -1
100
AcDbCircle
 39
0.0
 10
892.1356
 20
233.0051
 30
0.0
 40
0.25
100
AcDbArc
 50
180.0
 51
265.0
  0
LINE
  5
CD4
330
1F
100
AcDbEntity
 67
     0
  8
Struc_Section_Steel
  6
Continuous
 62
   256
 60
     0
 48
2.0
370
    -1
100
AcDbLine
 39
0.0
 10
893.8856
 20
240.3135
 30
0.0
 11
893.8856
 21
240.1405
 31
0.0
  0
LINE
  5
CD5
330
1F
100
AcDbEntity
 67
     0
  8
Struc_Section_Steel
  6
Continuous
 62
   256
 60
     0
 48
2.0
370
    -1
100
AcDbLine
 39
0.0
 10
893.8856
 20
232.4865
 30
0.0
 11
893.8856
 21
232.3135
 31
0.0
  0
ARC
  5
CD6
330
1F
100
AcDbEntity
 67
     0
  8
Struc_Section_Steel
  6
Continuous
 62
   256
 60
     0
 48
2.0
370
    -1
100
AcDbCircle
 39
0.0
 10
893.7606
 20
240.1405
 30
0.0
 40
0.125
100
AcDbArc
 50
275.0
 51
0.0
  0
ARC
  5
CD7
330
1F
100
AcDbEntity
 67
     0
  8
Struc_Section_Steel
  6
Continuous
 62
   256
 60
     0
 48
2.0
370
    -1
100
AcDbCircle
 39
0.0
 10
893.7606
 20
232.4865
 30
0.0
 40
0.125
100
AcDbArc
 50
0.0
 51
85.0
  0
LINE
  5
CD8
330
1F
100
AcDbEntity
 67
     0
  8
Struc_Section_Steel
  6
Continuous
 62
   256
 60
     0
 48
2.0
370
    -1
100
AcDbLine
 39
0.0
 10
891.6356
 20
244.6885
 30
0.0
 11
889.1639
 21
244.6885
 31
0.0
  0
LINE
  5
CD9
330
1F
100
AcDbEntity
 67
     0
  8
LAYER131A
  6
Continuous
 62
   256
 60
     0
 48
1.0
370
    -1
100
AcDbLine
 39
0.0
 10
869.1356
 20
229.5885
 30
0.0
 11
869.1356
 21
230.5885
 31
0.0
  0
LINE
  5
CDA
330
1F
100
AcDbEntity
 67
     0
  8
Struc_Section_Steel
  6
Continuous
 62
   256
 60
     0
 48
2.0
370
    -1
100
AcDbLine
 39
0.0
 10
787.8556
 20
174.1885
 30
0.0
 11
787.8556
 21
181.202
 31
0.0
  0
LINE
  5
CDB
330
1F
100
AcDbEntity
 67
     0
  8
Struc_Section_Steel
  6
Continuous
 62
   256
 60
     0
 48
2.0
370
    -1
100
AcDbLine
 39
0.0
 10
891.6356
 20
235.7208
 30
0.0
 11
891.6356
 21
244.6885
 31
0.0
  0
LINE
  5
CDC
330
1F
100
AcDbEntity
 67
     0
  8
Struc_Section_Steel
  6
Continuous
 62
   256
 60
     0
 48
2.0
370
    -1
100
AcDbLine
 39
0.0
 10
891.6356
 20
239.1885
 30
0.0
 11
891.6356
 21
244.6885
 31
0.0
  0
LINE
  5
CDD
330
1F
100
AcDbEntity
 67
     0
  8
Struc_Section_Conc
  6
Continuous
 62
   256
 60
     0
 48
2.0
370
    -1
100
AcDbLine
 39
0.0
 10
891.6356
 20
244.6885
 30
0.0
 11
952.6982
 21
244.6885
 31
0.0
  0
LINE
  5
CDE
330
1F
100
AcDbEntity
 67
     0
  8
Struc_Section_Steel
  6
Continuous
 62
   256
 60
     0
 48
2.0
370
    -1
100
AcDbLine
 39
0.0
 10
946.0706
 20
232.3135
 30
0.0
 11
946.0706
 21
240.3135
 31
0.0
  0
LINE
  5
CDF
330
1F
100
AcDbEntity
 67
     0
  8
Struc_Section_Steel
  6
Continuous
 62
   256
 60
     0
 48
2.0
370
    -1
100
AcDbLine
 39
0.0
 10
946.0706
 20
240.3135
 30
0.0
 11
948.3206
 21
240.3135
 31
0.0
  0
LINE
  5
CE0
330
1F
100
AcDbEntity
 67
     0
  8
Struc_Section_Steel
  6
Continuous
 62
   256
 60
     0
 48
2.0
370
    -1
100
AcDbLine
 39
0.0
 10
946.0706
 20
232.3135
 30
0.0
 11
948.3206
 21
232.3135
 31
0.0
  0
LINE
  5
CE1
330
1F
100
AcDbEntity
 67
     0
  8
Struc_Section_Steel
  6
Continuous
 62
   256
 60
     0
 48
2.0
370
    -1
100
AcDbLine
 39
0.0
 10
946.5488
 20
239.871
 30
0.0
 11
948.2065
 21
240.016
 31
0.0
  0
LINE
  5
CE2
330
1F
100
AcDbEntity
 67
     0
  8
Struc_Section_Steel
  6
Continuous
 62
   256
 60
     0
 48
2.0
370
    -1
100
AcDbLine
 39
0.0
 10
946.3206
 20
233.0051
 30
0.0
 11
946.3206
 21
239.6219
 31
0.0
  0
ARC
  5
CE3
330
1F
100
AcDbEntity
 67
     0
  8
Struc_Section_Steel
  6
Continuous
 62
   256
 60
     0
 48
2.0
370
    -1
100
AcDbCircle
 39
0.0
 10
946.5706
 20
239.6219
 30
0.0
 40
0.25
100
AcDbArc
 50
95.0
 51
180.0
  0
LINE
  5
CE4
330
1F
100
AcDbEntity
 67
     0
  8
Struc_Section_Steel
  6
Continuous
 62
   256
 60
     0
 48
2.0
370
    -1
100
AcDbLine
 39
0.0
 10
946.5488
 20
232.756
 30
0.0
 11
948.2065
 21
232.611
 31
0.0
  0
ARC
  5
CE5
330
1F
100
AcDbEntity
 67
     0
  8
Struc_Section_Steel
  6
Continuous
 62
   256
 60
     0
 48
2.0
370
    -1
100
AcDbCircle
 39
0.0
 10
946.5706
 20
233.0051
 30
0.0
 40
0.25
100
AcDbArc
 50
180.0
 51
265.0
  0
LINE
  5
CE6
330
1F
100
AcDbEntity
 67
     0
  8
Struc_Section_Steel
  6
Continuous
 62
   256
 60
     0
 48
2.0
370
    -1
100
AcDbLine
 39
0.0
 10
948.3206
 20
240.3135
 30
0.0
 11
948.3206
 21
240.1405
 31
0.0
  0
LINE
  5
CE7
330
1F
100
AcDbEntity
 67
     0
  8
Struc_Section_Steel
  6
Continuous
 62
   256
 60
     0
 48
2.0
370
    -1
100
AcDbLine
 39
0.0
 10
948.3206
 20
232.4865
 30
0.0
 11
948.3206
 21
232.3135
 31
0.0
  0
ARC
  5
CE8
330
1F
100
AcDbEntity
 67
     0
  8
Struc_Section_Steel
  6
Continuous
 62
   256
 60
     0
 48
2.0
370
    -1
100
AcDbCircle
 39
0.0
 10
948.1956
 20
240.1405
 30
0.0
 40
0.125
100
AcDbArc
 50
275.0
 51
0.0
  0
ARC
  5
CE9
330
1F
100
AcDbEntity
 67
     0
  8
Struc_Section_Steel
  6
Continuous
 62
   256
 60
     0
 48
2.0
370
    -1
100
AcDbCircle
 39
0.0
 10
948.1956
 20
232.4865
 30
0.0
 40
0.125
100
AcDbArc
 50
0.0
 51
85.0
  0
LINE
  5
CEA
330
1F
100
AcDbEntity
 67
     0
  8
Struc_Section_Conc
  6
Continuous
 62
   256
 60
     0
 48
2.0
370
    -1
100
AcDbLine
 39
0.0
 10
703.3779
 20
103.6885
 30
0.0
 11
951.6982
 21
103.6885
 31
0.0
  0
LINE
  5
CEB
330
1F
100
AcDbEntity
 67
     0
  8
Struc_Section_Steel
  6
Continuous
 62
   256
 60
     0
 48
2.0
370
    -1
100
AcDbLine
 39
0.0
 10
891.6356
 20
244.6885
 30
0.0
 11
891.6356
 21
235.7208
 31
0.0
  0
LINE
  5
CEC
330
1F
100
AcDbEntity
 67
     0
  8
Struc_Section_Steel
  6
Continuous
 62
   256
 60
     0
 48
2.0
370
    -1
100
AcDbLine
 39
0.0
 10
893.6356
 20
103.6885
 30
0.0
 11
893.6356
 21
110.6608
 31
0.0
  0
LINE
  5
CED
330
1F
100
AcDbEntity
 67
     0
  8
Struc_Section_Conc
  6
Continuous
 62
   256
 60
     0
 48
2.0
370
    -1
100
AcDbLine
 39
0.0
 10
952.6982
 20
245.1368
 30
0.0
 11
952.6982
 21
236.0144
 31
0.0
  0
LINE
  5
CEE
330
1F
100
AcDbEntity
 67
     0
  8
Struc_Section_Conc
  6
Continuous
 62
   256
 60
     0
 48
2.0
370
    -1
100
AcDbLine
 39
0.0
 10
952.6982
 20
236.0144
 30
0.0
 11
953.3351
 21
235.1397
 31
0.0
  0
LINE
  5
CEF
330
1F
100
AcDbEntity
 67
     0
  8
Struc_Section_Conc
  6
Continuous
 62
   256
 60
     0
 48
2.0
370
    -1
100
AcDbLine
 39
0.0
 10
953.3351
 20
235.1397
 30
0.0
 11
951.6224
 21
233.8955
 31
0.0
  0
LINE
  5
CF0
330
1F
100
AcDbEntity
 67
     0
  8
Struc_Section_Conc
  6
Continuous
 62
   256
 60
     0
 48
2.0
370
    -1
100
AcDbLine
 39
0.0
 10
951.6224
 20
233.8955
 30
0.0
 11
952.7371
 21
232.9306
 31
0.0
  0
LINE
  5
CF1
330
1F
100
AcDbEntity
 67
     0
  8
Struc_Section_Conc
  6
Continuous
 62
   256
 60
     0
 48
2.0
370
    -1
100
AcDbLine
 39
0.0
 10
952.7371
 20
232.9306
 30
0.0
 11
952.7371
 21
222.415
 31
0.0
  0
LINE
  5
CF2
330
1F
100
AcDbEntity
 67
     0
  8
Struc_Section_Conc
  6
Continuous
 62
   256
 60
     0
 48
2.0
370
    -1
100
AcDbLine
 39
0.0
 10
951.6982
 20
104.0707
 30
0.0
 11
951.6982
 21
101.8934
 31
0.0
  0
LINE
  5
CF3
330
1F
100
AcDbEntity
 67
     0
  8
Struc_Section_Conc
  6
Continuous
 62
   256
 60
     0
 48
2.0
370
    -1
100
AcDbLine
 39
0.0
 10
951.6982
 20
101.8934
 30
0.0
 11
952.0096
 21
101.4658
 31
0.0
  0
LINE
  5
CF4
330
1F
100
AcDbEntity
 67
     0
  8
Struc_Section_Conc
  6
Continuous
 62
   256
 60
     0
 48
2.0
370
    -1
100
AcDbLine
 39
0.0
 10
952.0096
 20
101.4658
 30
0.0
 11
951.1532
 21
100.8437
 31
0.0
  0
LINE
  5
CF5
330
1F
100
AcDbEntity
 67
     0
  8
Struc_Section_Conc
  6
Continuous
 62
   256
 60
     0
 48
2.0
370
    -1
100
AcDbLine
 39
0.0
 10
951.1532
 20
100.8437
 30
0.0
 11
951.7371
 21
100.3383
 31
0.0
  0
LINE
  5
CF6
330
1F
100
AcDbEntity
 67
     0
  8
Struc_Section_Conc
  6
Continuous
 62
   256
 60
     0
 48
2.0
370
    -1
100
AcDbLine
 39
0.0
 10
951.7371
 20
100.3383
 30
0.0
 11
951.7371
 21
98.1412
 31
0.0
  0
LINE
  5
CF7
330
1F
100
AcDbEntity
 67
     0
  8
Struc_Section_Conc
  6
Continuous
 62
   256
 60
     0
 48
2.0
370
    -1
100
AcDbLine
 39
0.0
 10
703.3779
 20
104.0707
 30
0.0
 11
703.3779
 21
101.8934
 31
0.0
  0
LINE
  5
CF8
330
1F
100
AcDbEntity
 67
     0
  8
Struc_Section_Conc
  6
Continuous
 62
   256
 60
     0
 48
2.0
370
    -1
100
AcDbLine
 39
0.0
 10
703.3779
 20
101.8934
 30
0.0
 11
703.6893
 21
101.4658
 31
0.0
  0
LINE
  5
CF9
330
1F
100
AcDbEntity
 67
     0
  8
Struc_Section_Conc
  6
Continuous
 62
   256
 60
     0
 48
2.0
370
    -1
100
AcDbLine
 39
0.0
 10
703.6893
 20
101.4658
 30
0.0
 11
702.8329
 21
100.8437
 31
0.0
  0
LINE
  5
CFA
330
1F
100
AcDbEntity
 67
     0
  8
Struc_Section_Conc
  6
Continuous
 62
   256
 60
     0
 48
2.0
370
    -1
100
AcDbLine
 39
0.0
 10
702.8329
 20
100.8437
 30
0.0
 11
703.4168
 21
100.3383
 31
0.0
  0
LINE
  5
CFB
330
1F
100
AcDbEntity
 67
     0
  8
Struc_Section_Conc
  6
Continuous
 62
   256
 60
     0
 48
2.0
370
    -1
100
AcDbLine
 39
0.0
 10
703.4168
 20
100.3383
 30
0.0
 11
703.4168
 21
98.1412
 31
0.0
  0
LINE
  5
CFC
330
1F
100
AcDbEntity
 67
     0
  8
Struc_Section_Steel
  6
Continuous
 62
   256
 60
     0
 48
2.0
370
    -1
100
AcDbLine
 39
0.0
 10
792.2615
 20
174.1885
 30
0.0
 11
787.8556
 21
174.1885
 31
0.0
  0
LINE
  5
CFD
330
1F
100
AcDbEntity
 67
     0
  8
Center
  6
CENTER
 62
   256
 60
     0
 48
5.0
370
    -1
100
AcDbLine
 39
0.0
 10
741.1356
 20
79.6885
 30
0.0
 11
741.1356
 21
284.1433
 31
0.0
  0
LINE
  5
CFE
330
1F
100
AcDbEntity
 67
     0
  8
Struc_Section_Conc
  6
Continuous
 62
   256
 60
     0
 48
2.0
370
    -1
100
AcDbLine
 39
0.0
 10
744.0106
 20
244.6885
 30
0.0
 11
687.3402
 21
244.6885
 31
0.0
  0
LINE
  5
CFF
330
1F
100
AcDbEntity
 67
     0
  8
Struc_Section_Steel
  6
Continuous
 62
   256
 60
     0
 48
2.0
370
    -1
100
AcDbLine
 39
0.0
 10
885.9724
 20
103.6885
 30
0.0
 11
895.2606
 21
103.6885
 31
0.0
  0
LINE
  5
D00
330
1F
100
AcDbEntity
 67
     0
  8
Struc_Section_Conc
  6
Continuous
 62
   256
 60
     0
 48
2.0
370
    -1
100
AcDbLine
 39
0.0
 10
744.0106
 20
240.6885
 30
0.0
 11
736.7179
 21
240.6885
 31
0.0
  0
LINE
  5
D01
330
1F
100
AcDbEntity
 67
     0
  8
Struc_Section_Conc
  6
Continuous
 62
   256
 60
     0
 48
2.0
370
    -1
100
AcDbLine
 39
0.0
 10
744.0106
 20
240.6885
 30
0.0
 11
744.0106
 21
244.6885
 31
0.0
  0
LINE
  5
D02
330
1F
100
AcDbEntity
 67
     0
  8
Struc_Section_Conc
  6
Continuous
 62
   256
 60
     0
 48
2.0
370
    -1
100
AcDbLine
 39
0.0
 10
736.7179
 20
240.6885
 30
0.0
 11
735.6725
 21
241.7339
 31
0.0
  0
LINE
  5
D03
330
1F
100
AcDbEntity
 67
     0
  8
Struc_Section_Conc
  6
Continuous
 62
   256
 60
     0
 48
2.0
370
    -1
100
AcDbLine
 39
0.0
 10
721.9054
 20
240.6885
 30
0.0
 11
728.1228
 21
240.6885
 31
0.0
  0
LINE
  5
D04
330
1F
100
AcDbEntity
 67
     0
  8
Struc_Section_Conc
  6
Continuous
 62
   256
 60
     0
 48
2.0
370
    -1
100
AcDbLine
 39
0.0
 10
721.9054
 20
240.6885
 30
0.0
 11
720.86
 21
241.7339
 31
0.0
  0
LINE
  5
D05
330
1F
100
AcDbEntity
 67
     0
  8
Struc_Section_Conc
  6
Continuous
 62
   256
 60
     0
 48
2.0
370
    -1
100
AcDbLine
 39
0.0
 10
714.3856
 20
241.7339
 30
0.0
 11
720.86
 21
241.7339
 31
0.0
  0
LINE
  5
D06
330
1F
100
AcDbEntity
 67
     0
  8
Struc_Section_Conc
  6
Continuous
 62
   256
 60
     0
 48
2.0
370
    -1
100
AcDbLine
 39
0.0
 10
728.1528
 20
240.6885
 30
0.0
 11
729.1981
 21
241.7339
 31
0.0
  0
LINE
  5
D07
330
1F
100
AcDbEntity
 67
     0
  8
Struc_Section_Conc
  6
Continuous
 62
   256
 60
     0
 48
2.0
370
    -1
100
AcDbLine
 39
0.0
 10
729.1981
 20
241.7339
 30
0.0
 11
735.6725
 21
241.7339
 31
0.0
  0
LINE
  5
D08
330
1F
100
AcDbEntity
 67
     0
  8
Struc_Section_Conc
  6
Continuous
 62
   256
 60
     0
 48
2.0
370
    -1
100
AcDbLine
 39
0.0
 10
891.6356
 20
240.6885
 30
0.0
 11
952.7371
 21
240.6885
 31
0.0
  0
LINE
  5
D09
330
1F
100
AcDbEntity
 67
     0
  8
Struc_Section_Conc
  6
Continuous
 62
   256
 60
     0
 48
2.0
370
    -1
100
AcDbLine
 39
0.0
 10
891.6356
 20
240.6885
 30
0.0
 11
891.6356
 21
244.6885
 31
0.0
  0
LINE
  5
D0A
330
1F
100
AcDbEntity
 67
     0
  8
Struc_Section_Conc
  6
Continuous
 62
   256
 60
     0
 48
2.0
370
    -1
100
AcDbLine
 39
0.0
 10
744.0106
 20
244.6885
 30
0.0
 11
890.2097
 21
244.6885
 31
0.0
  0
LINE
  5
D0B
330
1F
100
AcDbEntity
 67
     0
  8
LAYER131A
  6
Continuous
 62
   256
 60
     0
 48
1.0
370
    -1
100
AcDbLine
 39
0.0
 10
739.1356
 20
220.8135
 30
0.0
 11
739.1356
 21
103.6885
 31
0.0
  0
LINE
  5
D0C
330
1F
100
AcDbEntity
 67
     0
  8
LAYER131A
  6
Continuous
 62
   256
 60
     0
 48
1.0
370
    -1
100
AcDbLine
 39
0.0
 10
743.1356
 20
220.8135
 30
0.0
 11
743.1356
 21
103.6885
 31
0.0
  0
LINE
  5
D0D
330
1F
100
AcDbEntity
 67
     0
  8
Struc_Section_Steel
  6
Continuous
 62
   256
 60
     0
 48
4.0
370
    -1
100
AcDbLine
 39
0.0
 10
739.3856
 20
220.8135
 30
0.0
 11
739.3856
 21
103.6885
 31
0.0
  0
LINE
  5
D0E
330
1F
100
AcDbEntity
 67
     0
  8
Struc_Section_Steel
  6
Continuous
 62
   256
 60
     0
 48
4.0
370
    -1
100
AcDbLine
 39
0.0
 10
742.8856
 20
220.8135
 30
0.0
 11
742.8856
 21
103.6885
 31
0.0
  0
LWPOLYLINE
  5
D0F
330
1F
100
AcDbEntity
 67
     0
  8
Struc_Section_BP
  6
Continuous
 62
   256
 60
     0
 48
2.0
370
    -1
100
AcDbPolyline
 90
        4
 70
     1
 10
736.1356
 20
102.9385
 10
746.1356
 20
102.9385
 10
746.1356
 20
103.6885
 10
736.1356
 20
103.6885
  0
LINE
  5
D10
330
1F
100
AcDbEntity
 67
     0
  8
C-241-1
  6
Continuous
 62
   256
 60
     0
 48
1.0
370
    -1
100
AcDbLine
 39
0.0
 10
744.5095
 20
105.4102
 30
0.0
 11
744.5095
 21
104.3689
 31
0.0
  0
LINE
  5
D11
330
1F
100
AcDbEntity
 67
     0
  8
C-241-1
  6
Continuous
 62
   256
 60
     0
 48
1.0
370
    -1
100
AcDbLine
 39
0.0
 10
745.2617
 20
105.4102
 30
0.0
 11
745.2617
 21
104.3689
 31
0.0
  0
LINE
  5
D12
330
1F
100
AcDbEntity
 67
     0
  8
C-241-1
  6
Continuous
 62
   256
 60
     0
 48
1.0
370
    -1
100
AcDbLine
 39
0.0
 10
746.0065
 20
103.8741
 30
0.0
 11
743.7647
 21
103.8741
 31
0.0
  0
LINE
  5
D13
330
1F
100
AcDbEntity
 67
     0
  8
C-241-1
  6
Continuous
 62
   256
 60
     0
 48
1.0
370
    -1
100
AcDbLine
 39
0.0
 10
746.0065
 20
103.6885
 30
0.0
 11
743.7647
 21
103.6885
 31
0.0
  0
LINE
  5
D14
330
1F
100
AcDbEntity
 67
     0
  8
C-241-1
  6
Continuous
 62
   256
 60
     0
 48
1.0
370
    -1
100
AcDbLine
 39
0.0
 10
746.0065
 20
103.8741
 30
0.0
 11
746.0065
 21
103.6885
 31
0.0
  0
LINE
  5
D15
330
1F
100
AcDbEntity
 67
     0
  8
C-241-1
  6
Continuous
 62
   256
 60
     0
 48
10.0
370
    -1
100
AcDbLine
 39
0.0
 10
744.5095
 20
104.3689
 30
0.0
 11
744.5095
 21
84.6885
 31
0.0
  0
LINE
  5
D16
330
1F
100
AcDbEntity
 67
     0
  8
C-241-1
  6
Continuous
 62
   256
 60
     0
 48
10.0
370
    -1
100
AcDbLine
 39
0.0
 10
745.2617
 20
104.3689
 30
0.0
 11
745.2617
 21
84.6885
 31
0.0
  0
LINE
  5
D17
330
1F
100
AcDbEntity
 67
     0
  8
C-241-1
  6
Continuous
 62
   256
 60
     0
 48
10.0
370
    -1
100
AcDbLine
 39
0.0
 10
745.2617
 20
84.6885
 30
0.0
 11
744.5095
 21
84.6885
 31
0.0
  0
LINE
  5
D18
330
1F
100
AcDbEntity
 67
     0
  8
C-241-1
  6
Continuous
 62
   256
 60
     0
 48
1.0
370
    -1
100
AcDbLine
 39
0.0
 10
745.7565
 20
104.3689
 30
0.0
 11
744.0147
 21
104.3689
 31
0.0
  0
LINE
  5
D19
330
1F
100
AcDbEntity
 67
     0
  8
C-241-1
  6
Continuous
 62
   256
 60
     0
 48
1.0
370
    -1
100
AcDbLine
 39
0.0
 10
745.7565
 20
104.3689
 30
0.0
 11
745.7565
 21
103.8741
 31
0.0
  0
LINE
  5
D1A
330
1F
100
AcDbEntity
 67
     0
  8
C-241-1
  6
Continuous
 62
   256
 60
     0
 48
1.0
370
    -1
100
AcDbLine
 39
0.0
 10
744.0147
 20
104.3689
 30
0.0
 11
744.0147
 21
103.8741
 31
0.0
  0
LINE
  5
D1B
330
1F
100
AcDbEntity
 67
     0
  8
C-241-1
  6
Continuous
 62
   256
 60
     0
 48
1.0
370
    -1
100
AcDbLine
 39
0.0
 10
745.2617
 20
105.4102
 30
0.0
 11
744.5095
 21
105.4102
 31
0.0
  0
LINE
  5
D1C
330
1F
100
AcDbEntity
 67
     0
  8
C-241-1
  6
Continuous
 62
   256
 60
     0
 48
1.0
370
    -1
100
AcDbLine
 39
0.0
 10
743.7647
 20
103.8741
 30
0.0
 11
743.7647
 21
103.6885
 31
0.0
  0
LINE
  5
D1D
330
1F
100
AcDbEntity
 67
     0
  8
C-241-1
  6
Continuous
 62
   256
 60
     0
 48
1.0
370
    -1
100
AcDbLine
 39
0.0
 10
737.7617
 20
105.4102
 30
0.0
 11
737.7617
 21
104.3689
 31
0.0
  0
LINE
  5
D1E
330
1F
100
AcDbEntity
 67
     0
  8
C-241-1
  6
Continuous
 62
   256
 60
     0
 48
1.0
370
    -1
100
AcDbLine
 39
0.0
 10
737.0095
 20
105.4102
 30
0.0
 11
737.0095
 21
104.3689
 31
0.0
  0
LINE
  5
D1F
330
1F
100
AcDbEntity
 67
     0
  8
C-241-1
  6
Continuous
 62
   256
 60
     0
 48
1.0
370
    -1
100
AcDbLine
 39
0.0
 10
736.2647
 20
103.8741
 30
0.0
 11
738.5065
 21
103.8741
 31
0.0
  0
LINE
  5
D20
330
1F
100
AcDbEntity
 67
     0
  8
C-241-1
  6
Continuous
 62
   256
 60
     0
 48
1.0
370
    -1
100
AcDbLine
 39
0.0
 10
736.2647
 20
103.6885
 30
0.0
 11
738.5065
 21
103.6885
 31
0.0
  0
LINE
  5
D21
330
1F
100
AcDbEntity
 67
     0
  8
C-241-1
  6
Continuous
 62
   256
 60
     0
 48
10.0
370
    -1
100
AcDbLine
 39
0.0
 10
737.7617
 20
104.3689
 30
0.0
 11
737.7617
 21
84.6885
 31
0.0
  0
LINE
  5
D22
330
1F
100
AcDbEntity
 67
     0
  8
C-241-1
  6
Continuous
 62
   256
 60
     0
 48
10.0
370
    -1
100
AcDbLine
 39
0.0
 10
737.0095
 20
104.3689
 30
0.0
 11
737.0095
 21
84.6885
 31
0.0
  0
LINE
  5
D23
330
1F
100
AcDbEntity
 67
     0
  8
C-241-1
  6
Continuous
 62
   256
 60
     0
 48
10.0
370
    -1
100
AcDbLine
 39
0.0
 10
737.0095
 20
84.6885
 30
0.0
 11
737.7617
 21
84.6885
 31
0.0
  0
LINE
  5
D24
330
1F
100
AcDbEntity
 67
     0
  8
C-241-1
  6
Continuous
 62
   256
 60
     0
 48
1.0
370
    -1
100
AcDbLine
 39
0.0
 10
736.5147
 20
104.3689
 30
0.0
 11
738.2565
 21
104.3689
 31
0.0
  0
LINE
  5
D25
330
1F
100
AcDbEntity
 67
     0
  8
C-241-1
  6
Continuous
 62
   256
 60
     0
 48
1.0
370
    -1
100
AcDbLine
 39
0.0
 10
736.5147
 20
104.3689
 30
0.0
 11
736.5147
 21
103.8741
 31
0.0
  0
LINE
  5
D26
330
1F
100
AcDbEntity
 67
     0
  8
C-241-1
  6
Continuous
 62
   256
 60
     0
 48
1.0
370
    -1
100
AcDbLine
 39
0.0
 10
738.2565
 20
104.3689
 30
0.0
 11
738.2565
 21
103.8741
 31
0.0
  0
LINE
  5
D27
330
1F
100
AcDbEntity
 67
     0
  8
C-241-1
  6
Continuous
 62
   256
 60
     0
 48
1.0
370
    -1
100
AcDbLine
 39
0.0
 10
737.0095
 20
105.4102
 30
0.0
 11
737.7617
 21
105.4102
 31
0.0
  0
LINE
  5
D28
330
1F
100
AcDbEntity
 67
     0
  8
C-241-1
  6
Continuous
 62
   256
 60
     0
 48
1.0
370
    -1
100
AcDbLine
 39
0.0
 10
738.5065
 20
103.8741
 30
0.0
 11
738.5065
 21
103.6885
 31
0.0
  0
LINE
  5
D29
330
1F
100
AcDbEntity
 67
     0
  8
C-241-1
  6
Continuous
 62
   256
 60
     0
 48
1.0
370
    -1
100
AcDbLine
 39
0.0
 10
736.2647
 20
103.8741
 30
0.0
 11
736.2647
 21
103.6885
 31
0.0
  0
LINE
  5
D2A
330
1F
100
AcDbEntity
 67
     0
  8
Struc_Section_Conc
  6
Continuous
 62
   256
 60
     0
 48
2.0
370
    -1
100
AcDbLine
 39
0.0
 10
729.1356
 20
79.6885
 30
0.0
 11
753.1356
 21
79.6885
 31
0.0
  0
LINE
  5
D2B
330
1F
100
AcDbEntity
 67
     0
  8
Struc_Section_Conc
  6
Continuous
 62
   256
 60
     0
 48
2.0
370
    -1
100
AcDbLine
 39
0.0
 10
729.1356
 20
79.6885
 30
0.0
 11
729.1356
 21
98.6885
 31
0.0
  0
LINE
  5
D2C
330
1F
100
AcDbEntity
 67
     0
  8
Struc_Section_Conc
  6
Continuous
 62
   256
 60
     0
 48
2.0
370
    -1
100
AcDbLine
 39
0.0
 10
753.1356
 20
79.6885
 30
0.0
 11
753.1356
 21
98.6885
 31
0.0
  0
LINE
  5
D2D
330
1F
100
AcDbEntity
 67
     0
  8
Structural_SteelBeam
  6
Continuous
 62
   256
 60
     0
 48
1.0
370
    -1
100
AcDbLine
 39
0.0
 10
741.2606
 20
236.3135
 30
0.0
 11
741.2606
 21
221.1885
 31
0.0
  0
LINE
  5
D2E
330
1F
100
AcDbEntity
 67
     0
  8
Structural_SteelBeam
  6
Continuous
 62
   256
 60
     0
 48
1.0
370
    -1
100
AcDbLine
 39
0.0
 10
741.0106
 20
236.3135
 30
0.0
 11
741.0106
 21
221.1885
 31
0.0
  0
LINE
  5
D2F
330
1F
100
AcDbEntity
 67
     0
  8
Structural_SteelBeam
  6
Continuous
 62
   256
 60
     0
 48
1.0
370
    -1
100
AcDbLine
 39
0.0
 10
743.8856
 20
220.8135
 30
0.0
 11
738.3856
 21
220.8135
 31
0.0
  0
LINE
  5
D30
330
1F
100
AcDbEntity
 67
     0
  8
Structural_SteelBeam
  6
Continuous
 62
   256
 60
     0
 48
1.0
370
    -1
100
AcDbLine
 39
0.0
 10
743.8856
 20
221.1885
 30
0.0
 11
741.2606
 21
221.1885
 31
0.0
  0
LINE
  5
D31
330
1F
100
AcDbEntity
 67
     0
  8
Structural_SteelBeam
  6
Continuous
 62
   256
 60
     0
 48
1.0
370
    -1
100
AcDbLine
 39
0.0
 10
743.8856
 20
221.1885
 30
0.0
 11
743.8856
 21
220.8135
 31
0.0
  0
LINE
  5
D32
330
1F
100
AcDbEntity
 67
     0
  8
Structural_SteelBeam
  6
Continuous
 62
   256
 60
     0
 48
1.0
370
    -1
100
AcDbLine
 39
0.0
 10
741.0106
 20
221.1885
 30
0.0
 11
738.3856
 21
221.1885
 31
0.0
  0
LINE
  5
D33
330
1F
100
AcDbEntity
 67
     0
  8
Structural_SteelBeam
  6
Continuous
 62
   256
 60
     0
 48
1.0
370
    -1
100
AcDbLine
 39
0.0
 10
743.8856
 20
236.6885
 30
0.0
 11
738.3856
 21
236.6885
 31
0.0
  0
LINE
  5
D34
330
1F
100
AcDbEntity
 67
     0
  8
Structural_SteelBeam
  6
Continuous
 62
   256
 60
     0
 48
1.0
370
    -1
100
AcDbLine
 39
0.0
 10
743.8856
 20
236.6885
 30
0.0
 11
743.8856
 21
236.3135
 31
0.0
  0
LINE
  5
D35
330
1F
100
AcDbEntity
 67
     0
  8
Structural_SteelBeam
  6
Continuous
 62
   256
 60
     0
 48
1.0
370
    -1
100
AcDbLine
 39
0.0
 10
738.3856
 20
236.6885
 30
0.0
 11
738.3856
 21
236.3135
 31
0.0
  0
LINE
  5
D36
330
1F
100
AcDbEntity
 67
     0
  8
Structural_SteelBeam
  6
Continuous
 62
   256
 60
     0
 48
1.0
370
    -1
100
AcDbLine
 39
0.0
 10
743.8856
 20
236.3135
 30
0.0
 11
741.2606
 21
236.3135
 31
0.0
  0
LINE
  5
D37
330
1F
100
AcDbEntity
 67
     0
  8
Structural_SteelBeam
  6
Continuous
 62
   256
 60
     0
 48
1.0
370
    -1
100
AcDbLine
 39
0.0
 10
741.0106
 20
236.3135
 30
0.0
 11
738.3856
 21
236.3135
 31
0.0
  0
LINE
  5
D38
330
1F
100
AcDbEntity
 67
     0
  8
Structural_SteelBeam
  6
Continuous
 62
   256
 60
     0
 48
1.0
370
    -1
100
AcDbLine
 39
0.0
 10
738.3856
 20
221.1885
 30
0.0
 11
738.3856
 21
220.8135
 31
0.0
  0
HATCH
  5
D39
330
1F
100
AcDbEntity
 67
     0
  8
Structural_SteelBeam
  6
Continuous
 62
   256
 60
     0
 48
1.0
370
    -1
100
AcDbHatch
 10
0.0
 20
0.0
 30
0.0
210
0.0
220
0.0
230
1.0
  2
STEEL
 70
     0
 71
     0
 91
        2
 92
        7
 72
     0
 73
     1
 93
        8
 10
743.8856
 20
236.6885
 10
743.8856
 20
236.3135
 10
741.2606
 20
236.3135
 10
741.2606
 20
221.1885
 10
743.8856
 20
221.1885
 10
743.8856
 20
220.8135
 10
741.1356
 20
220.8135
 10
741.1356
 20
236.6885
 97
        0
 92
        7
 72
     0
 73
     1
 93
        8
 10
738.3856
 20
236.3135
 10
738.3856
 20
236.6885
 10
741.1356
 20
236.6885
 10
741.1356
 20
220.8135
 10
738.3856
 20
220.8135
 10
738.3856
 20
221.1885
 10
741.0106
 20
221.1885
 10
741.0106
 20
236.3135
 97
        0
 75
     0
 76
     1
 52
0.0
 41
5.0
 77
     0
 78
     2
 53
135.0
 43
901.0584
 44
252.6429
 45
0.4419
 46
0.4419
 79
     0
 53
135.0
 43
901.0584
 44
252.9554
 45
0.4419
 46
0.4419
 79
     0
 47
0.0428
 98
        2
 10
741.4539
 20
236.5158
 10
740.6404
 20
236.4731
450
        0
451
         -2147483648
460
0.0
461
0.0
452
        0
462
0.0
453
        0
463
0.0
463
1.0
470

  0
LINE
  5
D3A
330
1F
100
AcDbEntity
 67
     0
  8
Structural_Steel_Joist
  6
Continuous
 62
   256
 60
     0
 48
1.0
370
    -1
100
AcDbLine
 39
0.0
 10
687.4514
 20
234.5202
 30
0.0
 11
691.7606
 21
239.1885
 31
0.0
  0
LINE
  5
D3B
330
1F
100
AcDbEntity
 67
     0
  8
Structural_Steel_Joist
  6
Continuous
 62
   256
 60
     0
 48
1.0
370
    -1
100
AcDbLine
 39
0.0
 10
743.1356
 20
240.6885
 30
0.0
 11
687.3402
 21
240.6885
 31
0.0
  0
LINE
  5
D3C
330
1F
100
AcDbEntity
 67
     0
  8
Structural_Steel_Joist
  6
Continuous
 62
   256
 60
     0
 48
1.0
370
    -1
100
AcDbLine
 39
0.0
 10
743.1356
 20
240.3135
 30
0.0
 11
687.3402
 21
240.3135
 31
0.0
  0
LINE
  5
D3D
330
1F
100
AcDbEntity
 67
     0
  8
Structural_Steel_Joist
  6
Continuous
 62
   256
 60
     0
 48
1.0
370
    -1
100
AcDbLine
 39
0.0
 10
743.1356
 20
239.1885
 30
0.0
 11
687.3402
 21
239.1885
 31
0.0
  0
LINE
  5
D3E
330
1F
100
AcDbEntity
 67
     0
  8
Structural_Steel_Joist
  6
Continuous
 62
   256
 60
     0
 48
1.0
370
    -1
100
AcDbLine
 39
0.0
 10
687.1639
 20
228.4085
 30
0.0
 11
740.0106
 21
228.4085
 31
0.0
  0
LINE
  5
D3F
330
1F
100
AcDbEntity
 67
     0
  8
Structural_Steel_Joist
  6
Continuous
 62
   256
 60
     0
 48
1.0
370
    -1
100
AcDbLine
 39
0.0
 10
687.1639
 20
227.2835
 30
0.0
 11
740.0106
 21
227.2835
 31
0.0
  0
LINE
  5
D40
330
1F
100
AcDbEntity
 67
     0
  8
Structural_Steel_Joist
  6
Continuous
 62
   256
 60
     0
 48
1.0
370
    -1
100
AcDbLine
 39
0.0
 10
687.1639
 20
226.9085
 30
0.0
 11
740.0106
 21
226.9085
 31
0.0
  0
LINE
  5
D41
330
1F
100
AcDbEntity
 67
     0
  8
Structural_Steel_Joist
  6
Continuous
 62
   256
 60
     0
 48
1.0
370
    -1
100
AcDbLine
 39
0.0
 10
703.7606
 20
228.4085
 30
0.0
 11
715.7606
 21
239.1885
 31
0.0
  0
LINE
  5
D42
330
1F
100
AcDbEntity
 67
     0
  8
Structural_Steel_Joist
  6
Continuous
 62
   256
 60
     0
 48
1.0
370
    -1
100
AcDbLine
 39
0.0
 10
715.7606
 20
239.1885
 30
0.0
 11
727.7606
 21
228.4085
 31
0.0
  0
LINE
  5
D43
330
1F
100
AcDbEntity
 67
     0
  8
Structural_Steel_Joist
  6
Continuous
 62
   256
 60
     0
 48
1.0
370
    -1
100
AcDbLine
 39
0.0
 10
727.7606
 20
228.4085
 30
0.0
 11
739.1356
 21
239.1885
 31
0.0
  0
LINE
  5
D44
330
1F
100
AcDbEntity
 67
     0
  8
Structural_Steel_Joist
  6
Continuous
 62
   256
 60
     0
 48
1.0
370
    -1
100
AcDbLine
 39
0.0
 10
691.7606
 20
239.1885
 30
0.0
 11
703.7606
 21
228.4085
 31
0.0
  0
LINE
  5
D45
330
1F
100
AcDbEntity
 67
     0
  8
Structural_Steel_Joist
  6
Continuous
 62
   256
 60
     0
 48
1.0
370
    -1
100
AcDbLine
 39
0.0
 10
740.0106
 20
228.4085
 30
0.0
 11
740.0106
 21
226.9085
 31
0.0
  0
LINE
  5
D46
330
1F
100
AcDbEntity
 67
     0
  8
Structural_Steel_Joist
  6
Continuous
 62
   256
 60
     0
 48
1.0
370
    -1
100
AcDbLine
 39
0.0
 10
743.1356
 20
236.6885
 30
0.0
 11
743.1356
 21
240.6885
 31
0.0
  0
LINE
  5
D47
330
1F
100
AcDbEntity
 67
     0
  8
Structural_Steel_Joist
  6
Continuous
 62
   256
 60
     0
 48
1.0
370
    -1
100
AcDbLine
 39
0.0
 10
739.1356
 20
236.6885
 30
0.0
 11
739.1356
 21
239.1885
 31
0.0
  0
LINE
  5
D48
330
1F
100
AcDbEntity
 67
     0
  8
Structural_Steel_Joist
  6
Continuous
 62
   256
 60
     0
 48
1.0
370
    -1
100
AcDbLine
 39
0.0
 10
743.1356
 20
236.6885
 30
0.0
 11
739.1356
 21
236.6885
 31
0.0
  0
LINE
  5
D49
330
1F
100
AcDbEntity
 67
     0
  8
Structural_Steel_Joist
  6
Continuous
 62
   256
 60
     0
 48
1.0
370
    -1
100
AcDbLine
 39
0.0
 10
739.1356
 20
237.0635
 30
0.0
 11
743.1356
 21
237.0635
 31
0.0
  0
LINE
  5
D4A
330
1F
100
AcDbEntity
 67
     0
  8
Struc_Section_Conc
  6
Continuous
 62
   256
 60
     0
 48
2.0
370
    -1
100
AcDbLine
 39
0.0
 10
728.1528
 20
240.6885
 30
0.0
 11
725.1057
 21
240.6885
 31
0.0
  0
LINE
  5
D4B
330
1F
100
AcDbEntity
 67
     0
  8
L1
  6
Continuous
 62
   256
 60
     0
 48
1.0
370
    -1
100
AcDbLine
 39
0.0
 10
686.2828
 20
235.0646
 30
0.0
 11
688.9262
 21
233.8333
 31
0.0
  0
LINE
  5
D4C
330
1F
100
AcDbEntity
 67
     0
  8
L1
  6
Continuous
 62
   256
 60
     0
 48
1.0
370
    -1
100
AcDbLine
 39
0.0
 10
688.9262
 20
233.8333
 30
0.0
 11
687.1639
 21
232.04
 31
0.0
  0
LINE
  5
D4D
330
1F
100
AcDbEntity
 67
     0
  8
L1
  6
Continuous
 62
   256
 60
     0
 48
1.0
370
    -1
100
AcDbLine
 39
0.0
 10
687.1639
 20
232.04
 30
0.0
 11
687.1639
 21
225.6775
 31
0.0
  0
LINE
  5
D4E
330
1F
100
AcDbEntity
 67
     0
  8
L1
  6
Continuous
 62
   256
 60
     0
 48
1.0
370
    -1
100
AcDbLine
 39
0.0
 10
687.3402
 20
236.649
 30
0.0
 11
686.2828
 21
235.0646
 31
0.0
  0
LINE
  5
D4F
330
1F
100
AcDbEntity
 67
     0
  8
Structural_Steel_Deck
  6
Continuous
 62
   256
 60
     0
 48
1.0
370
    -1
100
AcDbLine
 39
0.0
 10
698.5278
 20
240.6885
 30
0.0
 11
695.4807
 21
240.6885
 31
0.0
  0
LINE
  5
D50
330
1F
100
AcDbEntity
 67
     0
  8
L1
  6
Continuous
 62
   256
 60
     0
 48
1.0
370
    -1
100
AcDbLine
 39
0.0
 10
687.3402
 20
245.0884
 30
0.0
 11
687.3402
 21
236.649
 31
0.0
  0
LINE
  5
D51
330
1F
100
AcDbEntity
 67
     0
  8
Struc_Section_Conc
  6
Continuous
 62
   256
 60
     0
 48
2.0
370
    -1
100
AcDbLine
 39
0.0
 10
707.0929
 20
240.6885
 30
0.0
 11
713.3103
 21
240.6885
 31
0.0
  0
LINE
  5
D52
330
1F
100
AcDbEntity
 67
     0
  8
Struc_Section_Conc
  6
Continuous
 62
   256
 60
     0
 48
2.0
370
    -1
100
AcDbLine
 39
0.0
 10
707.0929
 20
240.6885
 30
0.0
 11
706.0475
 21
241.7339
 31
0.0
  0
LINE
  5
D53
330
1F
100
AcDbEntity
 67
     0
  8
Struc_Section_Conc
  6
Continuous
 62
   256
 60
     0
 48
2.0
370
    -1
100
AcDbLine
 39
0.0
 10
699.5731
 20
241.7339
 30
0.0
 11
706.0475
 21
241.7339
 31
0.0
  0
LINE
  5
D54
330
1F
100
AcDbEntity
 67
     0
  8
Struc_Section_Conc
  6
Continuous
 62
   256
 60
     0
 48
2.0
370
    -1
100
AcDbLine
 39
0.0
 10
713.3403
 20
240.6885
 30
0.0
 11
714.3856
 21
241.7339
 31
0.0
  0
LINE
  5
D55
330
1F
100
AcDbEntity
 67
     0
  8
Struc_Section_Conc
  6
Continuous
 62
   256
 60
     0
 48
2.0
370
    -1
100
AcDbLine
 39
0.0
 10
713.3403
 20
240.6885
 30
0.0
 11
710.2932
 21
240.6885
 31
0.0
  0
LINE
  5
D56
330
1F
100
AcDbEntity
 67
     0
  8
Struc_Section_Conc
  6
Continuous
 62
   256
 60
     0
 48
2.0
370
    -1
100
AcDbLine
 39
0.0
 10
692.2804
 20
240.6885
 30
0.0
 11
698.4978
 21
240.6885
 31
0.0
  0
LINE
  5
D57
330
1F
100
AcDbEntity
 67
     0
  8
Struc_Section_Conc
  6
Continuous
 62
   256
 60
     0
 48
2.0
370
    -1
100
AcDbLine
 39
0.0
 10
692.2804
 20
240.6885
 30
0.0
 11
691.235
 21
241.7339
 31
0.0
  0
LINE
  5
D58
330
1F
100
AcDbEntity
 67
     0
  8
Struc_Section_Conc
  6
Continuous
 62
   256
 60
     0
 48
2.0
370
    -1
100
AcDbLine
 39
0.0
 10
687.3402
 20
241.7339
 30
0.0
 11
691.235
 21
241.7339
 31
0.0
  0
LINE
  5
D59
330
1F
100
AcDbEntity
 67
     0
  8
Struc_Section_Conc
  6
Continuous
 62
   256
 60
     0
 48
2.0
370
    -1
100
AcDbLine
 39
0.0
 10
698.5278
 20
240.6885
 30
0.0
 11
699.5731
 21
241.7339
 31
0.0
  0
LINE
  5
D5A
330
1F
100
AcDbEntity
 67
     0
  8
Struc_Section_Conc
  6
Continuous
 62
   256
 60
     0
 48
2.0
370
    -1
100
AcDbLine
 39
0.0
 10
698.5278
 20
240.6885
 30
0.0
 11
695.4807
 21
240.6885
 31
0.0
  0
LINE
  5
D5B
330
1F
100
AcDbEntity
 67
     0
  8
Struc_Section_Conc
  6
Continuous
 62
   256
 60
     0
 48
2.0
370
    -1
100
AcDbLine
 39
0.0
 10
744.3856
 20
240.6885
 30
0.0
 11
877.4437
 21
240.6885
 31
0.0
  0
LINE
  5
D5C
330
1F
100
AcDbEntity
 67
     0
  8
Struc_Section_Conc
  6
Continuous
 62
   256
 60
     0
 48
2.0
370
    -1
100
AcDbLine
 39
0.0
 10
741.7606
 20
225.0635
 30
0.0
 11
857.8474
 21
225.0635
 31
0.0
  0
LINE
  5
D5D
330
1F
100
AcDbEntity
 67
     0
  8
Center
  6
CENTER
 62
   256
 60
     0
 48
5.0
370
    -1
100
AcDbLine
 39
0.0
 10
789.1356
 20
103.6885
 30
0.0
 11
789.1356
 21
262.2563
 31
0.0
  0
LINE
  5
D5E
330
1F
100
AcDbEntity
 67
     0
  8
LAYER131A
  6
Continuous
 62
   256
 60
     0
 48
1.0
370
    -1
100
AcDbLine
 39
0.0
 10
893.1356
 20
240.6885
 30
0.0
 11
893.1356
 21
112.7422
 31
0.0
  0
LINE
  5
D5F
330
1F
100
AcDbEntity
 67
     0
  8
LAYER131A
  6
Continuous
 62
   256
 60
     0
 48
1.0
370
    -1
100
AcDbLine
 39
0.0
 10
897.1356
 20
240.6885
 30
0.0
 11
897.1356
 21
103.6885
 31
0.0
  0
LINE
  5
D60
330
1F
100
AcDbEntity
 67
     0
  8
Struc_Section_Steel
  6
Continuous
 62
   256
 60
     0
 48
4.0
370
    -1
100
AcDbLine
 39
0.0
 10
893.3856
 20
240.6885
 30
0.0
 11
893.3856
 21
103.6885
 31
0.0
  0
LINE
  5
D61
330
1F
100
AcDbEntity
 67
     0
  8
Struc_Section_Steel
  6
Continuous
 62
   256
 60
     0
 48
4.0
370
    -1
100
AcDbLine
 39
0.0
 10
896.8856
 20
240.6885
 30
0.0
 11
896.8856
 21
103.6885
 31
0.0
  0
LINE
  5
D62
330
1F
100
AcDbEntity
 67
     0
  8
Center
  6
CENTER
 62
   256
 60
     0
 48
5.0
370
    -1
100
AcDbLine
 39
0.0
 10
895.1356
 20
79.6885
 30
0.0
 11
895.1356
 21
240.6885
 31
0.0
  0
LWPOLYLINE
  5
D63
330
1F
100
AcDbEntity
 67
     0
  8
Struc_Section_BP
  6
Continuous
 62
   256
 60
     0
 48
2.0
370
    -1
100
AcDbPolyline
 90
        4
 70
     1
 10
890.1356
 20
102.9385
 10
900.1356
 20
102.9385
 10
900.1356
 20
103.6885
 10
890.1356
 20
103.6885
  0
LINE
  5
D64
330
1F
100
AcDbEntity
 67
     0
  8
C-241-1
  6
Continuous
 62
   256
 60
     0
 48
1.0
370
    -1
100
AcDbLine
 39
0.0
 10
898.5095
 20
105.4102
 30
0.0
 11
898.5095
 21
104.3689
 31
0.0
  0
LINE
  5
D65
330
1F
100
AcDbEntity
 67
     0
  8
C-241-1
  6
Continuous
 62
   256
 60
     0
 48
1.0
370
    -1
100
AcDbLine
 39
0.0
 10
899.2617
 20
105.4102
 30
0.0
 11
899.2617
 21
104.3689
 31
0.0
  0
LINE
  5
D66
330
1F
100
AcDbEntity
 67
     0
  8
C-241-1
  6
Continuous
 62
   256
 60
     0
 48
1.0
370
    -1
100
AcDbLine
 39
0.0
 10
900.0065
 20
103.8741
 30
0.0
 11
897.7647
 21
103.8741
 31
0.0
  0
LINE
  5
D67
330
1F
100
AcDbEntity
 67
     0
  8
C-241-1
  6
Continuous
 62
   256
 60
     0
 48
1.0
370
    -1
100
AcDbLine
 39
0.0
 10
900.0065
 20
103.6885
 30
0.0
 11
897.7647
 21
103.6885
 31
0.0
  0
LINE
  5
D68
330
1F
100
AcDbEntity
 67
     0
  8
C-241-1
  6
Continuous
 62
   256
 60
     0
 48
1.0
370
    -1
100
AcDbLine
 39
0.0
 10
900.0065
 20
103.8741
 30
0.0
 11
900.0065
 21
103.6885
 31
0.0
  0
LINE
  5
D69
330
1F
100
AcDbEntity
 67
     0
  8
C-241-1
  6
Continuous
 62
   256
 60
     0
 48
10.0
370
    -1
100
AcDbLine
 39
0.0
 10
898.5095
 20
104.3689
 30
0.0
 11
898.5095
 21
84.6885
 31
0.0
  0
LINE
  5
D6A
330
1F
100
AcDbEntity
 67
     0
  8
C-241-1
  6
Continuous
 62
   256
 60
     0
 48
10.0
370
    -1
100
AcDbLine
 39
0.0
 10
899.2617
 20
104.3689
 30
0.0
 11
899.2617
 21
84.6885
 31
0.0
  0
LINE
  5
D6B
330
1F
100
AcDbEntity
 67
     0
  8
C-241-1
  6
Continuous
 62
   256
 60
     0
 48
10.0
370
    -1
100
AcDbLine
 39
0.0
 10
899.2617
 20
84.6885
 30
0.0
 11
898.5095
 21
84.6885
 31
0.0
  0
LINE
  5
D6C
330
1F
100
AcDbEntity
 67
     0
  8
C-241-1
  6
Continuous
 62
   256
 60
     0
 48
1.0
370
    -1
100
AcDbLine
 39
0.0
 10
899.7565
 20
104.3689
 30
0.0
 11
898.0147
 21
104.3689
 31
0.0
  0
LINE
  5
D6D
330
1F
100
AcDbEntity
 67
     0
  8
C-241-1
  6
Continuous
 62
   256
 60
     0
 48
1.0
370
    -1
100
AcDbLine
 39
0.0
 10
899.7565
 20
104.3689
 30
0.0
 11
899.7565
 21
103.8741
 31
0.0
  0
LINE
  5
D6E
330
1F
100
AcDbEntity
 67
     0
  8
C-241-1
  6
Continuous
 62
   256
 60
     0
 48
1.0
370
    -1
100
AcDbLine
 39
0.0
 10
898.0147
 20
104.3689
 30
0.0
 11
898.0147
 21
103.8741
 31
0.0
  0
LINE
  5
D6F
330
1F
100
AcDbEntity
 67
     0
  8
C-241-1
  6
Continuous
 62
   256
 60
     0
 48
1.0
370
    -1
100
AcDbLine
 39
0.0
 10
899.2617
 20
105.4102
 30
0.0
 11
898.5095
 21
105.4102
 31
0.0
  0
LINE
  5
D70
330
1F
100
AcDbEntity
 67
     0
  8
C-241-1
  6
Continuous
 62
   256
 60
     0
 48
1.0
370
    -1
100
AcDbLine
 39
0.0
 10
897.7647
 20
103.8741
 30
0.0
 11
897.7647
 21
103.6885
 31
0.0
  0
LINE
  5
D71
330
1F
100
AcDbEntity
 67
     0
  8
C-241-1
  6
Continuous
 62
   256
 60
     0
 48
1.0
370
    -1
100
AcDbLine
 39
0.0
 10
891.7617
 20
105.4102
 30
0.0
 11
891.7617
 21
104.3689
 31
0.0
  0
LINE
  5
D72
330
1F
100
AcDbEntity
 67
     0
  8
C-241-1
  6
Continuous
 62
   256
 60
     0
 48
1.0
370
    -1
100
AcDbLine
 39
0.0
 10
891.0095
 20
105.4102
 30
0.0
 11
891.0095
 21
104.3689
 31
0.0
  0
LINE
  5
D73
330
1F
100
AcDbEntity
 67
     0
  8
C-241-1
  6
Continuous
 62
   256
 60
     0
 48
1.0
370
    -1
100
AcDbLine
 39
0.0
 10
890.2647
 20
103.8741
 30
0.0
 11
892.5065
 21
103.8741
 31
0.0
  0
LINE
  5
D74
330
1F
100
AcDbEntity
 67
     0
  8
C-241-1
  6
Continuous
 62
   256
 60
     0
 48
1.0
370
    -1
100
AcDbLine
 39
0.0
 10
890.2647
 20
103.6885
 30
0.0
 11
892.5065
 21
103.6885
 31
0.0
  0
LINE
  5
D75
330
1F
100
AcDbEntity
 67
     0
  8
C-241-1
  6
Continuous
 62
   256
 60
     0
 48
10.0
370
    -1
100
AcDbLine
 39
0.0
 10
891.7617
 20
104.3689
 30
0.0
 11
891.7617
 21
84.6885
 31
0.0
  0
LINE
  5
D76
330
1F
100
AcDbEntity
 67
     0
  8
C-241-1
  6
Continuous
 62
   256
 60
     0
 48
10.0
370
    -1
100
AcDbLine
 39
0.0
 10
891.0095
 20
104.3689
 30
0.0
 11
891.0095
 21
84.6885
 31
0.0
  0
LINE
  5
D77
330
1F
100
AcDbEntity
 67
     0
  8
C-241-1
  6
Continuous
 62
   256
 60
     0
 48
10.0
370
    -1
100
AcDbLine
 39
0.0
 10
891.0095
 20
84.6885
 30
0.0
 11
891.7617
 21
84.6885
 31
0.0
  0
LINE
  5
D78
330
1F
100
AcDbEntity
 67
     0
  8
C-241-1
  6
Continuous
 62
   256
 60
     0
 48
1.0
370
    -1
100
AcDbLine
 39
0.0
 10
890.5147
 20
104.3689
 30
0.0
 11
892.2565
 21
104.3689
 31
0.0
  0
LINE
  5
D79
330
1F
100
AcDbEntity
 67
     0
  8
C-241-1
  6
Continuous
 62
   256
 60
     0
 48
1.0
370
    -1
100
AcDbLine
 39
0.0
 10
890.5147
 20
104.3689
 30
0.0
 11
890.5147
 21
103.8741
 31
0.0
  0
LINE
  5
D7A
330
1F
100
AcDbEntity
 67
     0
  8
C-241-1
  6
Continuous
 62
   256
 60
     0
 48
1.0
370
    -1
100
AcDbLine
 39
0.0
 10
892.2565
 20
104.3689
 30
0.0
 11
892.2565
 21
103.8741
 31
0.0
  0
LINE
  5
D7B
330
1F
100
AcDbEntity
 67
     0
  8
C-241-1
  6
Continuous
 62
   256
 60
     0
 48
1.0
370
    -1
100
AcDbLine
 39
0.0
 10
891.0095
 20
105.4102
 30
0.0
 11
891.7617
 21
105.4102
 31
0.0
  0
LINE
  5
D7C
330
1F
100
AcDbEntity
 67
     0
  8
C-241-1
  6
Continuous
 62
   256
 60
     0
 48
1.0
370
    -1
100
AcDbLine
 39
0.0
 10
892.5065
 20
103.8741
 30
0.0
 11
892.5065
 21
103.6885
 31
0.0
  0
LINE
  5
D7D
330
1F
100
AcDbEntity
 67
     0
  8
C-241-1
  6
Continuous
 62
   256
 60
     0
 48
1.0
370
    -1
100
AcDbLine
 39
0.0
 10
890.2647
 20
103.8741
 30
0.0
 11
890.2647
 21
103.6885
 31
0.0
  0
LINE
  5
D7E
330
1F
100
AcDbEntity
 67
     0
  8
Struc_Section_Conc
  6
Continuous
 62
   256
 60
     0
 48
2.0
370
    -1
100
AcDbLine
 39
0.0
 10
883.1356
 20
79.6885
 30
0.0
 11
907.1356
 21
79.6885
 31
0.0
  0
LINE
  5
D7F
330
1F
100
AcDbEntity
 67
     0
  8
Struc_Section_Conc
  6
Continuous
 62
   256
 60
     0
 48
2.0
370
    -1
100
AcDbLine
 39
0.0
 10
883.1356
 20
79.6885
 30
0.0
 11
883.1356
 21
98.6885
 31
0.0
  0
LINE
  5
D80
330
1F
100
AcDbEntity
 67
     0
  8
Struc_Section_Conc
  6
Continuous
 62
   256
 60
     0
 48
2.0
370
    -1
100
AcDbLine
 39
0.0
 10
907.1356
 20
79.6885
 30
0.0
 11
907.1356
 21
98.6885
 31
0.0
  0
LINE
  5
D81
330
1F
100
AcDbEntity
 67
     0
  8
Struc_Section_Steel
  6
Continuous
 62
   256
 60
     0
 48
4.0
370
    -1
100
AcDbLine
 39
0.0
 10
893.1356
 20
112.7422
 30
0.0
 11
893.1356
 21
103.6885
 31
0.0
  0
LINE
  5
D82
330
1F
100
AcDbEntity
 67
     0
  8
Struc_Section_Conc
  6
Continuous
 62
   256
 60
     0
 48
2.0
370
    -1
100
AcDbLine
 39
0.0
 10
741.7606
 20
235.8135
 30
0.0
 11
741.7606
 21
225.0635
 31
0.0
  0
LINE
  5
D83
330
1F
100
AcDbEntity
 67
     0
  8
Struc_Section_Conc
  6
Continuous
 62
   256
 60
     0
 48
2.0
370
    -1
100
AcDbLine
 39
0.0
 10
744.3856
 20
240.6885
 30
0.0
 11
744.3856
 21
235.8135
 31
0.0
  0
LINE
  5
D84
330
1F
100
AcDbEntity
 67
     0
  8
Struc_Section_Conc
  6
Continuous
 62
   256
 60
     0
 48
2.0
370
    -1
100
AcDbLine
 39
0.0
 10
744.3856
 20
240.3135
 30
0.0
 11
882.1825
 21
240.3135
 31
0.0
  0
LINE
  5
D85
330
1F
100
AcDbEntity
 67
     0
  8
Struc_Section_Conc
  6
Continuous
 62
   256
 60
     0
 48
2.0
370
    -1
100
AcDbLine
 39
0.0
 10
741.7606
 20
225.4385
 30
0.0
 11
858.4458
 21
225.4385
 31
0.0
  0
LINE
  5
D86
330
1F
100
AcDbEntity
 67
     0
  8
Struc_Section_Conc
  6
Continuous
 62
   256
 60
     0
 48
2.0
370
    -1
100
AcDbLine
 39
0.0
 10
744.0106
 20
240.6885
 30
0.0
 11
882.7809
 21
240.6885
 31
0.0
  0
LINE
  5
D87
330
1F
100
AcDbEntity
 67
     0
  8
Struc_Section_Conc
  6
Continuous
 62
   256
 60
     0
 48
2.0
370
    -1
100
AcDbLine
 39
0.0
 10
744.3856
 20
235.8135
 30
0.0
 11
741.7606
 21
235.8135
 31
0.0
  0
LINE
  5
D88
330
1F
100
AcDbEntity
 67
     0
  8
Struc_Section_Conc
  6
Continuous
 62
   256
 60
     0
 48
2.0
370
    -1
100
AcDbLine
 39
0.0
 10
877.2349
 20
225.4385
 30
0.0
 11
892.6356
 21
225.4385
 31
0.0
  0
LINE
  5
D89
330
1F
100
AcDbEntity
 67
     0
  8
Struc_Section_Conc
  6
Continuous
 62
   256
 60
     0
 48
2.0
370
    -1
100
AcDbLine
 39
0.0
 10
876.6365
 20
225.0635
 30
0.0
 11
892.6356
 21
225.0635
 31
0.0
  0
LINE
  5
D8A
330
1F
100
AcDbEntity
 67
     0
  8
Struc_Section_Conc
  6
Continuous
 62
   256
 60
     0
 48
2.0
370
    -1
100
AcDbLine
 39
0.0
 10
891.6356
 20
240.3135
 30
0.0
 11
892.6356
 21
240.3135
 31
0.0
  0
INSERT
  5
D8B
330
1F
100
AcDbEntity
 67
     0
  8
Struc_Section_Steel
  6
Continuous
 62
   256
 60
     0
 48
2.0
370
    -1
100
AcDbBlockReference
 66
     0
  2
C250x23
 10
787.8556
 20
160.1885
 30
0.0
 41
1.0
 42
1.0
 43
1.0
 50
0.0
 70
     0
 71
     0
 44
0.0
 45
0.0
210
0.0
220
0.0
230
1.0
  0
INSERT
  5
D8C
330
1F
100
AcDbEntity
 67
     0
  8
Struc_Section_Steel
  6
Continuous
 62
   256
 60
     0
 48
2.0
370
    -1
100
AcDbBlockReference
 66
     0
  2
C250x23
 10
742.4156
 20
160.1885
 30
0.0
 41
-1.0
 42
1.0
 43
1.0
 50
0.0
 70
     0
 71
     0
 44
0.0
 45
0.0
210
0.0
220
0.0
230
1.0
  0
LINE
  5
D8D
330
1F
100
AcDbEntity
 67
     0
  8
Struc_Section_Steel
  6
Continuous
 62
   256
 60
     0
 48
2.0
370
    -1
100
AcDbLine
 39
0.0
 10
787.2606
 20
169.9385
 30
0.0
 11
743.1356
 21
169.9385
 31
0.0
  0
LINE
  5
D8E
330
1F
100
AcDbEntity
 67
     0
  8
Struc_Section_Steel
  6
Continuous
 62
   256
 60
     0
 48
10.0
370
    -1
100
AcDbLine
 39
0.0
 10
787.8556
 20
174.1885
 30
0.0
 11
787.8556
 21
170.1885
 31
0.0
  0
LWPOLYLINE
  5
D8F
330
1F
100
AcDbEntity
 67
     0
  8
LAYER131A
  6
Continuous
 62
   256
 60
     0
 48
1.0
370
    -1
100
AcDbPolyline
 90
        4
 10
881.3856
 20
229.5885
 10
881.3856
 20
230.5885
 10
869.1356
 20
230.5885
 10
869.1356
 20
229.5885
  0
LINE
  5
D90
330
1F
100
AcDbEntity
 67
     0
  8
Struc_Section_Steel
  6
Continuous
 62
   256
 60
     0
 48
2.0
370
    -1
100
AcDbLine
 39
0.0
 10
787.8556
 20
181.202
 30
0.0
 11
889.1639
 21
244.6885
 31
0.0
  0
LINE
  5
D91
330
1F
100
AcDbEntity
 67
     0
  8
Struc_Section_Steel
  6
Continuous
 62
   256
 60
     0
 48
2.0
370
    -1
100
AcDbLine
 39
0.0
 10
793.8573
 20
173.1885
 30
0.0
 11
891.6356
 21
234.4629
 31
0.0
  0
LINE
  5
D92
330
1F
100
AcDbEntity
 67
     0
  8
Struc_Section_Steel
  6
Continuous
 62
   256
 60
     0
 48
2.0
370
    -1
100
AcDbLine
 39
0.0
 10
891.6356
 20
244.6885
 30
0.0
 11
891.6356
 21
235.0896
 31
0.0
  0
LINE
  5
D93
330
1F
100
AcDbEntity
 67
     0
  8
Struc_Section_Steel
  6
Continuous
 62
   256
 60
     0
 48
2.0
370
    -1
100
AcDbLine
 39
0.0
 10
792.2615
 20
174.1885
 30
0.0
 11
893.6356
 21
110.6608
 31
0.0
  0
LINE
  5
D94
330
1F
100
AcDbEntity
 67
     0
  8
Struc_Section_Steel
  6
Continuous
 62
   256
 60
     0
 48
2.0
370
    -1
100
AcDbLine
 39
0.0
 10
885.9724
 20
103.6885
 30
0.0
 11
788.5956
 21
164.7113
 31
0.0
  0
LINE
  5
D95
330
1F
100
AcDbEntity
 67
     0
  8
Struc_Section_Steel
  6
Continuous
 62
   256
 60
     0
 48
2.0
370
    -1
100
AcDbLine
 39
0.0
 10
787.8556
 20
170.1885
 30
0.0
 11
742.4156
 21
170.1885
 31
0.0
  0
LINE
  5
D96
330
1F
100
AcDbEntity
 67
     0
  8
Struc_Section_Steel
  6
Continuous
 62
   256
 60
     0
 48
2.0
370
    -1
100
AcDbLine
 39
0.0
 10
791.5553
 20
174.1885
 30
0.0
 11
893.2606
 21
110.4532
 31
0.0
  0
LINE
  5
D97
330
1F
100
AcDbEntity
 67
     0
  8
Struc_Section_Steel
  6
Continuous
 62
   256
 60
     0
 48
2.0
370
    -1
100
AcDbLine
 39
0.0
 10
886.6786
 20
103.6885
 30
0.0
 11
788.5956
 21
165.1539
 31
0.0
  0
LINE
  5
D98
330
1F
100
AcDbEntity
 67
     0
  8
Struc_Section_Steel
  6
Continuous
 62
   256
 60
     0
 48
2.0
370
    -1
100
AcDbLine
 39
0.0
 10
893.2606
 20
103.6885
 30
0.0
 11
893.2606
 21
110.4532
 31
0.0
  0
LINE
  5
D99
330
1F
100
AcDbEntity
 67
     0
  8
Struc_Section_Steel
  6
Continuous
 62
   256
 60
     0
 48
2.0
370
    -1
100
AcDbLine
 39
0.0
 10
893.2606
 20
110.4532
 30
0.0
 11
893.6356
 21
110.6608
 31
0.0
  0
LINE
  5
D9A
330
1F
100
AcDbEntity
 67
     0
  8
Struc_Section_Steel
  6
Continuous
 62
   256
 60
     0
 48
10.0
370
    -1
100
AcDbLine
 39
0.0
 10
787.8556
 20
180.7594
 30
0.0
 11
889.2717
 21
244.3135
 31
0.0
  0
LINE
  5
D9B
330
1F
100
AcDbEntity
 67
     0
  8
Struc_Section_Steel
  6
Continuous
 62
   256
 60
     0
 48
10.0
370
    -1
100
AcDbLine
 39
0.0
 10
793.5042
 20
173.4098
 30
0.0
 11
891.6356
 21
234.9055
 31
0.0
  0
LINE
  5
D9C
330
1F
100
AcDbEntity
 67
     0
  8
Struc_Section_Steel
  6
Continuous
 62
   256
 60
     0
 48
10.0
370
    -1
100
AcDbLine
 39
0.0
 10
891.6356
 20
244.3135
 30
0.0
 11
889.2717
 21
244.3135
 31
0.0
  0
LINE
  5
D9D
330
1F
100
AcDbEntity
 67
     0
  8
Struc_Section_Steel
  6
Continuous
 62
   256
 60
     0
 48
2.0
370
    -1
100
AcDbLine
 39
0.0
 10
889.1639
 20
244.6885
 30
0.0
 11
889.2717
 21
244.3135
 31
0.0
  0
LINE
  5
D9E
330
1F
100
AcDbEntity
 67
     0
  8
LAYER131A
  6
Continuous
 62
   256
 60
     0
 48
1.0
370
    -1
100
AcDbLine
 39
0.0
 10
1178.8329
 20
219.9997
 30
0.0
 11
1178.8329
 21
95.7497
 31
0.0
  0
LINE
  5
D9F
330
1F
100
AcDbEntity
 67
     0
  8
LAYER131A
  6
Continuous
 62
   256
 60
     0
 48
1.0
370
    -1
100
AcDbLine
 39
0.0
 10
1175.3329
 20
219.9997
 30
0.0
 11
1175.3329
 21
95.7497
 31
0.0
  0
LINE
  5
DA0
330
1F
100
AcDbEntity
 67
     0
  8
Struc_Section_Steel
  6
Continuous
 62
   256
 60
     0
 48
4.0
370
    -1
100
AcDbLine
 39
0.0
 10
1178.5829
 20
219.9997
 30
0.0
 11
1178.5829
 21
95.7497
 31
0.0
  0
LINE
  5
DA1
330
1F
100
AcDbEntity
 67
     0
  8
Struc_Section_Steel
  6
Continuous
 62
   256
 60
     0
 48
4.0
370
    -1
100
AcDbLine
 39
0.0
 10
1175.5829
 20
219.9997
 30
0.0
 11
1175.5829
 21
95.7497
 31
0.0
  0
INSERT
  5
DA2
330
1F
100
AcDbEntity
 67
     0
  8
Struc_Section_Dim
  6
Continuous
 62
   256
 60
     0
 48
1.0
370
    -1
100
AcDbBlockReference
 66
     0
  2
outstandingconn1
 10
1178.8329
 20
153.4922
 30
0.0
 41
1.0
 42
1.0
 43
1.0
 50
0.0
 70
     0
 71
     0
 44
0.0
 45
0.0
210
0.0
220
0.0
230
1.0
  0
LINE
  5
DA3
330
1F
100
AcDbEntity
 67
     0
  8
Struc_Section_Dim
  6
Continuous
 62
   256
 60
     0
 48
2.0
370
    -1
100
AcDbLine
 39
0.0
 10
1189.0829
 20
86.9997
 30
0.0
 11
1165.0829
 21
86.9997
 31
0.0
  0
LINE
  5
DA4
330
1F
100
AcDbEntity
 67
     0
  8
Struc_Section_Steel
  6
Continuous
 62
   256
 60
     0
 48
2.0
370
    -1
100
AcDbLine
 39
0.0
 10
1165.0829
 20
89.9997
 30
0.0
 11
1165.0829
 21
86.9997
 31
0.0
  0
LINE
  5
DA5
330
1F
100
AcDbEntity
 67
     0
  8
Struc_Section_Dim
  6
Continuous
 62
   256
 60
     0
 48
2.0
370
    -1
100
AcDbLine
 39
0.0
 10
1189.0829
 20
89.9997
 30
0.0
 11
1189.0829
 21
86.9997
 31
0.0
  0
LINE
  5
DA6
330
1F
100
AcDbEntity
 67
     0
  8
Struc_Section_Dim
  6
Continuous
 62
   256
 60
     0
 48
2.0
370
    -1
100
AcDbLine
 39
0.0
 10
1165.0829
 20
89.9997
 30
0.0
 11
1165.0829
 21
86.9997
 31
0.0
  0
LINE
  5
DA7
330
1F
100
AcDbEntity
 67
     0
  8
Struc_Section_Dim
  6
Continuous
 62
   256
 60
     0
 48
2.0
370
    -1
100
AcDbLine
 39
0.0
 10
1165.0829
 20
89.9997
 30
0.0
 11
1157.7953
 21
89.9997
 31
0.0
  0
LINE
  5
DA8
330
1F
100
AcDbEntity
 67
     0
  8
C-241-1
  6
Continuous
 62
   256
 60
     0
 48
1.0
370
    -1
100
AcDbLine
 39
0.0
 10
1176.8318
 20
97.4713
 30
0.0
 11
1176.8318
 21
96.4301
 31
0.0
  0
LINE
  5
DA9
330
1F
100
AcDbEntity
 67
     0
  8
C-241-1
  6
Continuous
 62
   256
 60
     0
 48
1.0
370
    -1
100
AcDbLine
 39
0.0
 10
1177.5839
 20
97.4713
 30
0.0
 11
1177.5839
 21
96.4301
 31
0.0
  0
LINE
  5
DAA
330
1F
100
AcDbEntity
 67
     0
  8
C-241-1
  6
Continuous
 62
   256
 60
     0
 48
1.0
370
    -1
100
AcDbLine
 39
0.0
 10
1178.3288
 20
95.9352
 30
0.0
 11
1176.0869
 21
95.9352
 31
0.0
  0
LINE
  5
DAB
330
1F
100
AcDbEntity
 67
     0
  8
C-241-1
  6
Continuous
 62
   256
 60
     0
 48
1.0
370
    -1
100
AcDbLine
 39
0.0
 10
1178.3288
 20
95.7497
 30
0.0
 11
1176.0869
 21
95.7497
 31
0.0
  0
LINE
  5
DAC
330
1F
100
AcDbEntity
 67
     0
  8
C-241-1
  6
Continuous
 62
   256
 60
     0
 48
1.0
370
    -1
100
AcDbLine
 39
0.0
 10
1178.3288
 20
95.9352
 30
0.0
 11
1178.3288
 21
95.7497
 31
0.0
  0
LINE
  5
DAD
330
1F
100
AcDbEntity
 67
     0
  8
C-241-1
  6
Continuous
 62
   256
 60
     0
 48
2.0
370
    -1
100
AcDbLine
 39
0.0
 10
1176.8318
 20
96.4301
 30
0.0
 11
1176.8318
 21
90.4997
 31
0.0
  0
LINE
  5
DAE
330
1F
100
AcDbEntity
 67
     0
  8
C-241-1
  6
Continuous
 62
   256
 60
     0
 48
2.0
370
    -1
100
AcDbLine
 39
0.0
 10
1177.5839
 20
96.4301
 30
0.0
 11
1177.5839
 21
90.4997
 31
0.0
  0
LINE
  5
DAF
330
1F
100
AcDbEntity
 67
     0
  8
C-241-1
  6
Continuous
 62
   256
 60
     0
 48
1.0
370
    -1
100
AcDbLine
 39
0.0
 10
1178.0788
 20
96.4301
 30
0.0
 11
1176.3369
 21
96.4301
 31
0.0
  0
LINE
  5
DB0
330
1F
100
AcDbEntity
 67
     0
  8
C-241-1
  6
Continuous
 62
   256
 60
     0
 48
1.0
370
    -1
100
AcDbLine
 39
0.0
 10
1178.0788
 20
96.4301
 30
0.0
 11
1178.0788
 21
95.9352
 31
0.0
  0
LINE
  5
DB1
330
1F
100
AcDbEntity
 67
     0
  8
C-241-1
  6
Continuous
 62
   256
 60
     0
 48
1.0
370
    -1
100
AcDbLine
 39
0.0
 10
1176.3369
 20
96.4301
 30
0.0
 11
1176.3369
 21
95.9352
 31
0.0
  0
LINE
  5
DB2
330
1F
100
AcDbEntity
 67
     0
  8
C-241-1
  6
Continuous
 62
   256
 60
     0
 48
1.0
370
    -1
100
AcDbLine
 39
0.0
 10
1177.5839
 20
97.4713
 30
0.0
 11
1176.8318
 21
97.4713
 31
0.0
  0
LINE
  5
DB3
330
1F
100
AcDbEntity
 67
     0
  8
C-241-1
  6
Continuous
 62
   256
 60
     0
 48
1.0
370
    -1
100
AcDbLine
 39
0.0
 10
1176.0869
 20
95.9352
 30
0.0
 11
1176.0869
 21
95.7497
 31
0.0
  0
LWPOLYLINE
  5
DB4
330
1F
100
AcDbEntity
 67
     0
  8
Struc_Section_BP
  6
Continuous
 62
   256
 60
     0
 48
2.0
370
    -1
100
AcDbPolyline
 90
        4
 70
     1
 10
1174.7079
 20
94.9997
 10
1179.7079
 20
94.9997
 10
1179.7079
 20
95.7497
 10
1174.7079
 20
95.7497
  0
LINE
  5
DB5
330
1F
100
AcDbEntity
 67
     0
  8
C-241-1
  6
Continuous
 62
   256
 60
     0
 48
2.0
370
    -1
100
AcDbLine
 39
0.0
 10
1176.0839
 20
88.9997
 30
0.0
 11
1174.5839
 21
88.9997
 31
0.0
  0
LINE
  5
DB6
330
1F
100
AcDbEntity
 67
     0
  8
C-241-1
  6
Continuous
 62
   256
 60
     0
 48
2.0
370
    -1
100
AcDbLine
 39
0.0
 10
1176.0818
 20
89.7497
 30
0.0
 11
1174.5839
 21
89.7497
 31
0.0
  0
LINE
  5
DB7
330
1F
100
AcDbEntity
 67
     0
  8
C-241-1
  6
Continuous
 62
   256
 60
     0
 48
2.0
370
    -1
100
AcDbLine
 39
0.0
 10
1174.5839
 20
89.7497
 30
0.0
 11
1174.5839
 21
88.9997
 31
0.0
  0
ARC
  5
DB8
330
1F
100
AcDbEntity
 67
     0
  8
C-241-1
  6
Continuous
 62
   256
 60
     0
 48
2.0
370
    -1
100
AcDbCircle
 39
0.0
 10
1176.0818
 20
90.4997
 30
0.0
 40
0.75
100
AcDbArc
 50
270.0
 51
360.0
  0
ARC
  5
DB9
330
1F
100
AcDbEntity
 67
     0
  8
C-241-1
  6
Continuous
 62
   256
 60
     0
 48
2.0
370
    -1
100
AcDbCircle
 39
0.0
 10
1176.0839
 20
90.4997
 30
0.0
 40
1.5
100
AcDbArc
 50
270.0
 51
0.0
  0
LINE
  5
DBA
330
1F
100
AcDbEntity
 67
     0
  8
Struc_Section_Conc
  6
Continuous
 62
   256
 60
     0
 48
20.0
370
    -1
100
AcDbLine
 39
0.0
 10
1180.4579
 20
151.6247
 30
0.0
 11
1180.4579
 21
165.4997
 31
0.0
  0
LINE
  5
DBB
330
1F
100
AcDbEntity
 67
     0
  8
Struc_Section_Conc
  6
Continuous
 62
   256
 60
     0
 48
20.0
370
    -1
100
AcDbLine
 39
0.0
 10
1224.2079
 20
151.6247
 30
0.0
 11
1224.2079
 21
165.4997
 31
0.0
  0
LINE
  5
DBC
330
1F
100
AcDbEntity
 67
     0
  8
Struc_Section_Conc
  6
Continuous
 62
   256
 60
     0
 48
2.0
370
    -1
100
AcDbLine
 39
0.0
 10
897.6356
 20
225.4385
 30
0.0
 11
952.7371
 21
225.4385
 31
0.0
  0
LINE
  5
DBD
330
1F
100
AcDbEntity
 67
     0
  8
Struc_Section_Conc
  6
Continuous
 62
   256
 60
     0
 48
2.0
370
    -1
100
AcDbLine
 39
0.0
 10
897.6356
 20
225.0635
 30
0.0
 11
952.7371
 21
225.0635
 31
0.0
  0
LINE
  5
DBE
330
1F
100
AcDbEntity
 67
     0
  8
Struc_Section_Conc
  6
Continuous
 62
   256
 60
     0
 48
2.0
370
    -1
100
AcDbLine
 39
0.0
 10
897.6356
 20
240.3135
 30
0.0
 11
952.6982
 21
240.3135
 31
0.0
  0
LINE
  5
DBF
330
1F
100
AcDbEntity
 67
     0
  8
LAYER131A
  6
Continuous
 62
   256
 60
     0
 48
1.0
370
    -1
100
AcDbLine
 39
0.0
 10
892.6356
 20
240.6885
 30
0.0
 11
892.6356
 21
225.0635
 31
0.0
  0
LINE
  5
DC0
330
1F
100
AcDbEntity
 67
     0
  8
LAYER131A
  6
Continuous
 62
   256
 60
     0
 48
1.0
370
    -1
100
AcDbLine
 39
0.0
 10
897.6356
 20
240.6885
 30
0.0
 11
897.6356
 21
225.0635
 31
0.0
  0
LINE
  5
DC1
330
1F
100
AcDbEntity
 67
     0
  8
LAYER131A
  6
Continuous
 62
   256
 60
     0
 48
1.0
370
    -1
100
AcDbLine
 39
0.0
 10
790.7606
 20
225.0635
 30
0.0
 11
790.7606
 21
183.0224
 31
0.0
  0
LINE
  5
DC2
330
1F
100
AcDbEntity
 67
     0
  8
LAYER131A
  6
Continuous
 62
   256
 60
     0
 48
1.0
370
    -1
100
AcDbLine
 39
0.0
 10
787.2606
 20
225.0635
 30
0.0
 11
787.2606
 21
104.4385
 31
0.0
  0
LINE
  5
DC3
330
1F
100
AcDbEntity
 67
     0
  8
Struc_Section_Steel
  6
Continuous
 62
   256
 60
     0
 48
4.0
370
    -1
100
AcDbLine
 39
0.0
 10
790.5106
 20
225.0635
 30
0.0
 11
790.5106
 21
182.8658
 31
0.0
  0
LINE
  5
DC4
330
1F
100
AcDbEntity
 67
     0
  8
Struc_Section_Steel
  6
Continuous
 62
   256
 60
     0
 48
4.0
370
    -1
100
AcDbLine
 39
0.0
 10
787.5106
 20
225.0635
 30
0.0
 11
787.5106
 21
104.4385
 31
0.0
  0
LINE
  5
DC5
330
1F
100
AcDbEntity
 67
     0
  8
Struc_Section_Conc
  6
Continuous
 62
   256
 60
     0
 48
2.0
370
    -1
100
AcDbLine
 39
0.0
 10
801.0106
 20
93.6885
 30
0.0
 11
777.0106
 21
93.6885
 31
0.0
  0
LINE
  5
DC6
330
1F
100
AcDbEntity
 67
     0
  8
Struc_Section_Steel
  6
Continuous
 62
   256
 60
     0
 48
2.0
370
    -1
100
AcDbLine
 39
0.0
 10
777.0106
 20
96.6885
 30
0.0
 11
777.0106
 21
93.6885
 31
0.0
  0
LINE
  5
DC7
330
1F
100
AcDbEntity
 67
     0
  8
Struc_Section_Conc
  6
Continuous
 62
   256
 60
     0
 48
2.0
370
    -1
100
AcDbLine
 39
0.0
 10
801.0106
 20
98.6885
 30
0.0
 11
801.0106
 21
93.6885
 31
0.0
  0
LINE
  5
DC8
330
1F
100
AcDbEntity
 67
     0
  8
Struc_Section_Conc
  6
Continuous
 62
   256
 60
     0
 48
2.0
370
    -1
100
AcDbLine
 39
0.0
 10
777.0106
 20
98.6885
 30
0.0
 11
777.0106
 21
93.6885
 31
0.0
  0
LINE
  5
DC9
330
1F
100
AcDbEntity
 67
     0
  8
C-241-1
  6
Continuous
 62
   256
 60
     0
 48
1.0
370
    -1
100
AcDbLine
 39
0.0
 10
788.7595
 20
106.1602
 30
0.0
 11
788.7595
 21
105.1189
 31
0.0
  0
LINE
  5
DCA
330
1F
100
AcDbEntity
 67
     0
  8
C-241-1
  6
Continuous
 62
   256
 60
     0
 48
1.0
370
    -1
100
AcDbLine
 39
0.0
 10
789.5117
 20
106.1602
 30
0.0
 11
789.5117
 21
105.1189
 31
0.0
  0
LINE
  5
DCB
330
1F
100
AcDbEntity
 67
     0
  8
C-241-1
  6
Continuous
 62
   256
 60
     0
 48
1.0
370
    -1
100
AcDbLine
 39
0.0
 10
790.2565
 20
104.6241
 30
0.0
 11
788.0147
 21
104.6241
 31
0.0
  0
LINE
  5
DCC
330
1F
100
AcDbEntity
 67
     0
  8
C-241-1
  6
Continuous
 62
   256
 60
     0
 48
1.0
370
    -1
100
AcDbLine
 39
0.0
 10
790.2565
 20
104.4385
 30
0.0
 11
788.0147
 21
104.4385
 31
0.0
  0
LINE
  5
DCD
330
1F
100
AcDbEntity
 67
     0
  8
C-241-1
  6
Continuous
 62
   256
 60
     0
 48
1.0
370
    -1
100
AcDbLine
 39
0.0
 10
790.2565
 20
104.6241
 30
0.0
 11
790.2565
 21
104.4385
 31
0.0
  0
LINE
  5
DCE
330
1F
100
AcDbEntity
 67
     0
  8
C-241-1
  6
Continuous
 62
   256
 60
     0
 48
2.0
370
    -1
100
AcDbLine
 39
0.0
 10
788.7595
 20
105.1189
 30
0.0
 11
788.7595
 21
99.1885
 31
0.0
  0
LINE
  5
DCF
330
1F
100
AcDbEntity
 67
     0
  8
C-241-1
  6
Continuous
 62
   256
 60
     0
 48
2.0
370
    -1
100
AcDbLine
 39
0.0
 10
789.5117
 20
105.1189
 30
0.0
 11
789.5117
 21
99.1885
 31
0.0
  0
LINE
  5
DD0
330
1F
100
AcDbEntity
 67
     0
  8
C-241-1
  6
Continuous
 62
   256
 60
     0
 48
1.0
370
    -1
100
AcDbLine
 39
0.0
 10
790.0065
 20
105.1189
 30
0.0
 11
788.2647
 21
105.1189
 31
0.0
  0
LINE
  5
DD1
330
1F
100
AcDbEntity
 67
     0
  8
C-241-1
  6
Continuous
 62
   256
 60
     0
 48
1.0
370
    -1
100
AcDbLine
 39
0.0
 10
790.0065
 20
105.1189
 30
0.0
 11
790.0065
 21
104.6241
 31
0.0
  0
LINE
  5
DD2
330
1F
100
AcDbEntity
 67
     0
  8
C-241-1
  6
Continuous
 62
   256
 60
     0
 48
1.0
370
    -1
100
AcDbLine
 39
0.0
 10
788.2647
 20
105.1189
 30
0.0
 11
788.2647
 21
104.6241
 31
0.0
  0
LINE
  5
DD3
330
1F
100
AcDbEntity
 67
     0
  8
C-241-1
  6
Continuous
 62
   256
 60
     0
 48
1.0
370
    -1
100
AcDbLine
 39
0.0
 10
789.5117
 20
106.1602
 30
0.0
 11
788.7595
 21
106.1602
 31
0.0
  0
LINE
  5
DD4
330
1F
100
AcDbEntity
 67
     0
  8
C-241-1
  6
Continuous
 62
   256
 60
     0
 48
1.0
370
    -1
100
AcDbLine
 39
0.0
 10
788.0147
 20
104.6241
 30
0.0
 11
788.0147
 21
104.4385
 31
0.0
  0
LWPOLYLINE
  5
DD5
330
1F
100
AcDbEntity
 67
     0
  8
Struc_Section_BP
  6
Continuous
 62
   256
 60
     0
 48
2.0
370
    -1
100
AcDbPolyline
 90
        4
 70
     1
 10
786.6356
 20
103.6885
 10
791.6356
 20
103.6885
 10
791.6356
 20
104.4385
 10
786.6356
 20
104.4385
  0
LINE
  5
DD6
330
1F
100
AcDbEntity
 67
     0
  8
C-241-1
  6
Continuous
 62
   256
 60
     0
 48
2.0
370
    -1
100
AcDbLine
 39
0.0
 10
788.0117
 20
97.6885
 30
0.0
 11
786.5117
 21
97.6885
 31
0.0
  0
LINE
  5
DD7
330
1F
100
AcDbEntity
 67
     0
  8
C-241-1
  6
Continuous
 62
   256
 60
     0
 48
2.0
370
    -1
100
AcDbLine
 39
0.0
 10
788.0095
 20
98.4385
 30
0.0
 11
786.5117
 21
98.4385
 31
0.0
  0
LINE
  5
DD8
330
1F
100
AcDbEntity
 67
     0
  8
C-241-1
  6
Continuous
 62
   256
 60
     0
 48
2.0
370
    -1
100
AcDbLine
 39
0.0
 10
786.5117
 20
98.4385
 30
0.0
 11
786.5117
 21
97.6885
 31
0.0
  0
ARC
  5
DD9
330
1F
100
AcDbEntity
 67
     0
  8
C-241-1
  6
Continuous
 62
   256
 60
     0
 48
2.0
370
    -1
100
AcDbCircle
 39
0.0
 10
788.0095
 20
99.1885
 30
0.0
 40
0.75
100
AcDbArc
 50
270.0
 51
360.0
  0
ARC
  5
DDA
330
1F
100
AcDbEntity
 67
     0
  8
C-241-1
  6
Continuous
 62
   256
 60
     0
 48
2.0
370
    -1
100
AcDbCircle
 39
0.0
 10
788.0117
 20
99.1885
 30
0.0
 40
1.5
100
AcDbArc
 50
270.0
 51
0.0
  0
LINE
  5
DDB
330
1F
100
AcDbEntity
 67
     0
  8
Struc_Section_Conc
  6
Continuous
 62
   256
 60
     0
 48
2.0
370
    -1
100
AcDbLine
 39
0.0
 10
703.4168
 20
98.6885
 30
0.0
 11
951.7371
 21
98.6885
 31
0.0
  0
LINE
  5
DDC
330
1F
100
AcDbEntity
 67
     0
  8
Struc_Section_Steel
  6
Continuous
 62
   256
 60
     0
 48
4.0
370
    -1
100
AcDbLine
 39
0.0
 10
790.5106
 20
164.9412
 30
0.0
 11
790.5106
 21
104.4385
 31
0.0
  0
LINE
  5
DDD
330
1F
100
AcDbEntity
 67
     0
  8
LAYER131A
  6
Continuous
 62
   256
 60
     0
 48
1.0
370
    -1
100
AcDbLine
 39
0.0
 10
790.7606
 20
164.9068
 30
0.0
 11
790.7606
 21
104.4385
 31
0.0
  0
LINE
  5
DDE
330
1F
100
AcDbEntity
 67
     0
  8
Struc_Section_Steel
  6
Continuous
 62
   256
 60
     0
 48
2.0
370
    -1
100
AcDbLine
 39
0.0
 10
788.5956
 20
169.6773
 30
0.0
 11
788.5956
 21
164.7113
 31
0.0
  0
LINE
  5
DDF
330
1F
100
AcDbEntity
 67
     0
  8
Struc_Section_Conc
  6
Continuous
 62
   256
 60
     0
 48
2.0
370
    -1
100
AcDbLine
 39
0.0
 10
787.8556
 20
174.1885
 30
0.0
 11
739.8556
 21
174.1885
 31
0.0
  0
LINE
  5
DE0
330
1F
100
AcDbEntity
 67
     0
  8
Structural_Section_StAngle
  6
Continuous
 62
   256
 60
     0
 48
5.0
370
    -1
100
AcDbLine
 39
0.0
 10
790.4156
 20
170.1885
 30
0.0
 11
786.4156
 21
170.1885
 31
0.0
  0
LINE
  5
DE1
330
1F
100
AcDbEntity
 67
     0
  8
Structural_Section_StAngle
  6
Continuous
 62
   256
 60
     0
 48
5.0
370
    -1
100
AcDbLine
 39
0.0
 10
790.4156
 20
170.1885
 30
0.0
 11
790.4156
 21
174.1885
 31
0.0
  0
LINE
  5
DE2
330
1F
100
AcDbEntity
 67
     0
  8
Structural_Section_StAngle
  6
Continuous
 62
   256
 60
     0
 48
5.0
370
    -1
100
AcDbLine
 39
0.0
 10
790.0406
 20
170.5635
 30
0.0
 11
790.0406
 21
173.8135
 31
0.0
  0
LINE
  5
DE3
330
1F
100
AcDbEntity
 67
     0
  8
Structural_Section_StAngle
  6
Continuous
 62
   256
 60
     0
 48
5.0
370
    -1
100
AcDbLine
 39
0.0
 10
790.0406
 20
170.5635
 30
0.0
 11
786.7906
 21
170.5635
 31
0.0
  0
ARC
  5
DE4
330
1F
100
AcDbEntity
 67
     0
  8
Structural_Section_StAngle
  6
Continuous
 62
   256
 60
     0
 48
5.0
370
    -1
100
AcDbCircle
 39
0.0
 10
786.7906
 20
170.1885
 30
0.0
 40
0.375
100
AcDbArc
 50
90.0
 51
180.0
  0
LINE
  5
DE5
330
1F
100
AcDbEntity
 67
     0
  8
Structural_Section_StAngle
  6
Continuous
 62
   256
 60
     0
 48
1.0
370
    -1
100
AcDbLine
 39
0.0
 10
790.4156
 20
174.1885
 30
0.0
 11
790.4156
 21
174.1885
 31
0.0
  0
ARC
  5
DE6
330
1F
100
AcDbEntity
 67
     0
  8
Structural_Section_StAngle
  6
Continuous
 62
   256
 60
     0
 48
5.0
370
    -1
100
AcDbCircle
 39
0.0
 10
790.4156
 20
173.8135
 30
0.0
 40
0.375
100
AcDbArc
 50
90.0
 51
180.0
  0
HATCH
  5
DE7
330
1F
100
AcDbEntity
 67
     0
  8
Structural_Section_StAngle
  6
Continuous
 62
   256
 60
     0
 48
1.0
370
    -1
100
AcDbHatch
 10
0.0
 20
0.0
 30
0.0
210
0.0
220
0.0
230
1.0
  2
STEEL
 70
     0
 71
     0
 91
        1
 92
        7
 72
     1
 73
     1
 93
        6
 10
786.7906
 20
170.5635
 42
0.4142
 10
786.4156
 20
170.1885
 42
0.0
 10
790.4156
 20
170.1885
 42
0.0
 10
790.4156
 20
174.1885
 42
0.4142
 10
790.0406
 20
173.8135
 42
0.0
 10
790.0406
 20
170.5635
 42
0.0
 97
        0
 75
     0
 76
     1
 52
0.0
 41
3.0
 77
     0
 78
     2
 53
135.0
 43
9659.1379
 44
-3273.7906
 45
0.2652
 46
0.2652
 79
     0
 53
135.0
 43
9659.1379
 44
-3273.6031
 45
0.2652
 46
0.2652
 79
     0
 47
0.0099
 98
        1
 10
788.7224
 20
170.418
450
        0
451
         -2147483648
460
0.0
461
0.0
452
        0
462
0.0
453
        0
463
0.0
463
1.0
470

  0
LINE
  5
DE8
330
1F
100
AcDbEntity
 67
     0
  8
Structural_Section_StAngle
  6
Continuous
 62
   256
 60
     0
 48
5.0
370
    -1
100
AcDbLine
 39
0.0
 10
739.8556
 20
170.1885
 30
0.0
 11
743.8556
 21
170.1885
 31
0.0
  0
LINE
  5
DE9
330
1F
100
AcDbEntity
 67
     0
  8
Structural_Section_StAngle
  6
Continuous
 62
   256
 60
     0
 48
5.0
370
    -1
100
AcDbLine
 39
0.0
 10
739.8556
 20
170.1885
 30
0.0
 11
739.8556
 21
174.1885
 31
0.0
  0
LINE
  5
DEA
330
1F
100
AcDbEntity
 67
     0
  8
Structural_Section_StAngle
  6
Continuous
 62
   256
 60
     0
 48
5.0
370
    -1
100
AcDbLine
 39
0.0
 10
740.2306
 20
170.5635
 30
0.0
 11
740.2306
 21
173.8135
 31
0.0
  0
LINE
  5
DEB
330
1F
100
AcDbEntity
 67
     0
  8
Structural_Section_StAngle
  6
Continuous
 62
   256
 60
     0
 48
5.0
370
    -1
100
AcDbLine
 39
0.0
 10
740.2306
 20
170.5635
 30
0.0
 11
743.4806
 21
170.5635
 31
0.0
  0
ARC
  5
DEC
330
1F
100
AcDbEntity
 67
     0
  8
Structural_Section_StAngle
  6
Continuous
 62
   256
 60
     0
 48
5.0
370
    -1
100
AcDbCircle
 39
0.0
 10
743.4806
 20
170.1885
 30
0.0
 40
0.375
100
AcDbArc
 50
0.0
 51
90.0
  0
LINE
  5
DED
330
1F
100
AcDbEntity
 67
     0
  8
Structural_Section_StAngle
  6
Continuous
 62
   256
 60
     0
 48
1.0
370
    -1
100
AcDbLine
 39
0.0
 10
739.8556
 20
174.1885
 30
0.0
 11
739.8556
 21
174.1885
 31
0.0
  0
ARC
  5
DEE
330
1F
100
AcDbEntity
 67
     0
  8
Structural_Section_StAngle
  6
Continuous
 62
   256
 60
     0
 48
5.0
370
    -1
100
AcDbCircle
 39
0.0
 10
739.8556
 20
173.8135
 30
0.0
 40
0.375
100
AcDbArc
 50
360.0
 51
90.0
  0
HATCH
  5
DEF
330
1F
100
AcDbEntity
 67
     0
  8
Structural_Section_StAngle
  6
Continuous
 62
   256
 60
     0
 48
1.0
370
    -1
100
AcDbHatch
 10
0.0
 20
0.0
 30
0.0
210
0.0
220
0.0
230
1.0
  2
STEEL
 70
     0
 71
     0
 91
        1
 92
        7
 72
     1
 73
     1
 93
        6
 10
740.2306
 20
170.5635
 42
0.0
 10
740.2306
 20
173.8135
 42
0.4142
 10
739.8556
 20
174.1885
 42
0.0
 10
739.8556
 20
170.1885
 42
0.0
 10
743.8556
 20
170.1885
 42
0.4142
 10
743.4806
 20
170.5635
 42
0.0
 97
        0
 75
     0
 76
     1
 52
0.0
 41
3.0
 77
     0
 78
     2
 53
45.0
 43
-8128.8667
 44
-3273.7906
 45
-0.2652
 46
0.2652
 79
     0
 53
45.0
 43
-8128.8667
 44
-3273.6031
 45
-0.2652
 46
0.2652
 79
     0
 47
0.0099
 98
        1
 10
741.5488
 20
170.418
450
        0
451
         -2147483648
460
0.0
461
0.0
452
        0
462
0.0
453
        0
463
0.0
463
1.0
470

  0
LINE
  5
DF0
330
1F
100
AcDbEntity
 67
     0
  8
Struc_Section_Conc
  6
Continuous
 62
   256
 60
     0
 48
20.0
370
    -1
100
AcDbLine
 39
0.0
 10
790.0406
 20
171.6885
 30
0.0
 11
740.2306
 21
171.6885
 31
0.0
  0
LINE
  5
DF1
330
1F
100
AcDbEntity
 67
     0
  8
Struc_Section_Steel
  6
Continuous
 62
   256
 60
     0
 48
2.0
370
    -1
100
AcDbLine
 39
0.0
 10
787.2606
 20
160.1885
 30
0.0
 11
742.4156
 21
160.1885
 31
0.0
  0
LINE
  5
DF2
330
1F
100
AcDbEntity
 67
     0
  8
Struc_Section_Steel
  6
Continuous
 62
   256
 60
     0
 48
2.0
370
    -1
100
AcDbLine
 39
0.0
 10
787.2606
 20
160.4385
 30
0.0
 11
743.1356
 21
160.4385
 31
0.0
  0
LINE
  5
DF3
330
1F
100
AcDbEntity
 67
     0
  8
Struc_Section_Steel
  6
Continuous
 62
   256
 60
     0
 48
2.0
370
    -1
100
AcDbLine
 39
0.0
 10
1283.4579
 20
165.4997
 30
0.0
 11
1175.9279
 21
165.4997
 31
0.0
  0
INSERT
  5
DF4
330
1F
100
AcDbEntity
 67
     0
  8
Struc_Section_Steel
  6
Continuous
 62
   256
 60
     0
 48
2.0
370
    -1
100
AcDbBlockReference
 66
     0
  2
C250x23
 10
1178.4879
 20
151.4997
 30
0.0
 41
-1.0
 42
1.0
 43
1.0
 50
0.0
 70
     0
 71
     0
 44
0.0
 45
0.0
210
0.0
220
0.0
230
1.0
  0
LINE
  5
DF5
330
1F
100
AcDbEntity
 67
     0
  8
Structural_Section_StAngle
  6
Continuous
 62
   256
 60
     0
 48
5.0
370
    -1
100
AcDbLine
 39
0.0
 10
1175.9279
 20
161.4997
 30
0.0
 11
1179.9279
 21
161.4997
 31
0.0
  0
LINE
  5
DF6
330
1F
100
AcDbEntity
 67
     0
  8
Structural_Section_StAngle
  6
Continuous
 62
   256
 60
     0
 48
5.0
370
    -1
100
AcDbLine
 39
0.0
 10
1175.9279
 20
161.4997
 30
0.0
 11
1175.9279
 21
165.4997
 31
0.0
  0
LINE
  5
DF7
330
1F
100
AcDbEntity
 67
     0
  8
Structural_Section_StAngle
  6
Continuous
 62
   256
 60
     0
 48
5.0
370
    -1
100
AcDbLine
 39
0.0
 10
1176.3029
 20
161.8747
 30
0.0
 11
1176.3029
 21
165.1247
 31
0.0
  0
LINE
  5
DF8
330
1F
100
AcDbEntity
 67
     0
  8
Structural_Section_StAngle
  6
Continuous
 62
   256
 60
     0
 48
5.0
370
    -1
100
AcDbLine
 39
0.0
 10
1176.3029
 20
161.8747
 30
0.0
 11
1179.5529
 21
161.8747
 31
0.0
  0
ARC
  5
DF9
330
1F
100
AcDbEntity
 67
     0
  8
Structural_Section_StAngle
  6
Continuous
 62
   256
 60
     0
 48
5.0
370
    -1
100
AcDbCircle
 39
0.0
 10
1179.5529
 20
161.4997
 30
0.0
 40
0.375
100
AcDbArc
 50
0.0
 51
90.0
  0
LINE
  5
DFA
330
1F
100
AcDbEntity
 67
     0
  8
Structural_Section_StAngle
  6
Continuous
 62
   256
 60
     0
 48
1.0
370
    -1
100
AcDbLine
 39
0.0
 10
1175.9279
 20
165.4997
 30
0.0
 11
1175.9279
 21
165.4997
 31
0.0
  0
ARC
  5
DFB
330
1F
100
AcDbEntity
 67
     0
  8
Structural_Section_StAngle
  6
Continuous
 62
   256
 60
     0
 48
5.0
370
    -1
100
AcDbCircle
 39
0.0
 10
1175.9279
 20
165.1247
 30
0.0
 40
0.375
100
AcDbArc
 50
360.0
 51
90.0
  0
HATCH
  5
DFC
330
1F
100
AcDbEntity
 67
     0
  8
Structural_Section_StAngle
  6
Continuous
 62
   256
 60
     0
 48
1.0
370
    -1
100
AcDbHatch
 10
0.0
 20
0.0
 30
0.0
210
0.0
220
0.0
230
1.0
  2
STEEL
 70
     0
 71
     0
 91
        1
 92
        7
 72
     1
 73
     1
 93
        6
 10
1176.3029
 20
161.8747
 42
0.0
 10
1176.3029
 20
165.1247
 42
0.4142
 10
1175.9279
 20
165.4997
 42
0.0
 10
1175.9279
 20
161.4997
 42
0.0
 10
1179.9279
 20
161.4997
 42
0.4142
 10
1179.5529
 20
161.8747
 42
0.0
 97
        0
 75
     0
 76
     1
 52
0.0
 41
3.0
 77
     0
 78
     2
 53
45.0
 43
-7692.7945
 44
-3282.4795
 45
-0.2652
 46
0.2652
 79
     0
 53
45.0
 43
-7692.7945
 44
-3282.292
 45
-0.2652
 46
0.2652
 79
     0
 47
0.0099
 98
        1
 10
1177.621
 20
161.7292
450
        0
451
         -2147483648
460
0.0
461
0.0
452
        0
462
0.0
453
        0
463
0.0
463
1.0
470

  0
LINE
  5
DFD
330
1F
100
AcDbEntity
 67
     0
  8
Structural_Section_StAngle
  6
Continuous
 62
   256
 60
     0
 48
5.0
370
    -1
100
AcDbLine
 39
0.0
 10
1283.4579
 20
161.4997
 30
0.0
 11
1279.4579
 21
161.4997
 31
0.0
  0
LINE
  5
DFE
330
1F
100
AcDbEntity
 67
     0
  8
Structural_Section_StAngle
  6
Continuous
 62
   256
 60
     0
 48
5.0
370
    -1
100
AcDbLine
 39
0.0
 10
1283.4579
 20
161.4997
 30
0.0
 11
1283.4579
 21
165.4997
 31
0.0
  0
LINE
  5
DFF
330
1F
100
AcDbEntity
 67
     0
  8
Structural_Section_StAngle
  6
Continuous
 62
   256
 60
     0
 48
5.0
370
    -1
100
AcDbLine
 39
0.0
 10
1283.0829
 20
161.8747
 30
0.0
 11
1283.0829
 21
165.1247
 31
0.0
  0
LINE
  5
E00
330
1F
100
AcDbEntity
 67
     0
  8
Structural_Section_StAngle
  6
Continuous
 62
   256
 60
     0
 48
5.0
370
    -1
100
AcDbLine
 39
0.0
 10
1283.0829
 20
161.8747
 30
0.0
 11
1279.8329
 21
161.8747
 31
0.0
  0
ARC
  5
E01
330
1F
100
AcDbEntity
 67
     0
  8
Structural_Section_StAngle
  6
Continuous
 62
   256
 60
     0
 48
5.0
370
    -1
100
AcDbCircle
 39
0.0
 10
1279.8329
 20
161.4997
 30
0.0
 40
0.375
100
AcDbArc
 50
90.0
 51
180.0
  0
LINE
  5
E02
330
1F
100
AcDbEntity
 67
     0
  8
Structural_Section_StAngle
  6
Continuous
 62
   256
 60
     0
 48
1.0
370
    -1
100
AcDbLine
 39
0.0
 10
1283.4579
 20
165.4997
 30
0.0
 11
1283.4579
 21
165.4997
 31
0.0
  0
ARC
  5
E03
330
1F
100
AcDbEntity
 67
     0
  8
Structural_Section_StAngle
  6
Continuous
 62
   256
 60
     0
 48
5.0
370
    -1
100
AcDbCircle
 39
0.0
 10
1283.4579
 20
165.1247
 30
0.0
 40
0.375
100
AcDbArc
 50
90.0
 51
180.0
  0
HATCH
  5
E04
330
1F
100
AcDbEntity
 67
     0
  8
Structural_Section_StAngle
  6
Continuous
 62
   256
 60
     0
 48
1.0
370
    -1
100
AcDbHatch
 10
0.0
 20
0.0
 30
0.0
210
0.0
220
0.0
230
1.0
  2
STEEL
 70
     0
 71
     0
 91
        1
 92
        7
 72
     1
 73
     1
 93
        6
 10
1279.8329
 20
161.8747
 42
0.4142
 10
1279.4579
 20
161.4997
 42
0.0
 10
1283.4579
 20
161.4997
 42
0.0
 10
1283.4579
 20
165.4997
 42
0.4142
 10
1283.0829
 20
165.1247
 42
0.0
 10
1283.0829
 20
161.8747
 42
0.0
 97
        0
 75
     0
 76
     1
 52
0.0
 41
3.0
 77
     0
 78
     2
 53
135.0
 43
10152.1802
 44
-3282.4795
 45
0.2652
 46
0.2652
 79
     0
 53
135.0
 43
10152.1802
 44
-3282.292
 45
0.2652
 46
0.2652
 79
     0
 47
0.0099
 98
        1
 10
1281.7647
 20
161.7292
450
        0
451
         -2147483648
460
0.0
461
0.0
452
        0
462
0.0
453
        0
463
0.0
463
1.0
470

  0
INSERT
  5
E05
330
1F
100
AcDbEntity
 67
     0
  8
Struc_Section_Steel
  6
Continuous
 62
   256
 60
     0
 48
2.0
370
    -1
100
AcDbBlockReference
 66
     0
  2
C250x23
 10
1280.8979
 20
151.4997
 30
0.0
 41
1.0
 42
1.0
 43
1.0
 50
0.0
 70
     0
 71
     0
 44
0.0
 45
0.0
210
0.0
220
0.0
230
1.0
  0
LINE
  5
E06
330
1F
100
AcDbEntity
 67
     0
  8
Struc_Section_Steel
  6
Continuous
 62
   256
 60
     0
 48
2.0
370
    -1
100
AcDbLine
 39
0.0
 10
1279.4579
 20
153.4922
 30
0.0
 11
1279.4579
 21
151.6247
 31
0.0
  0
LINE
  5
E07
330
1F
100
AcDbEntity
 67
     0
  8
Struc_Section_Steel
  6
Continuous
 62
   256
 60
     0
 48
2.0
370
    -1
100
AcDbLine
 39
0.0
 10
1179.3329
 20
161.4997
 30
0.0
 11
1179.3329
 21
159.6322
 31
0.0
  0
LINE
  5
E08
330
1F
100
AcDbEntity
 67
     0
  8
Struc_Section_Steel
  6
Continuous
 62
   256
 60
     0
 48
2.0
370
    -1
100
AcDbLine
 39
0.0
 10
1179.3329
 20
153.4922
 30
0.0
 11
1179.3329
 21
151.6247
 31
0.0
  0
LINE
  5
E09
330
1F
100
AcDbEntity
 67
     0
  8
Struc_Section_Conc
  6
Continuous
 62
   256
 60
     0
 48
2.0
370
    -1
100
AcDbLine
 39
0.0
 10
1205.5561
 20
161.4997
 30
0.0
 11
1211.7736
 21
161.4997
 31
0.0
  0
LINE
  5
E0A
330
1F
100
AcDbEntity
 67
     0
  8
Struc_Section_Conc
  6
Continuous
 62
   256
 60
     0
 48
2.0
370
    -1
100
AcDbLine
 39
0.0
 10
1205.5561
 20
161.4997
 30
0.0
 11
1204.5108
 21
162.545
 31
0.0
  0
LINE
  5
E0B
330
1F
100
AcDbEntity
 67
     0
  8
Struc_Section_Conc
  6
Continuous
 62
   256
 60
     0
 48
2.0
370
    -1
100
AcDbLine
 39
0.0
 10
1198.0364
 20
162.545
 30
0.0
 11
1204.5108
 21
162.545
 31
0.0
  0
LINE
  5
E0C
330
1F
100
AcDbEntity
 67
     0
  8
Struc_Section_Conc
  6
Continuous
 62
   256
 60
     0
 48
2.0
370
    -1
100
AcDbLine
 39
0.0
 10
1211.8035
 20
161.4997
 30
0.0
 11
1212.8489
 21
162.545
 31
0.0
  0
LINE
  5
E0D
330
1F
100
AcDbEntity
 67
     0
  8
Struc_Section_Conc
  6
Continuous
 62
   256
 60
     0
 48
2.0
370
    -1
100
AcDbLine
 39
0.0
 10
1211.8035
 20
161.4997
 30
0.0
 11
1208.7564
 21
161.4997
 31
0.0
  0
LINE
  5
E0E
330
1F
100
AcDbEntity
 67
     0
  8
Structural_Steel_Deck
  6
Continuous
 62
   256
 60
     0
 48
1.0
370
    -1
100
AcDbLine
 39
0.0
 10
1182.1785
 20
161.4997
 30
0.0
 11
1179.9279
 21
161.4997
 31
0.0
  0
LINE
  5
E0F
330
1F
100
AcDbEntity
 67
     0
  8
Struc_Section_Conc
  6
Continuous
 62
   256
 60
     0
 48
2.0
370
    -1
100
AcDbLine
 39
0.0
 10
1190.7436
 20
161.4997
 30
0.0
 11
1196.9611
 21
161.4997
 31
0.0
  0
LINE
  5
E10
330
1F
100
AcDbEntity
 67
     0
  8
Struc_Section_Conc
  6
Continuous
 62
   256
 60
     0
 48
2.0
370
    -1
100
AcDbLine
 39
0.0
 10
1190.7436
 20
161.4997
 30
0.0
 11
1189.6983
 21
162.545
 31
0.0
  0
LINE
  5
E11
330
1F
100
AcDbEntity
 67
     0
  8
Struc_Section_Conc
  6
Continuous
 62
   256
 60
     0
 48
2.0
370
    -1
100
AcDbLine
 39
0.0
 10
1183.2239
 20
162.545
 30
0.0
 11
1189.6983
 21
162.545
 31
0.0
  0
LINE
  5
E12
330
1F
100
AcDbEntity
 67
     0
  8
Struc_Section_Conc
  6
Continuous
 62
   256
 60
     0
 48
2.0
370
    -1
100
AcDbLine
 39
0.0
 10
1196.991
 20
161.4997
 30
0.0
 11
1198.0364
 21
162.545
 31
0.0
  0
LINE
  5
E13
330
1F
100
AcDbEntity
 67
     0
  8
Struc_Section_Conc
  6
Continuous
 62
   256
 60
     0
 48
2.0
370
    -1
100
AcDbLine
 39
0.0
 10
1196.991
 20
161.4997
 30
0.0
 11
1193.9439
 21
161.4997
 31
0.0
  0
LINE
  5
E14
330
1F
100
AcDbEntity
 67
     0
  8
Struc_Section_Conc
  6
Continuous
 62
   256
 60
     0
 48
2.0
370
    -1
100
AcDbLine
 39
0.0
 10
1179.9279
 20
161.4997
 30
0.0
 11
1182.1486
 21
161.4997
 31
0.0
  0
LINE
  5
E15
330
1F
100
AcDbEntity
 67
     0
  8
Struc_Section_Conc
  6
Continuous
 62
   256
 60
     0
 48
2.0
370
    -1
100
AcDbLine
 39
0.0
 10
1182.1785
 20
161.4997
 30
0.0
 11
1183.2239
 21
162.545
 31
0.0
  0
LINE
  5
E16
330
1F
100
AcDbEntity
 67
     0
  8
Struc_Section_Conc
  6
Continuous
 62
   256
 60
     0
 48
2.0
370
    -1
100
AcDbLine
 39
0.0
 10
1182.1785
 20
161.4997
 30
0.0
 11
1179.9279
 21
161.4997
 31
0.0
  0
LINE
  5
E17
330
1F
100
AcDbEntity
 67
     0
  8
Struc_Section_Conc
  6
Continuous
 62
   256
 60
     0
 48
2.0
370
    -1
100
AcDbLine
 39
0.0
 10
1220.3686
 20
161.4997
 30
0.0
 11
1226.5861
 21
161.4997
 31
0.0
  0
LINE
  5
E18
330
1F
100
AcDbEntity
 67
     0
  8
Struc_Section_Conc
  6
Continuous
 62
   256
 60
     0
 48
2.0
370
    -1
100
AcDbLine
 39
0.0
 10
1220.3686
 20
161.4997
 30
0.0
 11
1219.3233
 21
162.545
 31
0.0
  0
LINE
  5
E19
330
1F
100
AcDbEntity
 67
     0
  8
Struc_Section_Conc
  6
Continuous
 62
   256
 60
     0
 48
2.0
370
    -1
100
AcDbLine
 39
0.0
 10
1212.8489
 20
162.545
 30
0.0
 11
1219.3233
 21
162.545
 31
0.0
  0
LINE
  5
E1A
330
1F
100
AcDbEntity
 67
     0
  8
Struc_Section_Conc
  6
Continuous
 62
   256
 60
     0
 48
2.0
370
    -1
100
AcDbLine
 39
0.0
 10
1226.616
 20
161.4997
 30
0.0
 11
1227.6614
 21
162.545
 31
0.0
  0
LINE
  5
E1B
330
1F
100
AcDbEntity
 67
     0
  8
Struc_Section_Conc
  6
Continuous
 62
   256
 60
     0
 48
2.0
370
    -1
100
AcDbLine
 39
0.0
 10
1226.616
 20
161.4997
 30
0.0
 11
1223.5689
 21
161.4997
 31
0.0
  0
LINE
  5
E1C
330
1F
100
AcDbEntity
 67
     0
  8
Struc_Section_Conc
  6
Continuous
 62
   256
 60
     0
 48
2.0
370
    -1
100
AcDbLine
 39
0.0
 10
1227.6614
 20
162.545
 30
0.0
 11
1234.1358
 21
162.545
 31
0.0
  0
LINE
  5
E1D
330
1F
100
AcDbEntity
 67
     0
  8
Struc_Section_Conc
  6
Continuous
 62
   256
 60
     0
 48
2.0
370
    -1
100
AcDbLine
 39
0.0
 10
1256.241
 20
161.4997
 30
0.0
 11
1250.0236
 21
161.4997
 31
0.0
  0
LINE
  5
E1E
330
1F
100
AcDbEntity
 67
     0
  8
Struc_Section_Conc
  6
Continuous
 62
   256
 60
     0
 48
2.0
370
    -1
100
AcDbLine
 39
0.0
 10
1256.241
 20
161.4997
 30
0.0
 11
1257.2864
 21
162.545
 31
0.0
  0
LINE
  5
E1F
330
1F
100
AcDbEntity
 67
     0
  8
Struc_Section_Conc
  6
Continuous
 62
   256
 60
     0
 48
2.0
370
    -1
100
AcDbLine
 39
0.0
 10
1263.7608
 20
162.545
 30
0.0
 11
1257.2864
 21
162.545
 31
0.0
  0
LINE
  5
E20
330
1F
100
AcDbEntity
 67
     0
  8
Struc_Section_Conc
  6
Continuous
 62
   256
 60
     0
 48
2.0
370
    -1
100
AcDbLine
 39
0.0
 10
1249.9936
 20
161.4997
 30
0.0
 11
1248.9483
 21
162.545
 31
0.0
  0
LINE
  5
E21
330
1F
100
AcDbEntity
 67
     0
  8
Struc_Section_Conc
  6
Continuous
 62
   256
 60
     0
 48
2.0
370
    -1
100
AcDbLine
 39
0.0
 10
1249.9936
 20
161.4997
 30
0.0
 11
1253.0407
 21
161.4997
 31
0.0
  0
LINE
  5
E22
330
1F
100
AcDbEntity
 67
     0
  8
Struc_Section_Conc
  6
Continuous
 62
   256
 60
     0
 48
2.0
370
    -1
100
AcDbLine
 39
0.0
 10
1271.0535
 20
161.4997
 30
0.0
 11
1264.8361
 21
161.4997
 31
0.0
  0
LINE
  5
E23
330
1F
100
AcDbEntity
 67
     0
  8
Struc_Section_Conc
  6
Continuous
 62
   256
 60
     0
 48
2.0
370
    -1
100
AcDbLine
 39
0.0
 10
1271.0535
 20
161.4997
 30
0.0
 11
1272.0989
 21
162.545
 31
0.0
  0
LINE
  5
E24
330
1F
100
AcDbEntity
 67
     0
  8
Struc_Section_Conc
  6
Continuous
 62
   256
 60
     0
 48
2.0
370
    -1
100
AcDbLine
 39
0.0
 10
1278.5733
 20
162.545
 30
0.0
 11
1272.0989
 21
162.545
 31
0.0
  0
LINE
  5
E25
330
1F
100
AcDbEntity
 67
     0
  8
Struc_Section_Conc
  6
Continuous
 62
   256
 60
     0
 48
2.0
370
    -1
100
AcDbLine
 39
0.0
 10
1264.8061
 20
161.4997
 30
0.0
 11
1263.7608
 21
162.545
 31
0.0
  0
LINE
  5
E26
330
1F
100
AcDbEntity
 67
     0
  8
Struc_Section_Conc
  6
Continuous
 62
   256
 60
     0
 48
2.0
370
    -1
100
AcDbLine
 39
0.0
 10
1264.8061
 20
161.4997
 30
0.0
 11
1267.8532
 21
161.4997
 31
0.0
  0
LINE
  5
E27
330
1F
100
AcDbEntity
 67
     0
  8
Struc_Section_Conc
  6
Continuous
 62
   256
 60
     0
 48
2.0
370
    -1
100
AcDbLine
 39
0.0
 10
1241.4285
 20
161.4997
 30
0.0
 11
1235.2111
 21
161.4997
 31
0.0
  0
LINE
  5
E28
330
1F
100
AcDbEntity
 67
     0
  8
Struc_Section_Conc
  6
Continuous
 62
   256
 60
     0
 48
2.0
370
    -1
100
AcDbLine
 39
0.0
 10
1241.4285
 20
161.4997
 30
0.0
 11
1242.4739
 21
162.545
 31
0.0
  0
LINE
  5
E29
330
1F
100
AcDbEntity
 67
     0
  8
Struc_Section_Conc
  6
Continuous
 62
   256
 60
     0
 48
2.0
370
    -1
100
AcDbLine
 39
0.0
 10
1248.9483
 20
162.545
 30
0.0
 11
1242.4739
 21
162.545
 31
0.0
  0
LINE
  5
E2A
330
1F
100
AcDbEntity
 67
     0
  8
Struc_Section_Conc
  6
Continuous
 62
   256
 60
     0
 48
2.0
370
    -1
100
AcDbLine
 39
0.0
 10
1235.1811
 20
161.4997
 30
0.0
 11
1234.1358
 21
162.545
 31
0.0
  0
LINE
  5
E2B
330
1F
100
AcDbEntity
 67
     0
  8
Struc_Section_Conc
  6
Continuous
 62
   256
 60
     0
 48
2.0
370
    -1
100
AcDbLine
 39
0.0
 10
1235.1811
 20
161.4997
 30
0.0
 11
1238.2282
 21
161.4997
 31
0.0
  0
LINE
  5
E2C
330
1F
100
AcDbEntity
 67
     0
  8
Struc_Section_Conc
  6
Continuous
 62
   256
 60
     0
 48
2.0
370
    -1
100
AcDbLine
 39
0.0
 10
1279.6186
 20
161.4997
 30
0.0
 11
1282.4944
 21
161.4997
 31
0.0
  0
LINE
  5
E2D
330
1F
100
AcDbEntity
 67
     0
  8
Struc_Section_Conc
  6
Continuous
 62
   256
 60
     0
 48
2.0
370
    -1
100
AcDbLine
 39
0.0
 10
1279.4832
 20
161.6351
 30
0.0
 11
1278.5733
 21
162.545
 31
0.0
  0
INSERT
  5
E2E
330
1F
100
AcDbEntity
 67
     0
  8
0
  6
Continuous
 62
   256
 60
     0
 48
1.0
370
    -1
100
AcDbBlockReference
 66
     0
  2
STAIR
 10
893.6356
 20
103.6885
 30
0.0
 41
-1.0
 42
1.0
 43
1.0
 50
0.0
 70
     0
 71
     0
 44
0.0
 45
0.0
210
0.0
220
0.0
230
1.0
  0
DIMENSION
  5
E2F
330
1F
100
AcDbEntity
 67
     0
  8
Dim @ 48
  6
Continuous
 62
   256
 60
     0
 48
1.0
370
    -1
100
AcDbDimension
  2
*D32
 10
1285.2079
 20
253.8573
 30
0.0
 11
1305.6275
 21
253.8573
 31
0.0
 70
     0
  1

 71
     5
 72
     1
 41
1.0
 42
13.0
 53
0.0
 51
0.0
210
0.0
220
0.0
230
1.0
  3
ROMANS-beside
100
AcDbAlignedDimension
 13
1272.2079
 23
256.8368
 33
0.0
 14
1285.2079
 24
256.8368
 34
0.0
 50
0.0
100
AcDbRotatedDimension
1001
AcadAnnotative
1000
AnnotativeData
1002
{
1070
     1
1070
     0
1002
}
1001
ACAD
1000
DSTYLE
1002
{
1070
    40
1040
48.0
1070
   147
1040
0.0625
1070
   141
1040
0.0625
1070
    42
1040
0.0938
1070
    44
1040
0.0938
1070
    41
1040
0.0938
1070
   140
1040
0.0781
1070
   279
1070
     0
1070
   289
1070
     0
1070
   174
1070
     0
1070
   175
1070
     0
1070
   172
1070
     0
1002
}
  0
DIMENSION
  5
E30
330
1F
100
AcDbEntity
 67
     0
  8
Dim @ 48
  6
Continuous
 62
   256
 60
     0
 48
1.0
370
    -1
100
AcDbDimension
  2
*D33
 10
1177.2078
 20
267.4783
 30
0.0
 11
1231.2078
 21
267.4783
 31
0.0
 70
     0
  1

 71
     5
 72
     1
 41
1.0
 42
108.0
 53
0.0
 51
0.0
210
0.0
220
0.0
230
1.0
  3
ROMANS
100
AcDbAlignedDimension
 13
1285.2079
 23
264.0946
 33
0.0
 14
1177.2078
 24
264.0946
 34
0.0
 50
0.0
100
AcDbRotatedDimension
1001
AcadAnnotative
1000
AnnotativeData
1002
{
1070
     1
1070
     0
1002
}
1001
ACAD
1000
DSTYLE
1002
{
1070
    40
1040
48.0
1070
   147
1040
0.0625
1070
   141
1040
0.0625
1070
    42
1040
0.0938
1070
    44
1040
0.0938
1070
    41
1040
0.0938
1070
   140
1040
0.0781
1070
   279
1070
     2
1070
   289
1070
     0
1070
   174
1070
     0
1070
   175
1070
     0
1070
   172
1070
     0
1002
}
  0
DIMENSION
  5
E31
330
1F
100
AcDbEntity
 67
     0
  8
Dim @ 48
  6
Continuous
 62
   256
 60
     0
 48
1.0
370
    -1
100
AcDbDimension
  2
*D34
 10
1327.808
 20
235.9997
 30
0.0
 11
1327.808
 21
165.4997
 31
0.0
 70
     0
  1

 71
     5
 72
     1
 41
1.0
 42
141.0
 53
0.0
 51
0.0
210
0.0
220
0.0
230
1.0
  3
ROMANS
100
AcDbAlignedDimension
 13
1285.2079
 23
94.9997
 33
0.0
 14
1285.2079
 24
235.9997
 34
0.0
 50
90.0
100
AcDbRotatedDimension
1001
AcadAnnotative
1000
AnnotativeData
1002
{
1070
     1
1070
     0
1002
}
1001
ACAD
1000
DSTYLE
1002
{
1070
    40
1040
48.0
1070
   147
1040
0.0625
1070
   141
1040
0.0625
1070
    42
1040
0.0938
1070
    44
1040
0.0938
1070
    41
1040
0.0938
1070
   140
1040
0.0781
1070
   279
1070
     2
1070
   289
1070
     0
1070
   174
1070
     0
1070
   175
1070
     0
1070
   172
1070
     0
1002
}
  0
DIMENSION
  5
E32
330
1F
100
AcDbEntity
 67
     0
  8
Dim @ 48
  6
Continuous
 62
   256
 60
     0
 48
1.0
370
    -1
100
AcDbDimension
  2
*D35
 10
789.1356
 20
199.8927
 30
0.0
 11
765.1356
 21
199.8927
 31
0.0
 70
     0
  1

 71
     5
 72
     1
 41
1.0
 42
48.0
 53
0.0
 51
0.0
210
0.0
220
0.0
230
1.0
  3
ROMANS-beside
100
AcDbAlignedDimension
 13
741.1356
 23
201.5318
 33
0.0
 14
789.1356
 24
201.5318
 34
0.0
 50
0.0
100
AcDbRotatedDimension
1001
AcadAnnotative
1000
AnnotativeData
1002
{
1070
     1
1070
     0
1002
}
1001
ACAD
1000
DSTYLE
1002
{
1070
    40
1040
48.0
1070
   147
1040
0.0625
1070
   141
1040
0.0625
1070
    42
1040
0.0938
1070
    44
1040
0.0938
1070
    41
1040
0.0938
1070
   140
1040
0.0781
1070
   279
1070
     2
1070
   289
1070
     0
1070
   174
1070
     0
1070
   175
1070
     0
1070
   172
1070
     0
1002
}
  0
LINE
  5
E39
330
1F
100
AcDbEntity
 67
     0
  8
Arch_Section_Wall
  6
Continuous
 62
   256
 60
     0
 48
0.1
370
    -1
100
AcDbLine
 39
0.0
 10
740.5106
 20
249.2202
 30
0.0
 11
740.5106
 21
379.6885
 31
0.0
  0
LINE
  5
E3A
330
1F
100
AcDbEntity
 67
     0
  8
Arch_Section_Wall
  6
Continuous
 62
   256
 60
     0
 48
0.1
370
    -1
100
AcDbLine
 39
0.0
 10
737.5106
 20
244.6885
 30
0.0
 11
737.5106
 21
379.6885
 31
0.0
  0
LINE
  5
E3B
330
1F
100
AcDbEntity
 67
     0
  8
Arch_Section_Wall
  6
Continuous
 62
   256
 60
     0
 48
0.1
370
    -1
100
AcDbLine
 39
0.0
 10
743.5106
 20
244.6885
 30
0.0
 11
743.5106
 21
379.6885
 31
0.0
  0
LINE
  5
E3C
330
1F
100
AcDbEntity
 67
     0
  8
Arch_Section_Wall
  6
Continuous
 62
   256
 60
     0
 48
0.1
370
    -1
100
AcDbLine
 39
0.0
 10
737.0106
 20
244.6885
 30
0.0
 11
737.0106
 21
379.6885
 31
0.0
  0
LINE
  5
E3D
330
1F
100
AcDbEntity
 67
     0
  8
Arch_Section_Wall
  6
Continuous
 62
   256
 60
     0
 48
0.1
370
    -1
100
AcDbLine
 39
0.0
 10
744.0106
 20
244.6885
 30
0.0
 11
744.0106
 21
379.6885
 31
0.0
  0
LINE
  5
E3E
330
1F
100
AcDbEntity
 67
     0
  8
Arch_Section_Wall
  6
Continuous
 62
   256
 60
     0
 48
0.1
370
    -1
100
AcDbLine
 39
0.0
 10
930.7006
 20
244.6885
 30
0.0
 11
930.7006
 21
379.6885
 31
0.0
  0
LINE
  5
E3F
330
1F
100
AcDbEntity
 67
     0
  8
Arch_Section_Wall
  6
Continuous
 62
   256
 60
     0
 48
0.1
370
    -1
100
AcDbLine
 39
0.0
 10
934.3206
 20
244.6885
 30
0.0
 11
934.3206
 21
379.6885
 31
0.0
  0
LINE
  5
E40
330
1F
100
AcDbEntity
 67
     0
  8
Arch_Section_Wall
  6
Continuous
 62
   256
 60
     0
 48
0.1
370
    -1
100
AcDbLine
 39
0.0
 10
930.2006
 20
244.6885
 30
0.0
 11
930.2006
 21
379.6885
 31
0.0
  0
LINE
  5
E41
330
1F
100
AcDbEntity
 67
     0
  8
Arch_Section_Wall
  6
Continuous
 62
   256
 60
     0
 48
0.1
370
    -1
100
AcDbLine
 39
0.0
 10
934.8206
 20
244.6885
 30
0.0
 11
934.8206
 21
379.6885
 31
0.0
  0
LINE
  5
E42
330
1F
100
AcDbEntity
 67
     0
  8
Arch_Section_Wall
  6
Continuous
 62
   256
 60
     0
 48
0.1
370
    -1
100
AcDbLine
 39
0.0
 10
723.5158
 20
379.6885
 30
0.0
 11
945.1774
 21
379.6885
 31
0.0
  0
LINE
  5
E43
330
1F
100
AcDbEntity
 67
     0
  8
Arch_Section_Wall
  6
Continuous
 62
   256
 60
     0
 48
0.1
370
    -1
100
AcDbLine
 39
0.0
 10
880.7606
 20
244.6885
 30
0.0
 11
880.7606
 21
246.1018
 31
0.0
  0
LINE
  5
E44
330
1F
100
AcDbEntity
 67
     0
  8
Arch_Section_Wall
  6
Continuous
 62
   256
 60
     0
 48
0.1
370
    -1
100
AcDbLine
 39
0.0
 10
723.8721
 20
391.4713
 30
0.0
 11
723.8721
 21
386.368
 31
0.0
  0
LINE
  5
E45
330
1F
100
AcDbEntity
 67
     0
  8
Arch_Section_Wall
  6
Continuous
 62
   256
 60
     0
 48
0.1
370
    -1
100
AcDbLine
 39
0.0
 10
723.8721
 20
386.368
 30
0.0
 11
724.2285
 21
384.9438
 31
0.0
  0
LINE
  5
E46
330
1F
100
AcDbEntity
 67
     0
  8
Arch_Section_Wall
  6
Continuous
 62
   256
 60
     0
 48
0.1
370
    -1
100
AcDbLine
 39
0.0
 10
724.2285
 20
384.9438
 30
0.0
 11
722.4466
 21
383.8756
 31
0.0
  0
LINE
  5
E47
330
1F
100
AcDbEntity
 67
     0
  8
Arch_Section_Wall
  6
Continuous
 62
   256
 60
     0
 48
0.1
370
    -1
100
AcDbLine
 39
0.0
 10
722.4466
 20
383.8756
 30
0.0
 11
723.5158
 21
382.4514
 31
0.0
  0
LINE
  5
E48
330
1F
100
AcDbEntity
 67
     0
  8
Arch_Section_Wall
  6
Continuous
 62
   256
 60
     0
 48
0.1
370
    -1
100
AcDbLine
 39
0.0
 10
723.5158
 20
382.4514
 30
0.0
 11
723.5158
 21
378.7723
 31
0.0
  0
LINE
  5
E49
330
1F
100
AcDbEntity
 67
     0
  8
Arch_Section_Wall
  6
Continuous
 62
   256
 60
     0
 48
0.1
370
    -1
100
AcDbLine
 39
0.0
 10
945.5338
 20
391.4713
 30
0.0
 11
945.5338
 21
386.368
 31
0.0
  0
LINE
  5
E4A
330
1F
100
AcDbEntity
 67
     0
  8
Arch_Section_Wall
  6
Continuous
 62
   256
 60
     0
 48
0.1
370
    -1
100
AcDbLine
 39
0.0
 10
945.5338
 20
386.368
 30
0.0
 11
945.8902
 21
384.9438
 31
0.0
  0
LINE
  5
E4B
330
1F
100
AcDbEntity
 67
     0
  8
Arch_Section_Wall
  6
Continuous
 62
   256
 60
     0
 48
0.1
370
    -1
100
AcDbLine
 39
0.0
 10
945.8902
 20
384.9438
 30
0.0
 11
944.1083
 21
383.8756
 31
0.0
  0
LINE
  5
E4C
330
1F
100
AcDbEntity
 67
     0
  8
Arch_Section_Wall
  6
Continuous
 62
   256
 60
     0
 48
0.1
370
    -1
100
AcDbLine
 39
0.0
 10
944.1083
 20
383.8756
 30
0.0
 11
945.1774
 21
382.4514
 31
0.0
  0
LINE
  5
E4D
330
1F
100
AcDbEntity
 67
     0
  8
Arch_Section_Wall
  6
Continuous
 62
   256
 60
     0
 48
0.1
370
    -1
100
AcDbLine
 39
0.0
 10
945.1774
 20
382.4514
 30
0.0
 11
945.1774
 21
378.7723
 31
0.0
  0
LINE
  5
E4E
330
1F
100
AcDbEntity
 67
     0
  8
Arch_Section_Handrail
  6
Continuous
 62
   256
 60
     0
 48
1.0
370
    -1
100
AcDbLine
 39
0.0
 10
891.3856
 20
281.4936
 30
0.0
 11
779.5147
 21
210.4861
 31
0.0
  0
LINE
  5
E4F
330
1F
100
AcDbEntity
 67
     0
  8
Arch_Section_Handrail
  6
Continuous
 62
   256
 60
     0
 48
1.0
370
    -1
100
AcDbLine
 39
0.0
 10
891.3856
 20
283.2702
 30
0.0
 11
779.3556
 21
212.1618
 31
0.0
  0
LINE
  5
E50
330
1F
100
AcDbEntity
 67
     0
  8
Arch_Section_Handrail
  6
Continuous
 62
   256
 60
     0
 48
1.0
370
    -1
100
AcDbLine
 39
0.0
 10
892.8856
 20
240.3135
 30
0.0
 11
892.8856
 21
286.6885
 31
0.0
  0
LINE
  5
E51
330
1F
100
AcDbEntity
 67
     0
  8
Arch_Section_Handrail
  6
Continuous
 62
   256
 60
     0
 48
1.0
370
    -1
100
AcDbLine
 39
0.0
 10
891.3856
 20
240.3135
 30
0.0
 11
891.3856
 21
286.6885
 31
0.0
  0
LINE
  5
E52
330
1F
100
AcDbEntity
 67
     0
  8
Arch_Section_Handrail
  6
Continuous
 62
   256
 60
     0
 48
1.0
370
    -1
100
AcDbLine
 39
0.0
 10
904.7059
 20
139.7929
 30
0.0
 11
820.7755
 21
192.3893
 31
0.0
  0
LINE
  5
E53
330
1F
100
AcDbEntity
 67
     0
  8
Arch_Section_Handrail
  6
Continuous
 62
   256
 60
     0
 48
1.0
370
    -1
100
AcDbLine
 39
0.0
 10
781.8779
 20
211.9861
 30
0.0
 11
787.7306
 21
211.9861
 31
0.0
  0
LINE
  5
E54
330
1F
100
AcDbEntity
 67
     0
  8
Arch_Section_Handrail
  6
Continuous
 62
   256
 60
     0
 48
1.0
370
    -1
100
AcDbLine
 39
0.0
 10
779.3556
 20
210.4861
 30
0.0
 11
787.7306
 21
210.4861
 31
0.0
  0
LINE
  5
E55
330
1F
100
AcDbEntity
 67
     0
  8
Arch_Section_Handrail
  6
Continuous
 62
   256
 60
     0
 48
1.0
370
    -1
100
AcDbLine
 39
0.0
 10
809.9717
 20
197.3894
 30
0.0
 11
808.1493
 21
198.5315
 31
0.0
  0
LINE
  5
E56
330
1F
100
AcDbEntity
 67
     0
  8
Arch_Section_Handrail
  6
Continuous
 62
   256
 60
     0
 48
1.0
370
    -1
100
AcDbLine
 39
0.0
 10
811.3841
 20
198.2745
 30
0.0
 11
809.5527
 21
199.4222
 31
0.0
  0
LINE
  5
E57
330
1F
100
AcDbEntity
 67
     0
  8
Arch_Section_Handrail
  6
Continuous
 62
   256
 60
     0
 48
6.0
370
    -1
100
AcDbLine
 39
0.0
 10
820.7755
 20
192.3893
 30
0.0
 11
811.3841
 21
198.2745
 31
0.0
  0
LINE
  5
E58
330
1F
100
AcDbEntity
 67
     0
  8
Arch_Section_Handrail
  6
Continuous
 62
   256
 60
     0
 48
6.0
370
    -1
100
AcDbLine
 39
0.0
 10
819.3631
 20
191.5042
 30
0.0
 11
809.9717
 21
197.3894
 31
0.0
  0
LINE
  5
E59
330
1F
100
AcDbEntity
 67
     0
  8
Arch_Section_Handrail
  6
Continuous
 62
   256
 60
     0
 48
1.0
370
    -1
100
AcDbLine
 39
0.0
 10
903.9094
 20
138.5219
 30
0.0
 11
819.3631
 21
191.5042
 31
0.0
  0
LINE
  5
E5A
330
1F
100
AcDbEntity
 67
     0
  8
Arch_Section_Handrail
  6
Continuous
 62
   256
 60
     0
 48
0.1
370
    -1
100
AcDbLine
 39
0.0
 10
892.8856
 20
240.3135
 30
0.0
 11
891.3856
 21
240.3135
 31
0.0
  0
LINE
  5
E5B
330
1F
100
AcDbEntity
 67
     0
  8
Arch_Section_Handrail
  6
Continuous
 62
   256
 60
     0
 48
0.1
370
    -1
100
AcDbLine
 39
0.0
 10
892.8856
 20
286.6885
 30
0.0
 11
891.3856
 21
286.6885
 31
0.0
  0
LINE
  5
E5C
330
1F
100
AcDbEntity
 67
     0
  8
Arch_Section_Handrail
  6
Continuous
 62
   256
 60
     0
 48
0.1
370
    -1
100
AcDbLine
 39
0.0
 10
888.2998
 20
113.6129
 30
0.0
 11
904.7059
 21
139.7929
 31
0.0
  0
LINE
  5
E5D
330
1F
100
AcDbEntity
 67
     0
  8
Arch_Section_Handrail
  6
Continuous
 62
   256
 60
     0
 48
0.1
370
    -1
100
AcDbLine
 39
0.0
 10
887.0287
 20
114.4094
 30
0.0
 11
902.6383
 21
139.3184
 31
0.0
  0
LINE
  5
E5E
330
1F
100
AcDbEntity
 67
     0
  8
Arch_Section_Handrail
  6
Continuous
 62
   256
 60
     0
 48
0.1
370
    -1
100
AcDbLine
 39
0.0
 10
779.3556
 20
210.4861
 30
0.0
 11
779.3556
 21
212.1618
 31
0.0
  0
LINE
  5
E5F
330
1F
100
AcDbEntity
 67
     0
  8
Arch_Section_Handrail
  6
Continuous
 62
   256
 60
     0
 48
0.1
370
    -1
100
AcDbLine
 39
0.0
 10
888.3692
 20
245.8135
 30
0.0
 11
873.0922
 21
269.8822
 31
0.0
  0
LINE
  5
E60
330
1F
100
AcDbEntity
 67
     0
  8
Arch_Section_Handrail
  6
Continuous
 62
   256
 60
     0
 48
0.1
370
    -1
100
AcDbLine
 39
0.0
 10
887.1028
 20
245.0097
 30
0.0
 11
871.8257
 21
269.0784
 31
0.0
  0
LINE
  5
E61
330
1F
100
AcDbEntity
 67
     0
  8
Arch_Section_Handrail
  6
Continuous
 62
   256
 60
     0
 48
0.1
370
    -1
100
AcDbLine
 39
0.0
 10
888.3692
 20
245.8135
 30
0.0
 11
887.0982
 21
245.017
 31
0.0
  0
LINE
  5
E62
330
1F
100
AcDbEntity
 67
     0
  8
Arch_Section_Handrail
  6
Continuous
 62
   256
 60
     0
 48
1.0
370
    -1
100
AcDbLine
 39
0.0
 10
890.3856
 20
250.6175
 30
0.0
 11
890.3856
 21
274.6177
 31
0.0
  0
LINE
  5
E63
330
1F
100
AcDbEntity
 67
     0
  8
Arch_Section_Handrail
  6
Continuous
 62
   256
 60
     0
 48
0.1
370
    -1
100
AcDbLine
 39
0.0
 10
887.6089
 20
248.8774
 30
0.0
 11
876.7602
 21
265.9693
 31
0.0
  0
LINE
  5
E64
330
1F
100
AcDbEntity
 67
     0
  8
Arch_Section_Handrail
  6
Continuous
 62
   256
 60
     0
 48
1.0
370
    -1
100
AcDbLine
 39
0.0
 10
890.3856
 20
274.6177
 30
0.0
 11
876.7602
 21
265.9693
 31
0.0
  0
LINE
  5
E65
330
1F
100
AcDbEntity
 67
     0
  8
Arch_Section_Handrail
  6
Continuous
 62
   256
 60
     0
 48
0.1
370
    -1
100
AcDbLine
 39
0.0
 10
887.6089
 20
248.8774
 30
0.0
 11
890.3856
 21
250.6175
 31
0.0
  0
LINE
  5
E66
330
1F
100
AcDbEntity
 67
     0
  8
Arch_Section_Handrail
  6
Continuous
 62
   256
 60
     0
 48
6.0
370
    -1
100
AcDbLine
 39
0.0
 10
787.7306
 20
174.1885
 30
0.0
 11
787.7306
 21
184.7833
 31
0.0
  0
LINE
  5
E67
330
1F
100
AcDbEntity
 67
     0
  8
Arch_Section_Handrail
  6
Continuous
 62
   256
 60
     0
 48
6.0
370
    -1
100
AcDbLine
 39
0.0
 10
789.2306
 20
174.1885
 30
0.0
 11
789.2306
 21
185.7233
 31
0.0
  0
LINE
  5
E68
330
1F
100
AcDbEntity
 67
     0
  8
Arch_Section_Handrail
  6
Continuous
 62
   256
 60
     0
 48
0.1
370
    -1
100
AcDbLine
 39
0.0
 10
790.2306
 20
187.5592
 30
0.0
 11
790.2306
 21
210.7483
 31
0.0
  0
LINE
  5
E69
330
1F
100
AcDbEntity
 67
     0
  8
Arch_Section_Handrail
  6
Continuous
 62
   256
 60
     0
 48
1.0
370
    -1
100
AcDbLine
 39
0.0
 10
795.6713
 20
214.2017
 30
0.0
 11
790.2306
 21
210.7483
 31
0.0
  0
LINE
  5
E6A
330
1F
100
AcDbEntity
 67
     0
  8
Arch_Section_Handrail
  6
Continuous
 62
   256
 60
     0
 48
0.1
370
    -1
100
AcDbLine
 39
0.0
 10
790.2306
 20
187.5592
 30
0.0
 11
806.1252
 21
197.5198
 31
0.0
  0
LINE
  5
E6B
330
1F
100
AcDbEntity
 67
     0
  8
Arch_Section_Handrail
  6
Continuous
 62
   256
 60
     0
 48
0.1
370
    -1
100
AcDbLine
 39
0.0
 10
795.6713
 20
214.2017
 30
0.0
 11
806.1252
 21
197.5198
 31
0.0
  0
LINE
  5
E6C
330
1F
100
AcDbEntity
 67
     0
  8
Arch_Section_Handrail
  6
Continuous
 62
   256
 60
     0
 48
0.1
370
    -1
100
AcDbLine
 39
0.0
 10
793.5837
 20
219.4161
 30
0.0
 11
808.5657
 21
195.5087
 31
0.0
  0
LINE
  5
E6D
330
1F
100
AcDbEntity
 67
     0
  8
Arch_Section_Handrail
  6
Continuous
 62
   256
 60
     0
 48
0.1
370
    -1
100
AcDbLine
 39
0.0
 10
794.8502
 20
220.22
 30
0.0
 11
809.8367
 21
196.3053
 31
0.0
  0
LINE
  5
E6E
330
1F
100
AcDbEntity
 67
     0
  8
Arch_Section_Handrail
  6
Continuous
 62
   256
 60
     0
 48
1.0
370
    -1
100
AcDbLine
 39
0.0
 10
874.9434
 20
264.1722
 30
0.0
 11
797.9361
 21
215.2936
 31
0.0
  0
LINE
  5
E6F
330
1F
100
AcDbEntity
 67
     0
  8
Arch_Section_Handrail
  6
Continuous
 62
   256
 60
     0
 48
1.0
370
    -1
100
AcDbLine
 39
0.0
 10
875.1438
 20
263.8564
 30
0.0
 11
798.1365
 21
214.9778
 31
0.0
  0
LINE
  5
E70
330
1F
100
AcDbEntity
 67
     0
  8
Arch_Section_Handrail
  6
Continuous
 62
   256
 60
     0
 48
1.0
370
    -1
100
AcDbLine
 39
0.0
 10
878.3592
 20
258.7907
 30
0.0
 11
801.3226
 21
209.8936
 31
0.0
  0
LINE
  5
E71
330
1F
100
AcDbEntity
 67
     0
  8
Arch_Section_Handrail
  6
Continuous
 62
   256
 60
     0
 48
1.0
370
    -1
100
AcDbLine
 39
0.0
 10
878.1588
 20
259.1065
 30
0.0
 11
801.1222
 21
210.2093
 31
0.0
  0
LINE
  5
E72
330
1F
100
AcDbEntity
 67
     0
  8
Arch_Section_Handrail
  6
Continuous
 62
   256
 60
     0
 48
1.0
370
    -1
100
AcDbLine
 39
0.0
 10
881.5745
 20
253.725
 30
0.0
 11
804.5088
 21
204.8093
 31
0.0
  0
LINE
  5
E73
330
1F
100
AcDbEntity
 67
     0
  8
Arch_Section_Handrail
  6
Continuous
 62
   256
 60
     0
 48
1.0
370
    -1
100
AcDbLine
 39
0.0
 10
881.3741
 20
254.0407
 30
0.0
 11
804.3084
 21
205.1251
 31
0.0
  0
LINE
  5
E74
330
1F
100
AcDbEntity
 67
     0
  8
Arch_Section_Handrail
  6
Continuous
 62
   256
 60
     0
 48
1.0
370
    -1
100
AcDbLine
 39
0.0
 10
884.7899
 20
248.6592
 30
0.0
 11
807.6949
 21
199.725
 31
0.0
  0
LINE
  5
E75
330
1F
100
AcDbEntity
 67
     0
  8
Arch_Section_Handrail
  6
Continuous
 62
   256
 60
     0
 48
1.0
370
    -1
100
AcDbLine
 39
0.0
 10
884.5894
 20
248.975
 30
0.0
 11
807.4945
 21
200.0408
 31
0.0
  0
LWPOLYLINE
  5
E76
330
1F
100
AcDbEntity
 67
     0
  8
Arch_Section_Handrail
  6
Continuous
 62
   256
 60
     0
 48
0.1
370
    -1
100
AcDbPolyline
 90
        2
 70
     1
 43
0.125
 10
892.1981
 20
274.544
 42
-1.0
 10
892.0731
 20
274.544
 42
-1.0
  0
LWPOLYLINE
  5
E77
330
1F
100
AcDbEntity
 67
     0
  8
Arch_Section_Handrail
  6
Continuous
 62
   256
 60
     0
 48
0.1
370
    -1
100
AcDbPolyline
 90
        2
 70
     1
 43
0.125
 10
892.1981
 20
267.4374
 42
-1.0
 10
892.0731
 20
267.4374
 42
-1.0
  0
LWPOLYLINE
  5
E78
330
1F
100
AcDbEntity
 67
     0
  8
Arch_Section_Handrail
  6
Continuous
 62
   256
 60
     0
 48
0.1
370
    -1
100
AcDbPolyline
 90
        2
 70
     1
 43
0.125
 10
892.1981
 20
260.3308
 42
-1.0
 10
892.0731
 20
260.3308
 42
-1.0
  0
LWPOLYLINE
  5
E79
330
1F
100
AcDbEntity
 67
     0
  8
Arch_Section_Handrail
  6
Continuous
 62
   256
 60
     0
 48
0.1
370
    -1
100
AcDbPolyline
 90
        2
 70
     1
 43
0.125
 10
892.1981
 20
253.2242
 42
-1.0
 10
892.0731
 20
253.2242
 42
-1.0
  0
LWPOLYLINE
  5
E7A
330
1F
100
AcDbEntity
 67
     0
  8
Arch_Section_Handrail
  6
Continuous
 62
   256
 60
     0
 48
0.1
370
    -1
100
AcDbPolyline
 90
        2
 70
     1
 43
0.125
 10
892.1981
 20
282.4764
 42
-1.0
 10
892.0731
 20
282.4764
 42
-1.0
  0
LINE
  5
E7B
330
1F
100
AcDbEntity
 67
     0
  8
Arch_Section_Handrail
  6
Continuous
 62
   256
 60
     0
 48
1.0
370
    -1
100
AcDbLine
 39
0.0
 10
809.2015
 20
199.6423
 30
0.0
 11
803.9188
 21
202.9528
 31
0.0
  0
LINE
  5
E7C
330
1F
100
AcDbEntity
 67
     0
  8
Arch_Section_Handrail
  6
Continuous
 62
   256
 60
     0
 48
1.0
370
    -1
100
AcDbLine
 39
0.0
 10
807.7982
 20
198.7515
 30
0.0
 11
805.6676
 21
200.0867
 31
0.0
  0
LINE
  5
E7D
330
1F
100
AcDbEntity
 67
     0
  8
Arch_Section_Handrail
  6
Continuous
 62
   256
 60
     0
 48
0.1
370
    -1
100
AcDbLine
 39
0.0
 10
809.8367
 20
196.3053
 30
0.0
 11
808.5657
 21
195.5087
 31
0.0
  0
LINE
  5
E7E
330
1F
100
AcDbEntity
 67
     0
  8
Arch_Section_Handrail
  6
Continuous
 62
   256
 60
     0
 48
1.0
370
    -1
100
AcDbLine
 39
0.0
 10
899.5186
 20
134.3401
 30
0.0
 11
813.8313
 21
188.0375
 31
0.0
  0
LINE
  5
E7F
330
1F
100
AcDbEntity
 67
     0
  8
Arch_Section_Handrail
  6
Continuous
 62
   256
 60
     0
 48
1.0
370
    -1
100
AcDbLine
 39
0.0
 10
899.3859
 20
134.1283
 30
0.0
 11
813.5959
 21
187.89
 31
0.0
  0
LINE
  5
E80
330
1F
100
AcDbEntity
 67
     0
  8
Arch_Section_Handrail
  6
Continuous
 62
   256
 60
     0
 48
1.0
370
    -1
100
AcDbLine
 39
0.0
 10
896.3325
 20
129.2559
 30
0.0
 11
808.1817
 21
184.4971
 31
0.0
  0
LINE
  5
E81
330
1F
100
AcDbEntity
 67
     0
  8
Arch_Section_Handrail
  6
Continuous
 62
   256
 60
     0
 48
1.0
370
    -1
100
AcDbLine
 39
0.0
 10
896.1998
 20
129.0441
 30
0.0
 11
807.9463
 21
184.3496
 31
0.0
  0
LINE
  5
E82
330
1F
100
AcDbEntity
 67
     0
  8
Arch_Section_Handrail
  6
Continuous
 62
   256
 60
     0
 48
1.0
370
    -1
100
AcDbLine
 39
0.0
 10
893.1464
 20
124.1718
 30
0.0
 11
802.5321
 21
180.9567
 31
0.0
  0
LINE
  5
E83
330
1F
100
AcDbEntity
 67
     0
  8
Arch_Section_Handrail
  6
Continuous
 62
   256
 60
     0
 48
1.0
370
    -1
100
AcDbLine
 39
0.0
 10
893.0137
 20
123.9599
 30
0.0
 11
802.2967
 21
180.8092
 31
0.0
  0
LINE
  5
E84
330
1F
100
AcDbEntity
 67
     0
  8
Arch_Section_Handrail
  6
Continuous
 62
   256
 60
     0
 48
1.0
370
    -1
100
AcDbLine
 39
0.0
 10
889.9604
 20
119.0876
 30
0.0
 11
798.5996
 21
176.3403
 31
0.0
  0
LINE
  5
E85
330
1F
100
AcDbEntity
 67
     0
  8
Arch_Section_Handrail
  6
Continuous
 62
   256
 60
     0
 48
1.0
370
    -1
100
AcDbLine
 39
0.0
 10
889.8276
 20
118.8757
 30
0.0
 11
798.4669
 21
176.1285
 31
0.0
  0
LINE
  5
E86
330
1F
100
AcDbEntity
 67
     0
  8
Arch_Section_Handrail
  6
Continuous
 62
   256
 60
     0
 48
0.1
370
    -1
100
AcDbLine
 39
0.0
 10
794.3969
 20
172.4587
 30
0.0
 11
797.9055
 21
178.0574
 31
0.0
  0
LINE
  5
E87
330
1F
100
AcDbEntity
 67
     0
  8
Arch_Section_Handrail
  6
Continuous
 62
   256
 60
     0
 48
0.1
370
    -1
100
AcDbLine
 39
0.0
 10
795.668
 20
171.6621
 30
0.0
 11
800.8204
 21
179.884
 31
0.0
  0
LINE
  5
E88
330
1F
100
AcDbEntity
 67
     0
  8
Arch_Section_Handrail
  6
Continuous
 62
   256
 60
     0
 48
6.0
370
    -1
100
AcDbLine
 39
0.0
 10
800.8204
 20
179.884
 30
0.0
 11
811.2776
 21
196.5711
 31
0.0
  0
LINE
  5
E89
330
1F
100
AcDbEntity
 67
     0
  8
Arch_Section_Handrail
  6
Continuous
 62
   256
 60
     0
 48
6.0
370
    -1
100
AcDbLine
 39
0.0
 10
797.9055
 20
178.0574
 30
0.0
 11
810.0066
 21
197.3676
 31
0.0
  0
LINE
  5
E8A
330
1F
100
AcDbEntity
 67
     0
  8
Arch_Section_Handrail
  6
Continuous
 62
   256
 60
     0
 48
0.1
370
    -1
100
AcDbLine
 39
0.0
 10
809.5888
 20
196.7009
 30
0.0
 11
810.0066
 21
197.3676
 31
0.0
  0
LINE
  5
E8B
330
1F
100
AcDbEntity
 67
     0
  8
Arch_Section_Handrail
  6
Continuous
 62
   256
 60
     0
 48
6.0
370
    -1
100
AcDbLine
 39
0.0
 10
813.5959
 20
187.89
 30
0.0
 11
808.0251
 21
191.381
 31
0.0
  0
LINE
  5
E8C
330
1F
100
AcDbEntity
 67
     0
  8
Arch_Section_Handrail
  6
Continuous
 62
   256
 60
     0
 48
6.0
370
    -1
100
AcDbLine
 39
0.0
 10
813.8313
 20
188.0375
 30
0.0
 11
808.1579
 21
191.5928
 31
0.0
  0
LINE
  5
E8D
330
1F
100
AcDbEntity
 67
     0
  8
Arch_Section_Handrail
  6
Continuous
 62
   256
 60
     0
 48
6.0
370
    -1
100
AcDbLine
 39
0.0
 10
808.1817
 20
184.4971
 30
0.0
 11
804.9718
 21
186.5087
 31
0.0
  0
LINE
  5
E8E
330
1F
100
AcDbEntity
 67
     0
  8
Arch_Section_Handrail
  6
Continuous
 62
   256
 60
     0
 48
6.0
370
    -1
100
AcDbLine
 39
0.0
 10
807.9463
 20
184.3496
 30
0.0
 11
804.839
 21
186.2968
 31
0.0
  0
LINE
  5
E8F
330
1F
100
AcDbEntity
 67
     0
  8
Arch_Section_Handrail
  6
Continuous
 62
   256
 60
     0
 48
6.0
370
    -1
100
AcDbLine
 39
0.0
 10
802.2967
 20
180.8092
 30
0.0
 11
801.653
 21
181.2126
 31
0.0
  0
LINE
  5
E90
330
1F
100
AcDbEntity
 67
     0
  8
Arch_Section_Handrail
  6
Continuous
 62
   256
 60
     0
 48
6.0
370
    -1
100
AcDbLine
 39
0.0
 10
802.5321
 20
180.9567
 30
0.0
 11
801.7857
 21
181.4245
 31
0.0
  0
LINE
  5
E91
330
1F
100
AcDbEntity
 67
     0
  8
Arch_Section_Handrail
  6
Continuous
 62
   256
 60
     0
 48
6.0
370
    -1
100
AcDbLine
 39
0.0
 10
795.5328
 20
176.1544
 30
0.0
 11
806.5041
 21
193.6618
 31
0.0
  0
LINE
  5
E92
330
1F
100
AcDbEntity
 67
     0
  8
Arch_Section_Handrail
  6
Continuous
 62
   256
 60
     0
 48
6.0
370
    -1
100
AcDbLine
 39
0.0
 10
795.5328
 20
176.1544
 30
0.0
 11
790.2306
 21
179.4771
 31
0.0
  0
LINE
  5
E93
330
1F
100
AcDbEntity
 67
     0
  8
Arch_Section_Handrail
  6
Continuous
 62
   256
 60
     0
 48
1.0
370
    -1
100
AcDbLine
 39
0.0
 10
806.5041
 20
193.6618
 30
0.0
 11
803.9321
 21
195.2736
 31
0.0
  0
LINE
  5
E94
330
1F
100
AcDbEntity
 67
     0
  8
Arch_Section_Handrail
  6
Continuous
 62
   256
 60
     0
 48
0.1
370
    -1
100
AcDbLine
 39
0.0
 10
790.2306
 20
179.4771
 30
0.0
 11
790.2306
 21
187.5592
 31
0.0
  0
LINE
  5
E95
330
1F
100
AcDbEntity
 67
     0
  8
Arch_Section_Handrail
  6
Continuous
 62
   256
 60
     0
 48
6.0
370
    -1
100
AcDbLine
 39
0.0
 10
798.9827
 20
206.0461
 30
0.0
 11
789.504
 21
211.9861
 31
0.0
  0
LINE
  5
E96
330
1F
100
AcDbEntity
 67
     0
  8
Arch_Section_Handrail
  6
Continuous
 62
   256
 60
     0
 48
6.0
370
    -1
100
AcDbLine
 39
0.0
 10
800.8094
 20
203.1312
 30
0.0
 11
789.2306
 21
210.3872
 31
0.0
  0
LINE
  5
E97
330
1F
100
AcDbEntity
 67
     0
  8
Arch_Section_Handrail
  6
Continuous
 62
   256
 60
     0
 48
6.0
370
    -1
100
AcDbLine
 39
0.0
 10
803.8409
 20
203.0016
 30
0.0
 11
800.926
 21
204.8283
 31
0.0
  0
LINE
  5
E98
330
1F
100
AcDbEntity
 67
     0
  8
Arch_Section_Handrail
  6
Continuous
 62
   256
 60
     0
 48
0.1
370
    -1
100
AcDbLine
 39
0.0
 10
805.6676
 20
200.0867
 30
0.0
 11
802.7526
 21
201.9134
 31
0.0
  0
LINE
  5
E99
330
1F
100
AcDbEntity
 67
     0
  8
Arch_Section_Handrail
  6
Continuous
 62
   256
 60
     0
 48
1.0
370
    -1
100
AcDbLine
 39
0.0
 10
800.926
 20
204.8283
 30
0.0
 11
798.9827
 21
206.0461
 31
0.0
  0
LINE
  5
E9A
330
1F
100
AcDbEntity
 67
     0
  8
Arch_Section_Handrail
  6
Continuous
 62
   256
 60
     0
 48
1.0
370
    -1
100
AcDbLine
 39
0.0
 10
802.7526
 20
201.9134
 30
0.0
 11
800.8094
 21
203.1312
 31
0.0
  0
LINE
  5
E9B
330
1F
100
AcDbEntity
 67
     0
  8
Arch_Section_Handrail
  6
Continuous
 62
   256
 60
     0
 48
6.0
370
    -1
100
AcDbLine
 39
0.0
 10
803.9321
 20
195.2736
 30
0.0
 11
790.2306
 21
203.8599
 31
0.0
  0
LINE
  5
E9C
330
1F
100
AcDbEntity
 67
     0
  8
Arch_Section_Handrail
  6
Continuous
 62
   256
 60
     0
 48
1.0
370
    -1
100
AcDbLine
 39
0.0
 10
890.3856
 20
253.6175
 30
0.0
 11
891.3856
 21
253.6175
 31
0.0
  0
LINE
  5
E9D
330
1F
100
AcDbEntity
 67
     0
  8
Arch_Section_Handrail
  6
Continuous
 62
   256
 60
     0
 48
1.0
370
    -1
100
AcDbLine
 39
0.0
 10
890.3856
 20
255.6175
 30
0.0
 11
891.3856
 21
255.6175
 31
0.0
  0
LINE
  5
E9E
330
1F
100
AcDbEntity
 67
     0
  8
Arch_Section_Handrail
  6
Continuous
 62
   256
 60
     0
 48
1.0
370
    -1
100
AcDbLine
 39
0.0
 10
890.3856
 20
271.6177
 30
0.0
 11
891.3856
 21
271.6177
 31
0.0
  0
LINE
  5
E9F
330
1F
100
AcDbEntity
 67
     0
  8
Arch_Section_Handrail
  6
Continuous
 62
   256
 60
     0
 48
1.0
370
    -1
100
AcDbLine
 39
0.0
 10
890.3856
 20
269.6177
 30
0.0
 11
891.3856
 21
269.6177
 31
0.0
  0
LINE
  5
EA0
330
1F
100
AcDbEntity
 67
     0
  8
Arch_Section_Handrail
  6
Continuous
 62
   256
 60
     0
 48
0.1
370
    -1
100
AcDbLine
 39
0.0
 10
886.0012
 20
251.4103
 30
0.0
 11
885.1569
 21
250.8744
 31
0.0
  0
LINE
  5
EA1
330
1F
100
AcDbEntity
 67
     0
  8
Arch_Section_Handrail
  6
Continuous
 62
   256
 60
     0
 48
0.1
370
    -1
100
AcDbLine
 39
0.0
 10
884.9294
 20
253.0989
 30
0.0
 11
884.0852
 21
252.563
 31
0.0
  0
LINE
  5
EA2
330
1F
100
AcDbEntity
 67
     0
  8
Arch_Section_Handrail
  6
Continuous
 62
   256
 60
     0
 48
0.1
370
    -1
100
AcDbLine
 39
0.0
 10
878.3679
 20
263.4364
 30
0.0
 11
877.5236
 21
262.9005
 31
0.0
  0
LINE
  5
EA3
330
1F
100
AcDbEntity
 67
     0
  8
Arch_Section_Handrail
  6
Continuous
 62
   256
 60
     0
 48
0.1
370
    -1
100
AcDbLine
 39
0.0
 10
879.4397
 20
261.7479
 30
0.0
 11
878.5954
 21
261.212
 31
0.0
  0
LINE
  5
EA4
330
1F
100
AcDbEntity
 67
     0
  8
Arch_Section_Handrail
  6
Continuous
 62
   256
 60
     0
 48
0.1
370
    -1
100
AcDbLine
 39
0.0
 10
790.2306
 20
191.8908
 30
0.0
 11
789.2306
 21
191.8908
 31
0.0
  0
LINE
  5
EA5
330
1F
100
AcDbEntity
 67
     0
  8
Arch_Section_Handrail
  6
Continuous
 62
   256
 60
     0
 48
0.1
370
    -1
100
AcDbLine
 39
0.0
 10
790.2306
 20
193.8908
 30
0.0
 11
789.2306
 21
193.8908
 31
0.0
  0
LINE
  5
EA6
330
1F
100
AcDbEntity
 67
     0
  8
Arch_Section_Handrail
  6
Continuous
 62
   256
 60
     0
 48
0.1
370
    -1
100
AcDbLine
 39
0.0
 10
804.5322
 20
200.0619
 30
0.0
 11
805.3796
 21
200.5929
 31
0.0
  0
LINE
  5
EA7
330
1F
100
AcDbEntity
 67
     0
  8
Arch_Section_Handrail
  6
Continuous
 62
   256
 60
     0
 48
0.1
370
    -1
100
AcDbLine
 39
0.0
 10
803.4702
 20
201.7566
 30
0.0
 11
804.3175
 21
202.2877
 31
0.0
  0
LINE
  5
EA8
330
1F
100
AcDbEntity
 67
     0
  8
Arch_Section_Handrail
  6
Continuous
 62
   256
 60
     0
 48
0.1
370
    -1
100
AcDbLine
 39
0.0
 10
797.2643
 20
211.6596
 30
0.0
 11
798.1117
 21
212.1906
 31
0.0
  0
LINE
  5
EA9
330
1F
100
AcDbEntity
 67
     0
  8
Arch_Section_Handrail
  6
Continuous
 62
   256
 60
     0
 48
0.1
370
    -1
100
AcDbLine
 39
0.0
 10
798.3264
 20
209.9648
 30
0.0
 11
799.1737
 21
210.4959
 31
0.0
  0
LINE
  5
EAA
330
1F
100
AcDbEntity
 67
     0
  8
Arch_Section_Handrail
  6
Continuous
 62
   256
 60
     0
 48
6.0
370
    -1
100
AcDbLine
 39
0.0
 10
797.9732
 20
178.1655
 30
0.0
 11
797.1258
 21
178.6965
 31
0.0
  0
LINE
  5
EAB
330
1F
100
AcDbEntity
 67
     0
  8
Arch_Section_Handrail
  6
Continuous
 62
   256
 60
     0
 48
6.0
370
    -1
100
AcDbLine
 39
0.0
 10
799.0352
 20
179.8602
 30
0.0
 11
798.1879
 21
180.3912
 31
0.0
  0
LINE
  5
EAC
330
1F
100
AcDbEntity
 67
     0
  8
Arch_Section_Handrail
  6
Continuous
 62
   256
 60
     0
 48
1.0
370
    -1
100
AcDbLine
 39
0.0
 10
805.7584
 20
190.5887
 30
0.0
 11
804.9111
 21
191.1197
 31
0.0
  0
LINE
  5
EAD
330
1F
100
AcDbEntity
 67
     0
  8
Arch_Section_Handrail
  6
Continuous
 62
   256
 60
     0
 48
1.0
370
    -1
100
AcDbLine
 39
0.0
 10
804.6964
 20
188.894
 30
0.0
 11
803.849
 21
189.425
 31
0.0
  0
LINE
  5
EAE
330
1F
100
AcDbEntity
 67
     0
  8
Arch_Section_Handrail
  6
Continuous
 62
   256
 60
     0
 48
0.1
370
    -1
100
AcDbLine
 39
0.0
 10
789.2306
 20
185.7233
 30
0.0
 11
789.2306
 21
216.6531
 31
0.0
  0
LINE
  5
EAF
330
1F
100
AcDbEntity
 67
     0
  8
Arch_Section_Handrail
  6
Continuous
 62
   256
 60
     0
 48
0.1
370
    -1
100
AcDbLine
 39
0.0
 10
787.7306
 20
184.7833
 30
0.0
 11
787.7306
 21
215.701
 31
0.0
  0
LINE
  5
EB0
330
1F
100
AcDbEntity
 67
     0
  8
Arch_Section_Handrail
  6
Continuous
 62
   256
 60
     0
 48
6.0
370
    -1
100
AcDbLine
 39
0.0
 10
790.2306
 20
200.8599
 30
0.0
 11
789.2306
 21
200.8599
 31
0.0
  0
LINE
  5
EB1
330
1F
100
AcDbEntity
 67
     0
  8
Arch_Section_Handrail
  6
Continuous
 62
   256
 60
     0
 48
6.0
370
    -1
100
AcDbLine
 39
0.0
 10
790.2306
 20
198.8599
 30
0.0
 11
789.2306
 21
198.8599
 31
0.0
  0
LINE
  5
EB2
330
1F
100
AcDbEntity
 67
     0
  8
Arch_Section_Handrail
  6
Continuous
 62
   256
 60
     0
 48
6.0
370
    -1
100
AcDbLine
 39
0.0
 10
790.2306
 20
181.1454
 30
0.0
 11
789.2306
 21
181.1454
 31
0.0
  0
LINE
  5
EB3
330
1F
100
AcDbEntity
 67
     0
  8
Arch_Section_Handrail
  6
Continuous
 62
   256
 60
     0
 48
6.0
370
    -1
100
AcDbLine
 39
0.0
 10
790.2306
 20
183.1454
 30
0.0
 11
789.2306
 21
183.1454
 31
0.0
  0
LINE
  5
EB4
330
1F
100
AcDbEntity
 67
     0
  8
Arch_Section_Handrail
  6
Continuous
 62
   256
 60
     0
 48
0.1
370
    -1
100
AcDbLine
 39
0.0
 10
898.8107
 20
120.9697
 30
0.0
 11
903.0588
 21
127.7486
 31
0.0
  0
LINE
  5
EB5
330
1F
100
AcDbEntity
 67
     0
  8
Arch_Section_Handrail
  6
Continuous
 62
   256
 60
     0
 48
0.1
370
    -1
100
AcDbLine
 39
0.0
 10
893.2972
 20
119.7043
 30
0.0
 11
901.7934
 21
133.2621
 31
0.0
  0
LINE
  5
EB6
330
1F
100
AcDbEntity
 67
     0
  8
Arch_Section_Handrail
  6
Continuous
 62
   256
 60
     0
 48
0.1
370
    -1
100
AcDbLine
 39
0.0
 10
901.7934
 20
133.2621
 30
0.0
 11
901.7934
 21
133.2621
 31
0.0
  0
LINE
  5
EB7
330
1F
100
AcDbEntity
 67
     0
  8
Arch_Section_Handrail
  6
Continuous
 62
   256
 60
     0
 48
0.1
370
    -1
100
AcDbLine
 39
0.0
 10
893.2972
 20
119.7043
 30
0.0
 11
893.2972
 21
119.7043
 31
0.0
  0
ARC
  5
EB8
330
1F
100
AcDbEntity
 67
     0
  8
Arch_Section_Handrail
  6
Continuous
 62
   256
 60
     0
 48
0.1
370
    -1
100
AcDbCircle
 39
0.0
 10
899.6693
 20
129.8727
 30
0.0
 40
4.0
100
AcDbArc
 50
327.926
 51
57.926
  0
ARC
  5
EB9
330
1F
100
AcDbEntity
 67
     0
  8
Arch_Section_Handrail
  6
Continuous
 62
   256
 60
     0
 48
0.1
370
    -1
100
AcDbCircle
 39
0.0
 10
895.4212
 20
123.0937
 30
0.0
 40
4.0
100
AcDbArc
 50
237.926
 51
327.926
  0
LINE
  5
EBA
330
1F
100
AcDbEntity
 67
     0
  8
Arch_Section_Handrail
  6
Continuous
 62
   256
 60
     0
 48
0.1
370
    -1
100
AcDbLine
 39
0.0
 10
900.2003
 20
130.72
 30
0.0
 11
899.353
 21
131.251
 31
0.0
  0
LINE
  5
EBB
330
1F
100
AcDbEntity
 67
     0
  8
Arch_Section_Handrail
  6
Continuous
 62
   256
 60
     0
 48
0.1
370
    -1
100
AcDbLine
 39
0.0
 10
899.1383
 20
129.0253
 30
0.0
 11
898.2909
 21
129.5563
 31
0.0
  0
LINE
  5
EBC
330
1F
100
AcDbEntity
 67
     0
  8
Arch_Section_Handrail
  6
Continuous
 62
   256
 60
     0
 48
0.1
370
    -1
100
AcDbLine
 39
0.0
 10
894.8902
 20
122.2464
 30
0.0
 11
894.0428
 21
122.7774
 31
0.0
  0
LINE
  5
EBD
330
1F
100
AcDbEntity
 67
     0
  8
Arch_Section_Handrail
  6
Continuous
 62
   256
 60
     0
 48
0.1
370
    -1
100
AcDbLine
 39
0.0
 10
895.9522
 20
123.9411
 30
0.0
 11
895.1049
 21
124.4721
 31
0.0
  0
LINE
  5
EBE
330
1F
100
AcDbEntity
 67
     0
  8
Arch_Section_Handrail
  6
Continuous
 62
   256
 60
     0
 48
1.0
370
    -1
100
AcDbLine
 39
0.0
 10
789.2306
 20
211.9861
 30
0.0
 11
789.504
 21
211.9861
 31
0.0
  0
LINE
  5
EBF
330
1F
100
AcDbEntity
 67
     0
  8
Arch_Section_Handrail
  6
Continuous
 62
   256
 60
     0
 48
0.1
370
    -1
100
AcDbLine
 39
0.0
 10
892.8856
 20
285.1885
 30
0.0
 11
891.3856
 21
285.1885
 31
0.0
  0
LINE
  5
EC0
330
1F
100
AcDbEntity
 67
     0
  8
Struc_Plan_Deck
  6
Continuous
 62
   256
 60
     0
 48
1.0
370
    -1
100
AcDbLine
 39
0.0
 10
840.5229
 20
389.6885
 30
0.0
 11
849.3004
 21
389.6885
 31
0.0
  0
LINE
  5
EC1
330
1F
100
AcDbEntity
 67
     0
  8
Struc_Plan_Deck
  6
Continuous
 62
   256
 60
     0
 48
1.0
370
    -1
100
AcDbLine
 39
0.0
 10
756.8758
 20
389.6885
 30
0.0
 11
765.6534
 21
389.6885
 31
0.0
  0
LINE
  5
EC2
330
1F
100
AcDbEntity
 67
     0
  8
Struc_Plan_Deck
  6
Continuous
 62
   256
 60
     0
 48
1.0
370
    -1
100
AcDbLine
 39
0.0
 10
735.964
 20
389.6885
 30
0.0
 11
744.7416
 21
389.6885
 31
0.0
  0
LINE
  5
EC3
330
1F
100
AcDbEntity
 67
     0
  8
Struc_Plan_Deck
  6
Continuous
 62
   256
 60
     0
 48
1.0
370
    -1
100
AcDbLine
 39
0.0
 10
723.8721
 20
389.6885
 30
0.0
 11
725.3479
 21
391.1643
 31
0.0
  0
LINE
  5
EC4
330
1F
100
AcDbEntity
 67
     0
  8
Struc_Plan_Deck
  6
Continuous
 62
   256
 60
     0
 48
1.0
370
    -1
100
AcDbLine
 39
0.0
 10
735.964
 20
389.6885
 30
0.0
 11
734.4883
 21
391.1643
 31
0.0
  0
LINE
  5
EC5
330
1F
100
AcDbEntity
 67
     0
  8
Struc_Plan_Deck
  6
Continuous
 62
   256
 60
     0
 48
1.0
370
    -1
100
AcDbLine
 39
0.0
 10
725.3479
 20
391.1643
 30
0.0
 11
734.4883
 21
391.1643
 31
0.0
  0
LINE
  5
EC6
330
1F
100
AcDbEntity
 67
     0
  8
Struc_Plan_Deck
  6
Continuous
 62
   256
 60
     0
 48
1.0
370
    -1
100
AcDbLine
 39
0.0
 10
744.7839
 20
389.6885
 30
0.0
 11
746.2597
 21
391.1643
 31
0.0
  0
LINE
  5
EC7
330
1F
100
AcDbEntity
 67
     0
  8
Struc_Plan_Deck
  6
Continuous
 62
   256
 60
     0
 48
1.0
370
    -1
100
AcDbLine
 39
0.0
 10
756.8758
 20
389.6885
 30
0.0
 11
755.4
 21
391.1643
 31
0.0
  0
LINE
  5
EC8
330
1F
100
AcDbEntity
 67
     0
  8
Struc_Plan_Deck
  6
Continuous
 62
   256
 60
     0
 48
1.0
370
    -1
100
AcDbLine
 39
0.0
 10
746.2597
 20
391.1643
 30
0.0
 11
755.4
 21
391.1643
 31
0.0
  0
LINE
  5
EC9
330
1F
100
AcDbEntity
 67
     0
  8
Struc_Plan_Deck
  6
Continuous
 62
   256
 60
     0
 48
1.0
370
    -1
100
AcDbLine
 39
0.0
 10
840.5229
 20
389.6885
 30
0.0
 11
839.0471
 21
391.1643
 31
0.0
  0
LINE
  5
ECA
330
1F
100
AcDbEntity
 67
     0
  8
Struc_Plan_Deck
  6
Continuous
 62
   256
 60
     0
 48
1.0
370
    -1
100
AcDbLine
 39
0.0
 10
777.7876
 20
389.6885
 30
0.0
 11
786.5651
 21
389.6885
 31
0.0
  0
LINE
  5
ECB
330
1F
100
AcDbEntity
 67
     0
  8
Struc_Plan_Deck
  6
Continuous
 62
   256
 60
     0
 48
1.0
370
    -1
100
AcDbLine
 39
0.0
 10
765.6957
 20
389.6885
 30
0.0
 11
767.1714
 21
391.1643
 31
0.0
  0
LINE
  5
ECC
330
1F
100
AcDbEntity
 67
     0
  8
Struc_Plan_Deck
  6
Continuous
 62
   256
 60
     0
 48
1.0
370
    -1
100
AcDbLine
 39
0.0
 10
777.7876
 20
389.6885
 30
0.0
 11
776.3118
 21
391.1643
 31
0.0
  0
LINE
  5
ECD
330
1F
100
AcDbEntity
 67
     0
  8
Struc_Plan_Deck
  6
Continuous
 62
   256
 60
     0
 48
1.0
370
    -1
100
AcDbLine
 39
0.0
 10
767.1714
 20
391.1643
 30
0.0
 11
776.3118
 21
391.1643
 31
0.0
  0
LINE
  5
ECE
330
1F
100
AcDbEntity
 67
     0
  8
Struc_Plan_Deck
  6
Continuous
 62
   256
 60
     0
 48
1.0
370
    -1
100
AcDbLine
 39
0.0
 10
798.6993
 20
389.6885
 30
0.0
 11
807.4769
 21
389.6885
 31
0.0
  0
LINE
  5
ECF
330
1F
100
AcDbEntity
 67
     0
  8
Struc_Plan_Deck
  6
Continuous
 62
   256
 60
     0
 48
1.0
370
    -1
100
AcDbLine
 39
0.0
 10
786.6074
 20
389.6885
 30
0.0
 11
788.0832
 21
391.1643
 31
0.0
  0
LINE
  5
ED0
330
1F
100
AcDbEntity
 67
     0
  8
Struc_Plan_Deck
  6
Continuous
 62
   256
 60
     0
 48
1.0
370
    -1
100
AcDbLine
 39
0.0
 10
798.6993
 20
389.6885
 30
0.0
 11
797.2236
 21
391.1643
 31
0.0
  0
LINE
  5
ED1
330
1F
100
AcDbEntity
 67
     0
  8
Struc_Plan_Deck
  6
Continuous
 62
   256
 60
     0
 48
1.0
370
    -1
100
AcDbLine
 39
0.0
 10
788.0832
 20
391.1643
 30
0.0
 11
797.2236
 21
391.1643
 31
0.0
  0
LINE
  5
ED2
330
1F
100
AcDbEntity
 67
     0
  8
Struc_Plan_Deck
  6
Continuous
 62
   256
 60
     0
 48
1.0
370
    -1
100
AcDbLine
 39
0.0
 10
819.6111
 20
389.6885
 30
0.0
 11
828.3887
 21
389.6885
 31
0.0
  0
LINE
  5
ED3
330
1F
100
AcDbEntity
 67
     0
  8
Struc_Plan_Deck
  6
Continuous
 62
   256
 60
     0
 48
1.0
370
    -1
100
AcDbLine
 39
0.0
 10
807.5192
 20
389.6885
 30
0.0
 11
808.995
 21
391.1643
 31
0.0
  0
LINE
  5
ED4
330
1F
100
AcDbEntity
 67
     0
  8
Struc_Plan_Deck
  6
Continuous
 62
   256
 60
     0
 48
1.0
370
    -1
100
AcDbLine
 39
0.0
 10
819.6111
 20
389.6885
 30
0.0
 11
818.1353
 21
391.1643
 31
0.0
  0
LINE
  5
ED5
330
1F
100
AcDbEntity
 67
     0
  8
Struc_Plan_Deck
  6
Continuous
 62
   256
 60
     0
 48
1.0
370
    -1
100
AcDbLine
 39
0.0
 10
808.995
 20
391.1643
 30
0.0
 11
818.1353
 21
391.1643
 31
0.0
  0
LINE
  5
ED6
330
1F
100
AcDbEntity
 67
     0
  8
Struc_Plan_Deck
  6
Continuous
 62
   256
 60
     0
 48
1.0
370
    -1
100
AcDbLine
 39
0.0
 10
828.431
 20
389.6885
 30
0.0
 11
829.9067
 21
391.1643
 31
0.0
  0
LINE
  5
ED7
330
1F
100
AcDbEntity
 67
     0
  8
Struc_Plan_Deck
  6
Continuous
 62
   256
 60
     0
 48
1.0
370
    -1
100
AcDbLine
 39
0.0
 10
829.9067
 20
391.1643
 30
0.0
 11
839.0471
 21
391.1643
 31
0.0
  0
LINE
  5
ED8
330
1F
100
AcDbEntity
 67
     0
  8
Struc_Plan_Deck
  6
Continuous
 62
   256
 60
     0
 48
1.0
370
    -1
100
AcDbLine
 39
0.0
 10
861.4346
 20
389.6885
 30
0.0
 11
870.2122
 21
389.6885
 31
0.0
  0
LINE
  5
ED9
330
1F
100
AcDbEntity
 67
     0
  8
Struc_Plan_Deck
  6
Continuous
 62
   256
 60
     0
 48
1.0
370
    -1
100
AcDbLine
 39
0.0
 10
849.3427
 20
389.6885
 30
0.0
 11
850.8185
 21
391.1643
 31
0.0
  0
LINE
  5
EDA
330
1F
100
AcDbEntity
 67
     0
  8
Struc_Plan_Deck
  6
Continuous
 62
   256
 60
     0
 48
1.0
370
    -1
100
AcDbLine
 39
0.0
 10
861.4346
 20
389.6885
 30
0.0
 11
859.9589
 21
391.1643
 31
0.0
  0
LINE
  5
EDB
330
1F
100
AcDbEntity
 67
     0
  8
Struc_Plan_Deck
  6
Continuous
 62
   256
 60
     0
 48
1.0
370
    -1
100
AcDbLine
 39
0.0
 10
850.8185
 20
391.1643
 30
0.0
 11
859.9589
 21
391.1643
 31
0.0
  0
LINE
  5
EDC
330
1F
100
AcDbEntity
 67
     0
  8
Struc_Plan_Deck
  6
Continuous
 62
   256
 60
     0
 48
1.0
370
    -1
100
AcDbLine
 39
0.0
 10
870.2545
 20
389.6885
 30
0.0
 11
871.7545
 21
391.1885
 31
0.0
  0
LINE
  5
EDD
330
1F
100
AcDbEntity
 67
     0
  8
Struc_Plan_Deck
  6
Continuous
 62
   256
 60
     0
 48
1.0
370
    -1
100
AcDbLine
 39
0.0
 10
945.1059
 20
389.7127
 30
0.0
 11
945.5338
 21
389.7127
 31
0.0
  0
LINE
  5
EDE
330
1F
100
AcDbEntity
 67
     0
  8
Struc_Plan_Deck
  6
Continuous
 62
   256
 60
     0
 48
1.0
370
    -1
100
AcDbLine
 39
0.0
 10
924.1941
 20
389.7127
 30
0.0
 11
932.9717
 21
389.7127
 31
0.0
  0
LINE
  5
EDF
330
1F
100
AcDbEntity
 67
     0
  8
Struc_Plan_Deck
  6
Continuous
 62
   256
 60
     0
 48
1.0
370
    -1
100
AcDbLine
 39
0.0
 10
912.1022
 20
389.7127
 30
0.0
 11
913.578
 21
391.1885
 31
0.0
  0
LINE
  5
EE0
330
1F
100
AcDbEntity
 67
     0
  8
Struc_Plan_Deck
  6
Continuous
 62
   256
 60
     0
 48
1.0
370
    -1
100
AcDbLine
 39
0.0
 10
924.1941
 20
389.7127
 30
0.0
 11
922.7184
 21
391.1885
 31
0.0
  0
LINE
  5
EE1
330
1F
100
AcDbEntity
 67
     0
  8
Struc_Plan_Deck
  6
Continuous
 62
   256
 60
     0
 48
1.0
370
    -1
100
AcDbLine
 39
0.0
 10
913.578
 20
391.1885
 30
0.0
 11
922.7184
 21
391.1885
 31
0.0
  0
LINE
  5
EE2
330
1F
100
AcDbEntity
 67
     0
  8
Struc_Plan_Deck
  6
Continuous
 62
   256
 60
     0
 48
1.0
370
    -1
100
AcDbLine
 39
0.0
 10
933.014
 20
389.7127
 30
0.0
 11
934.4898
 21
391.1885
 31
0.0
  0
LINE
  5
EE3
330
1F
100
AcDbEntity
 67
     0
  8
Struc_Plan_Deck
  6
Continuous
 62
   256
 60
     0
 48
1.0
370
    -1
100
AcDbLine
 39
0.0
 10
945.1059
 20
389.7127
 30
0.0
 11
943.6301
 21
391.1885
 31
0.0
  0
LINE
  5
EE4
330
1F
100
AcDbEntity
 67
     0
  8
Struc_Plan_Deck
  6
Continuous
 62
   256
 60
     0
 48
1.0
370
    -1
100
AcDbLine
 39
0.0
 10
934.4898
 20
391.1885
 30
0.0
 11
943.6301
 21
391.1885
 31
0.0
  0
LINE
  5
EE5
330
1F
100
AcDbEntity
 67
     0
  8
Struc_Plan_Deck
  6
Continuous
 62
   256
 60
     0
 48
1.0
370
    -1
100
AcDbLine
 39
0.0
 10
882.3706
 20
389.7127
 30
0.0
 11
891.1482
 21
389.7127
 31
0.0
  0
LINE
  5
EE6
330
1F
100
AcDbEntity
 67
     0
  8
Struc_Plan_Deck
  6
Continuous
 62
   256
 60
     0
 48
1.0
370
    -1
100
AcDbLine
 39
0.0
 10
882.3706
 20
389.7127
 30
0.0
 11
880.8948
 21
391.1885
 31
0.0
  0
LINE
  5
EE7
330
1F
100
AcDbEntity
 67
     0
  8
Struc_Plan_Deck
  6
Continuous
 62
   256
 60
     0
 48
1.0
370
    -1
100
AcDbLine
 39
0.0
 10
871.7545
 20
391.1885
 30
0.0
 11
880.8948
 21
391.1885
 31
0.0
  0
LINE
  5
EE8
330
1F
100
AcDbEntity
 67
     0
  8
Struc_Plan_Deck
  6
Continuous
 62
   256
 60
     0
 48
1.0
370
    -1
100
AcDbLine
 39
0.0
 10
891.1905
 20
389.7127
 30
0.0
 11
892.6662
 21
391.1885
 31
0.0
  0
LINE
  5
EE9
330
1F
100
AcDbEntity
 67
     0
  8
Struc_Plan_Deck
  6
Continuous
 62
   256
 60
     0
 48
1.0
370
    -1
100
AcDbLine
 39
0.0
 10
903.2824
 20
389.7127
 30
0.0
 11
901.8066
 21
391.1885
 31
0.0
  0
LINE
  5
EEA
330
1F
100
AcDbEntity
 67
     0
  8
Struc_Plan_Deck
  6
Continuous
 62
   256
 60
     0
 48
1.0
370
    -1
100
AcDbLine
 39
0.0
 10
892.6662
 20
391.1885
 30
0.0
 11
901.8066
 21
391.1885
 31
0.0
  0
LINE
  5
EEB
330
1F
100
AcDbEntity
 67
     0
  8
Struc_Plan_Deck
  6
Continuous
 62
   256
 60
     0
 48
1.0
370
    -1
100
AcDbLine
 39
0.0
 10
903.2824
 20
389.7127
 30
0.0
 11
912.06
 21
389.7127
 31
0.0
  0
LINE
  5
EEC
330
1F
100
AcDbEntity
 67
     0
  8
Arch_Section_Wall
  6
Continuous
 62
   256
 60
     0
 48
0.1
370
    -1
100
AcDbLine
 39
0.0
 10
880.7606
 20
276.5263
 30
0.0
 11
880.7606
 21
379.6885
 31
0.0
  0
LINE
  5
EED
330
1F
100
AcDbEntity
 67
     0
  8
Arch_Section_Wall
  6
Continuous
 62
   256
 60
     0
 48
0.1
370
    -1
100
AcDbLine
 39
0.0
 10
880.7606
 20
268.5084
 30
0.0
 11
880.7606
 21
274.7496
 31
0.0
  0
LINE
  5
EEE
330
1F
100
AcDbEntity
 67
     0
  8
Arch_Section_Wall
  6
Continuous
 62
   256
 60
     0
 48
0.1
370
    -1
100
AcDbLine
 39
0.0
 10
880.7606
 20
257.8008
 30
0.0
 11
880.7606
 21
259.6668
 31
0.0
  0
LINE
  5
EEF
330
1F
100
AcDbEntity
 67
     0
  8
Arch_Section_Wall
  6
Continuous
 62
   256
 60
     0
 48
0.1
370
    -1
100
AcDbLine
 39
0.0
 10
880.7606
 20
253.6513
 30
0.0
 11
880.7606
 21
255.0017
 31
0.0
  0
LINE
  5
EF0
330
1F
100
AcDbEntity
 67
     0
  8
Arch_Section_Wall
  6
Continuous
 62
   256
 60
     0
 48
0.1
370
    -1
100
AcDbLine
 39
0.0
 10
880.7606
 20
246.5447
 30
0.0
 11
880.7606
 21
253.2083
 31
0.0
  0
DIMENSION
  5
EF1
330
1F
100
AcDbEntity
 67
     0
  8
Dim @ 48
  6
Continuous
 62
   256
 60
     0
 48
1.0
370
    -1
100
AcDbDimension
  2
*D36
 10
905.5826
 20
244.6885
 30
0.0
 11
905.5826
 21
265.6885
 31
0.0
 70
     0
  1

 71
     5
 72
     1
 41
1.0
 42
42.0
 53
0.0
 51
0.0
210
0.0
220
0.0
230
1.0
  3
ROMANS-beside
100
AcDbAlignedDimension
 13
893.5106
 23
286.6885
 33
0.0
 14
893.5106
 24
244.6885
 34
0.0
 50
90.0
100
AcDbRotatedDimension
1001
AcadAnnotative
1000
AnnotativeData
1002
{
1070
     1
1070
     0
1002
}
1001
ACAD
1000
DSTYLE
1002
{
1070
    40
1040
48.0
1070
   147
1040
0.0625
1070
   141
1040
0.0625
1070
    42
1040
0.0938
1070
    44
1040
0.0938
1070
    41
1040
0.0938
1070
   140
1040
0.0781
1070
   279
1070
     2
1070
   289
1070
     0
1070
   174
1070
     0
1070
   175
1070
     0
1070
   172
1070
     0
1002
}
  0
DIMENSION
  5
EF3
330
1F
100
AcDbEntity
 67
     0
  8
Dim @ 48
  6
Continuous
 62
   256
 60
     0
 48
1.0
370
    -1
100
AcDbDimension
  2
*D37
 10
715.2676
 20
103.6885
 30
0.0
 11
715.2676
 21
138.9385
 31
0.0
 70
     0
  1

 71
     5
 72
     1
 41
1.0
 42
70.5
 53
0.0
 51
0.0
210
0.0
220
0.0
230
1.0
  3
ROMANS-beside
100
AcDbAlignedDimension
 13
739.8556
 23
174.1885
 33
0.0
 14
739.8556
 24
103.6885
 34
0.0
 50
90.0
100
AcDbRotatedDimension
1001
AcadAnnotative
1000
AnnotativeData
1002
{
1070
     1
1070
     0
1002
}
1001
ACAD
1000
DSTYLE
1002
{
1070
    40
1040
48.0
1070
   147
1040
0.0625
1070
   141
1040
0.0625
1070
    42
1040
0.0938
1070
    44
1040
0.0938
1070
    41
1040
0.0938
1070
   140
1040
0.0781
1070
   279
1070
     2
1070
   289
1070
     0
1070
   174
1070
     0
1070
   175
1070
     0
1070
   172
1070
     0
1002
}
  0
VIEWPORT
  5
218F
330
2188
100
AcDbEntity
 67
     1
  8
0
  6
Continuous
 62
   256
 60
     0
 48
1.0
370
    -1
100
AcDbViewport
 10
20.5483
 20
12.6762
 30
0.0
 40
44.1038
 41
28.1454
 68
     0
 69
     0
 12
20.5483
 22
12.6762
 13
0.0
 23
0.0
 14
0.5
 24
0.5
 15
0.5
 25
0.5
 16
0.0
 26
0.0
 36
1.0
 17
0.0
 27
0.0
 37
0.0
 42
50.0
 43
0.0
 44
0.0
 45
28.1454
 50
0.0
 51
0.0
 72
  1000
 90
   819232
  1

281
     0
 71
     1
 74
     0
110
0.0
120
0.0
130
0.0
111
1.0
121
0.0
131
0.0
112
0.0
122
1.0
132
0.0
 79
     0
146
0.0
170
     0
 61
     5
348
9F
292
     1
282
     1
141
0.0
142
0.0
 63
   250
  0
VIEWPORT
  5
2381
330
2188
100
AcDbEntity
 67
     1
  8
PS_Viewport
  6
Continuous
 62
   256
 60
     0
 48
0.1
370
    -1
100
AcDbViewport
 10
5.8722
 20
15.2989
 30
0.0
 40
7.4293
 41
11.5258
 68
     0
 69
     0
 12
470.3304
 22
284.4379
 13
0.0
 23
0.0
 14
0.5
 24
0.5
 15
0.5
 25
0.5
 16
0.0
 26
0.0
 36
1.0
 17
0.0
 27
0.0
 37
0.0
 42
50.0
 43
0.0
 44
0.0
 45
553.2385
 50
0.0
 51
0.0
 72
  1000
331
10
331
2286
331
2289
331
CE9B
331
CEA1
331
CEA4
 90
    49248
  1

281
     0
 71
     1
 74
     0
110
0.0
120
0.0
130
0.0
111
1.0
121
0.0
131
0.0
112
0.0
122
1.0
132
0.0
 79
     0
146
0.0
170
     0
 61
     5
348
9F
292
     1
282
     1
141
0.0
142
0.0
 63
   250
  0
VIEWPORT
  5
2384
330
2188
100
AcDbEntity
 67
     1
  8
PS_Viewport
  6
Continuous
 62
   256
 60
     0
 48
0.1
370
    -1
100
AcDbViewport
 10
24.8196
 20
17.0717
 30
0.0
 40
10.5107
 41
9.4096
 68
     0
 69
     0
 12
474.2932
 22
185.0703
 13
0.0
 23
0.0
 14
0.5
 24
0.5
 15
0.5
 25
0.5
 16
0.0
 26
0.0
 36
1.0
 17
0.0
 27
0.0
 37
0.0
 42
50.0
 43
0.0
 44
0.0
 45
225.8301
 50
0.0
 51
0.0
 72
  1000
331
10
331
2286
331
2289
331
CE98
331
CE9E
331
CEA4
 90
    49248
  1

281
     0
 71
     1
 74
     0
110
0.0
120
0.0
130
0.0
111
1.0
121
0.0
131
0.0
112
0.0
122
1.0
132
0.0
 79
     0
146
0.0
170
     0
 61
     5
348
9F
292
     1
282
     1
141
0.0
142
0.0
 63
   250
  0
VIEWPORT
  5
2387
330
2188
100
AcDbEntity
 67
     1
  8
PS_Viewport
  6
Continuous
 62
   256
 60
     0
 48
0.1
370
    -1
100
AcDbViewport
 10
24.5345
 20
6.905
 30
0.0
 40
9.8803
 41
6.5342
 68
     0
 69
     0
 12
669.5962
 22
570.6654
 13
0.0
 23
0.0
 14
0.5
 24
0.5
 15
0.5
 25
0.5
 16
0.0
 26
0.0
 36
1.0
 17
0.0
 27
0.0
 37
0.0
 42
50.0
 43
0.0
 44
0.0
 45
26.1369
 50
0.0
 51
0.0
 72
  1000
331
10
331
2286
331
2289
331
CE98
331
CE9B
331
CE9E
331
CEA1
 90
    49248
  1

281
     0
 71
     1
 74
     0
110
0.0
120
0.0
130
0.0
111
1.0
121
0.0
131
0.0
112
0.0
122
1.0
132
0.0
 79
     0
146
0.0
170
     0
 61
     5
348
9F
292
     1
282
     1
141
0.0
142
0.0
 63
   250
  0
VIEWPORT
  5
238B
330
2188
100
AcDbEntity
 67
     1
  8
PS_Viewport
  6
Continuous
 62
   256
 60
     0
 48
0.1
370
    -1
100
AcDbViewport
 10
14.3352
 20
14.4234
 30
0.0
 40
7.0705
 41
6.9484
 68
     0
 69
     0
 12
826.0549
 22
241.2581
 13
0.0
 23
0.0
 14
0.5
 24
0.5
 15
0.5
 25
0.5
 16
0.0
 26
0.0
 36
1.0
 17
0.0
 27
0.0
 37
0.0
 42
50.0
 43
0.0
 44
0.0
 45
333.5226
 50
0.0
 51
0.0
 72
  1000
331
10
331
2286
331
2289
331
CE9B
331
CEA1
331
CEA4
 90
    32864
  1

281
     0
 71
     1
 74
     0
110
0.0
120
0.0
130
0.0
111
1.0
121
0.0
131
0.0
112
0.0
122
1.0
132
0.0
 79
     0
146
0.0
170
     0
 61
     5
348
9F
292
     1
282
     1
141
0.0
142
0.0
 63
   250
  0
MTEXT
  5
238E
330
2188
100
AcDbEntity
 67
     1
  8
TS-TEXT2
  6
Continuous
 62
   256
 60
     0
 48
15.0
370
    -1
100
AcDbMText
 10
0.4389
 20
0.227
 30
0.0
210
0.0
220
0.0
230
1.0
 40
0.0625
 41
20.0
 50
0.0
 71
     1
 72
     5
  1
Filename: Architectural - Annotation Scaling and Multileaders.dwg   Plotted: 12/5/2006 11:15:39 AM   Plot Device: DWF6 EPlot.pc3   Page Setup: ----   Plotted by: Autodesk
  7
SANSSERIFBOLD
 11
0.0
 21
1.0
 31
0.0
 42
6.8962
 73
     1
 44
1.0
 90
        0
 75
     0
 78
     0
 79
     0
 48
0.0
 49
0.0
  0
INSERT
  5
2397
330
2188
100
AcDbEntity
 67
     1
  8
Foundation_Plan_Dim
  6
Continuous
 62
   256
 60
     0
 48
1.0
370
    -1
100
AcDbBlockReference
 66
     1
  2
Rev
 10
29.4896
 20
12.7772
 30
0.0
 41
1.0
 42
1.0
 43
1.0
 50
0.0
 70
     0
 71
     0
 44
0.0
 45
0.0
210
0.0
220
0.0
230
1.0
  0
ATTRIB
  5
2398
330
2397
100
AcDbEntity
  8
TEXT
  6
Continuous
 62
   256
 60
     0
 48
1.0
370
    -1
100
AcDbText
 39
0.0
 10
30.689
 20
12.7768
 40
0.125
  1
A
 41
0.8
  7
ROMANS-80
 72
     4
 11
30.7319
 21
12.8393
100
AcDbAttribute
 70
     0
280
     0
  2
REV
  0
ATTRIB
  5
2399
330
2397
100
AcDbEntity
  8
TEXT
  6
Continuous
 62
   256
 60
     0
 48
1.0
370
    -1
100
AcDbText
 39
0.0
 10
31.0681
 20
12.7593
 40
0.125
  1
RELEASED FOR BLDG. PERMIT
 41
0.8
  7
ROMANS-80
 11
31.0681
 21
12.7176
100
AcDbAttribute
 70
     0
 74
     1
280
     0
  2
REV
  0
ATTRIB
  5
239A
330
2397
100
AcDbEntity
  8
TEXT
  6
Continuous
 62
   256
 60
     0
 48
1.0
370
    -1
100
AcDbText
 39
0.0
 10
33.984
 20
12.7593
 40
0.125
  1
20/11/01
 41
0.8
  7
ROMANS-80
 11
33.984
 21
12.7176
100
AcDbAttribute
 70
     0
 74
     1
280
     0
  2
REV
  0
SEQEND
  5
239B
330
2397
100
AcDbEntity
  8
Foundation_Plan_Dim
  6
Continuous
 62
   256
 60
     0
 48
1.0
370
    -1
  0
INSERT
  5
239C
330
2188
100
AcDbEntity
 67
     1
  8
Foundation_Plan_Dim
  6
Continuous
 62
   256
 60
     0
 48
1.0
370
    -1
100
AcDbBlockReference
 66
     1
  2
Rev
 10
29.4896
 20
13.0928
 30
0.0
 41
1.0
 42
1.0
 43
1.0
 50
0.0
 70
     0
 71
     0
 44
0.0
 45
0.0
210
0.0
220
0.0
230
1.0
  0
ATTRIB
  5
239D
330
239C
100
AcDbEntity
  8
TEXT
  6
Continuous
 62
   256
 60
     0
 48
1.0
370
    -1
100
AcDbText
 39
0.0
 10
30.6795
 20
13.0923
 40
0.125
  1
B
 41
0.8
  7
ROMANS-80
 72
     4
 11
30.7319
 21
13.1548
100
AcDbAttribute
 70
     0
280
     0
  2
REV
  0
ATTRIB
  5
239E
330
239C
100
AcDbEntity
  8
TEXT
  6
Continuous
 62
   256
 60
     0
 48
1.0
370
    -1
100
AcDbText
 39
0.0
 10
31.0681
 20
13.0748
 40
0.125
  1
GENERAL REVISION
 41
0.8
  7
ROMANS-80
 11
31.0681
 21
13.0332
100
AcDbAttribute
 70
     0
 74
     1
280
     0
  2
REV
  0
ATTRIB
  5
239F
330
239C
100
AcDbEntity
  8
TEXT
  6
Continuous
 62
   256
 60
     0
 48
1.0
370
    -1
100
AcDbText
 39
0.0
 10
33.984
 20
13.0748
 40
0.125
  1
17/12/01
 41
0.8
  7
ROMANS-80
 11
33.984
 21
13.0332
100
AcDbAttribute
 70
     0
 74
     1
280
     0
  2
REV
  0
SEQEND
  5
23A0
330
239C
100
AcDbEntity
  8
Foundation_Plan_Dim
  6
Continuous
 62
   256
 60
     0
 48
1.0
370
    -1
  0
INSERT
  5
23E8
102
{ACAD_XDICTIONARY
360
23E9
102
}
330
2188
100
AcDbEntity
 67
     1
  8
PS_Annot
  6
Continuous
 62
   256
 60
     0
 48
0.1
370
    -1
100
AcDbBlockReference
 66
     1
  2
*B9
 10
3.9994
 20
9.5189
 30
0.0
 41
1.0
 42
1.0
 43
1.0
 50
0.0
 70
     0
 71
     0
 44
0.0
 45
0.0
210
0.0
220
0.0
230
1.0
  0
ATTRIB
  5
23EF
330
23E8
100
AcDbEntity
  8
0
  6
Continuous
 62
   256
 60
     0
 48
15.0
370
    -1
100
AcDbText
 39
0.0
 10
4.52
 20
8.9143
 40
0.1875
  1
1
  7
SANSSERIFBOLD
 72
     1
 11
4.5915
 21
9.0081
100
AcDbAttribute
 70
     8
 74
     2
280
     0
  2
#
1001
AcDbBlockRepETag
1070
     1
1071
        2
1005
221D
  0
ATTRIB
  5
23F4
330
23E8
100
AcDbEntity
  8
0
  6
Continuous
 62
   256
 60
     0
 48
15.0
370
    -1
100
AcDbText
 39
0.0
 10
4.9415
 20
9.0647
 40
0.1875
  1
STAIR SECTION 1
  7
SANSSERIFBOLD
 11
4.9415
 21
9.0081
100
AcDbAttribute
 70
     8
 74
     1
280
     0
  2
VIEWNAME
1001
AcDbBlockRepETag
1070
     1
1071
        3
1005
2222
  0
ATTRIB
  5
23F9
330
23E8
100
AcDbEntity
  8
0
  6
Continuous
 62
   256
 60
     0
 48
15.0
370
    -1
100
AcDbText
 39
0.0
 10
5.3611
 20
8.8362
 40
0.0938
  1
1/4" = 1'-0"
  7
SANSSERIFBOLD
 11
5.3611
 21
8.9299
100
AcDbAttribute
 70
     8
 74
     3
280
     0
  2
VPSCALE
1001
AcDbBlockRepETag
1070
     1
1071
        4
1005
2227
  0
SEQEND
  5
23FE
330
23E8
100
AcDbEntity
  8
PS_Annot
  6
Continuous
 62
   256
 60
     0
 48
0.1
370
    -1
  0
INSERT
  5
23FF
102
{ACAD_XDICTIONARY
360
2400
102
}
330
2188
100
AcDbEntity
 67
     1
  8
PS_Annot
  6
Continuous
 62
   256
 60
     0
 48
0.1
370
    -1
100
AcDbBlockReference
 66
     1
  2
*B8
 10
12.6887
 20
10.7159
 30
0.0
 41
1.0
 42
1.0
 43
1.0
 50
0.0
 70
     0
 71
     0
 44
0.0
 45
0.0
210
0.0
220
0.0
230
1.0
  0
ATTRIB
  5
2406
330
23FF
100
AcDbEntity
  8
0
  6
Continuous
 62
   256
 60
     0
 48
15.0
370
    -1
100
AcDbText
 39
0.0
 10
13.2093
 20
10.1113
 40
0.1875
  1
2
  7
SANSSERIFBOLD
 72
     1
 11
13.2808
 21
10.205
100
AcDbAttribute
 70
     8
 74
     2
280
     0
  2
#
1001
AcDbBlockRepETag
1070
     1
1071
        2
1005
221D
  0
ATTRIB
  5
240B
330
23FF
100
AcDbEntity
  8
0
  6
Continuous
 62
   256
 60
     0
 48
15.0
370
    -1
100
AcDbText
 39
0.0
 10
13.6308
 20
10.2616
 40
0.1875
  1
STAIR SECTION 2
  7
SANSSERIFBOLD
 11
13.6308
 21
10.205
100
AcDbAttribute
 70
     8
 74
     1
280
     0
  2
VIEWNAME
1001
AcDbBlockRepETag
1070
     1
1071
        3
1005
2222
  0
ATTRIB
  5
2410
330
23FF
100
AcDbEntity
  8
0
  6
Continuous
 62
   256
 60
     0
 48
15.0
370
    -1
100
AcDbText
 39
0.0
 10
14.0504
 20
10.0331
 40
0.0938
  1
1/4" = 1'-0"
  7
SANSSERIFBOLD
 11
14.0504
 21
10.1269
100
AcDbAttribute
 70
     8
 74
     3
280
     0
  2
VPSCALE
1001
AcDbBlockRepETag
1070
     1
1071
        4
1005
2227
  0
SEQEND
  5
2415
330
23FF
100
AcDbEntity
  8
PS_Annot
  6
Continuous
 62
   256
 60
     0
 48
0.1
370
    -1
  0
INSERT
  5
2416
102
{ACAD_XDICTIONARY
360
2417
102
}
330
2188
100
AcDbEntity
 67
     1
  8
PS_Annot
  6
Continuous
 62
   256
 60
     0
 48
0.1
370
    -1
100
AcDbBlockReference
 66
     1
  2
*B10
 10
22.5754
 20
12.4652
 30
0.0
 41
1.0
 42
1.0
 43
1.0
 50
0.0
 70
     0
 71
     0
 44
0.0
 45
0.0
210
0.0
220
0.0
230
1.0
  0
ATTRIB
  5
241D
330
2416
100
AcDbEntity
  8
0
  6
Continuous
 62
   256
 60
     0
 48
15.0
370
    -1
100
AcDbText
 39
0.0
 10
23.0961
 20
11.8606
 40
0.1875
  1
1
  7
SANSSERIFBOLD
 72
     1
 11
23.1676
 21
11.9544
100
AcDbAttribute
 70
     8
 74
     2
280
     0
  2
#
1001
AcDbBlockRepETag
1070
     1
1071
        2
1005
221D
  0
ATTRIB
  5
2422
330
2416
100
AcDbEntity
  8
0
  6
Continuous
 62
   256
 60
     0
 48
15.0
370
    -1
100
AcDbText
 39
0.0
 10
23.5176
 20
12.011
 40
0.1875
  1
STAIR DETAIL 1
  7
SANSSERIFBOLD
 11
23.5176
 21
11.9544
100
AcDbAttribute
 70
     8
 74
     1
280
     0
  2
VIEWNAME
1001
AcDbBlockRepETag
1070
     1
1071
        3
1005
2222
  0
ATTRIB
  5
2427
330
2416
100
AcDbEntity
  8
0
  6
Continuous
 62
   256
 60
     0
 48
15.0
370
    -1
100
AcDbText
 39
0.0
 10
23.9371
 20
11.7825
 40
0.0938
  1
1/2" = 1'-0"
  7
SANSSERIFBOLD
 11
23.9371
 21
11.8762
100
AcDbAttribute
 70
     8
 74
     3
280
     0
  2
VPSCALE
1001
AcDbBlockRepETag
1070
     1
1071
        4
1005
2227
  0
SEQEND
  5
242C
330
2416
100
AcDbEntity
  8
PS_Annot
  6
Continuous
 62
   256
 60
     0
 48
0.1
370
    -1
  0
INSERT
  5
242D
102
{ACAD_XDICTIONARY
360
242E
102
}
330
2188
100
AcDbEntity
 67
     1
  8
PS_Annot
  6
Continuous
 62
   256
 60
     0
 48
0.1
370
    -1
100
AcDbBlockReference
 66
     1
  2
*B11
 10
22.1999
 20
3.7416
 30
0.0
 41
1.0
 42
1.0
 43
1.0
 50
0.0
 70
     0
 71
     0
 44
0.0
 45
0.0
210
0.0
220
0.0
230
1.0
  0
ATTRIB
  5
2434
330
242D
100
AcDbEntity
  8
0
  6
Continuous
 62
   256
 60
     0
 48
15.0
370
    -1
100
AcDbText
 39
0.0
 10
22.7206
 20
3.137
 40
0.1875
  1
2
  7
SANSSERIFBOLD
 72
     1
 11
22.7921
 21
3.2308
100
AcDbAttribute
 70
     8
 74
     2
280
     0
  2
#
1001
AcDbBlockRepETag
1070
     1
1071
        2
1005
221D
  0
ATTRIB
  5
2439
330
242D
100
AcDbEntity
  8
0
  6
Continuous
 62
   256
 60
     0
 48
15.0
370
    -1
100
AcDbText
 39
0.0
 10
23.1421
 20
3.2874
 40
0.1875
  1
STAIR DETAIL 2
  7
SANSSERIFBOLD
 11
23.1421
 21
3.2308
100
AcDbAttribute
 70
     8
 74
     1
280
     0
  2
VIEWNAME
1001
AcDbBlockRepETag
1070
     1
1071
        3
1005
2222
  0
ATTRIB
  5
243E
330
242D
100
AcDbEntity
  8
0
  6
Continuous
 62
   256
 60
     0
 48
15.0
370
    -1
100
AcDbText
 39
0.0
 10
23.5616
 20
3.0589
 40
0.0938
  1
3" = 1'-0"
  7
SANSSERIFBOLD
 11
23.5616
 21
3.1527
100
AcDbAttribute
 70
     8
 74
     3
280
     0
  2
VPSCALE
1001
AcDbBlockRepETag
1070
     1
1071
        4
1005
2227
  0
SEQEND
  5
2443
330
242D
100
AcDbEntity
  8
PS_Annot
  6
Continuous
 62
   256
 60
     0
 48
0.1
370
    -1
  0
MULTILEADER
  5
2C50
330
1F
100
AcDbEntity
 67
     0
  8
Mleader @ 48
  6
Continuous
 62
   256
 92
     1988
310
C4070000160000000C00000010000000330000000C00000016000000000000C00C00000013000000112700003C00000006000000020000007FA489D32D5C7C40C395B11A934E81400000000000000000581F1AB7AFD57A40C395B11A934E814000000000000000000C00000013000000010000000C00000014000000010000
310
0054000000070000000300000084B9A4BEB8727C40B256034BF96A7F4000000000000000003DB00717775A7C401261AB4B04DB7E400000000000000000AD4DA2C3B8427C407CF2612E0F6B7F4000000000000000000C00000013000000891300003C0000000600000002000000998323C1B85A7C4097A4B23C046B7F400000
310
0000000000007FA489D32D5C7C40C395B11A934E814000000000000000000C000000130000009A3A00000C00000016000000000000C00C00000012000000FF7F00000C00000017000000FFFFFFFF0C00000016000000000000C00C00000013000000993A0000EC00000026000000263B3D4F982D744029FC1781F944814000
310
0000000000000000000000000000000000000000000000000000000000F03F000000000000F03F000000000000000000000000000000004500500044004D00200052004F004F004600200043004F004E0053005400520055004300540049004F004E003A00000017000000010000000000000000000840626666666666F23F
310
0000000000000000000000000000F03F0000000000000000000000000000000000000000000000000000000001000000000000000000000072006F006D0061006E0073002E0073006800780000000B4400002348E800000026000000263B3D4F982D744029FC1781F91C814000000000000000000000000000000000000000
310
0000000000000000000000F03F000000000000F03F000000000000000000000000000000004500500044004D00200052004F004F00460049004E00470020004D0045004D004200520041004E004500000015000000010000000000000000000840626666666666F23F0000000000000000000000000000F03F000000000000
310
0000000000000000000000000000000000000000000001000000000000000000000072006F006D0061006E0073002E00730068007800000073000000933A000100002600000010DC4B3939307440E069F33767F08040000000000000000000000000000000000000000000000000000000000000F03F000000000000F03F00
310
00000000000000000000000000000033002F00340022005B00310039005D00200054002000260020004700200050004C00590057004F004F004400200053004800450041005400480049004E0047000000000020000000010000000000000000000840626666666666F23F0000000000000000000000000000F03F00000000
310
00000000000000000000000000000000000000000000000001000000000000000000000072006F006D0061006E0073002E007300680078000000000000002840DC00000026000000E41D690D7B357440E069F33767C88040000000000000000000000000000000000000000000000000000000000000F03F000000000000F0
310
3F0000000000000000000000000000000054004A004900200052004F004F00460020004A004F00490053005400530000000F000000010000000000000000000840626666666666F23F0000000000000000000000000000F03F0000000000000000000000000000000000000000000000000000000001000000000000000000
310
000072006F006D0061006E0073002E0073006800780000006F0000007300D800000026000000E41D690D7B357440E069F33767A08040000000000000000000000000000000000000000000000000000000000000F03F000000000000F03F000000000000000000000000000000005600410050004F00520020004200410052
310
00520049004500520000000D000000010000000000000000000840626666666666F23F0000000000000000000000000000F03F0000000000000000000000000000000000000000000000000000000001000000000000000000000072006F006D0061006E0073002E007300680078000000670000000000EC00000026000000
310
52F91F7B5628744097D7CEEED4738040000000000000000000000000000000000000000000000000000000000000F03F000000000000F03F0000000000000000000000000000000031002F00320022005B00310032002E0035005D002000470059005000530055004D00200042004F00410052004400000017000000010000
310
000000000000000840626666666666F23F0000000000000000000000000000F03F0000000000000000000000000000000000000000000000000000000001000000000000000000000072006F006D0061006E0073002E007300680078000000770000000000EC0000002600000010DC4B393930744097D7CEEED44B80400000
310
00000000000000000000000000000000000000000000000000000000F03F000000000000F03F00000000000000000000000000000000530055005300500045004E004400450044002000410043004F00550053005400490043002000540049004C004500000017000000010000000000000000000840626666666666F23F00
310
00000000000000000000000000F03F0000000000000000000000000000000000000000000000000000000001000000000000000000000072006F006D0061006E0073002E007300680078000000954200000000
 60
     0
 48
1.0
370
    -1
100
AcDbMLeader
300
CONTEXT_DATA{
 40
48.0
 10
319.1868
 20
553.8218
 30
0.0
 41
3.0
140
9.0
145
4.32
174
     0
175
     0
176
     0
177
     1
290
     1
304
EPDM ROOF CONSTRUCTION:\PEPDM ROOFING MEMBRANE\P3/4"[19] T & G PLYWOOD SHEATHING\PTJI ROOF JOISTS\PVAPOR BARRIER\P1/2"[12.5] GYPSUM BOARD\PSUSPENDED ACOUSTIC TILE
 11
0.0
 21
0.0
 31
1.0
340
3CC
 12
323.5068
 22
555.6218
 32
0.0
 13
1.0
 23
0.0
 33
0.0
 42
0.0
 43
110.5675
 44
9.5178
 45
1.0
170
     1
 90
      256
171
     1
172
     5
 91
      256
141
0.0
 92
 16575494
291
     0
292
     0
173
     0
293
     0
142
0.0
143
0.0
294
     0
144
0.0
295
     0
296
     0
 46
0.0
 93
        0
110
425.0969
120
555.6218
130
0.0
111
1.0
121
0.0
131
0.0
112
0.0
122
1.0
132
0.0
297
     0
302
LEADER{
290
     1
291
     1
 10
453.7612
 20
553.8218
 30
0.0
 11
-1.0
 21
0.0
 31
0.0
 90
        0
 40
24.4058
304
LEADER_LINE{
 10
453.6541
 20
493.6885
 30
0.0
 90
        0
305
}
303
}
301
}
340
2A67
 90
   329376
170
     1
 91
        0
341
14
171
    -2
290
     1
291
     1
 41
0.36
 42
0.0
172
     2
343

173
     1
 95
        1
174
     1
175
     0
 92
        0
292
     0
 93
        0
 10
1.0
 20
1.0
 30
1.0
 43
0.0
176
     0
293
     0
 94
        0
294
     0
178
     0
179
     1
 45
48.0
271
     0
272
     0
273
     0
1001
ACAD_MLEADERVER
1070
     2
  0
MULTILEADER
  5
2E31
330
1F
100
AcDbEntity
 67
     0
  8
Mleader @ 48
  6
Continuous
 62
   256
 92
      788
310
14030000110000000C00000010000000330000000C00000016000000000000C00C00000013000000112700003C0000000600000002000000081C849C0CC075405C7FF2775D2C784000000000000000009853BAE8EFC276405C7FF2775D2C784000000000000000000C00000013000000010000000C00000014000000010000
310
005400000007000000030000009113F370CEC7744027FC589E751377400000000000000000D0910BCDCE50744044BC9BD5E4BE76400000000000000000E39DD987F2A57440753E77837B35774000000000000000000C00000013000000891300003C0000000600000002000000BA58667CE0B674404E1DE890782477400000
310
000000000000081C849C0CC075405C7FF2775D2C784000000000000000000C000000130000009A3A00000C00000016000000000000C00C00000012000000FF7F00000C00000017000000FFFFFFFF0C00000016000000000000C00C00000013000000993A0000E4000000260000005F5CE0E22B007740E0B99AFB9714784000
310
0000000000000000000000000000000000000000000000000000000000F03F000000000000F03F000000000000000000000000000000003200220078003600220020005B003300380078003100340030005D002000570041004C004C00000013000000010000000000000000000840666666666666F23F0000000000000000
310
000000000000F03F0000000000000000000000000000000000000000000000000000000001000000000000000000000072006F006D0061006E0073002E007300680078000000780000007300CC0000002600000075BBD1F88AFD7640972776B205C07740000000000000000000000000000000000000000000000000000000
310
000000F03F000000000000F03F000000000000000000000000000000004600520041004D0049004E004700000007000000010000000000000000000840666666666666F23F0000000000000000000000000000F03F000000000000000000000000000000000000000000000000000000000100000000000000000000007200
310
6F006D0061006E0073002E007300680078000000670000000000
 60
     0
 48
1.0
370
    -1
100
AcDbMLeader
300
CONTEXT_DATA{
 40
48.0
 10
364.1836
 20
386.7728
 30
0.0
 41
3.0
140
9.0
145
4.32
174
     0
175
     0
176
     0
177
     1
290
     1
304
\A1;{\W1.15;2"x6" [38x140] WALL\PFRAMING}
 11
0.0
 21
0.0
 31
1.0
340
3CC
 12
368.5036
 22
388.5728
 32
0.0
 13
1.0
 23
0.0
 33
0.0
 42
0.0
 43
66.0362
 44
9.3771
 45
1.0
170
     1
 90
      256
171
     1
172
     5
 91
      256
141
0.0
 92
 16575494
291
     0
292
     0
173
     0
293
     0
142
0.0
143
0.0
294
     0
144
0.0
295
     0
296
     0
 46
0.0
 93
        0
110
369.6031
120
388.5728
130
0.0
111
1.0
121
0.0
131
0.0
112
0.0
122
1.0
132
0.0
297
     0
302
LEADER{
290
     1
291
     1
 10
348.0031
 20
386.7728
 30
0.0
 11
1.0
 21
0.0
 31
0.0
 90
        0
 40
16.1805
304
LEADER_LINE{
 10
325.0505
 20
363.9309
 30
0.0
 90
        0
305
}
303
}
301
}
340
2A67
 90
   329376
170
     1
 91
        0
341
14
171
    -2
290
     1
291
     1
 41
0.36
 42
0.0
172
     2
343

173
     1
 95
        1
174
     1
175
     0
 92
        0
292
     0
 93
        0
 10
1.0
 20
1.0
 30
1.0
 43
0.0
176
     0
293
     0
 94
        0
294
     0
178
     0
179
     1
 45
48.0
271
     0
272
     0
273
     0
1001
ACAD_MLEADERVER
1070
     2
  0
MULTILEADER
  5
2E39
330
1F
100
AcDbEntity
 67
     0
  8
Mleader @ 48
  6
Continuous
 62
   256
 92
      596
310
54020000100000000C00000010000000330000000C00000016000000000000C00C00000013000000112700003C0000000600000002000000F0488F95DA317540442A8003763D79400000000000000000A0202A71D16A7640442A8003763D794000000000000000000C00000013000000010000000C00000014000000010000
310
005400000007000000030000006D640677D9A374403AD91E953391784000000000000000000033BA62112C7440F4D63AA7BF3D7840000000000000000020ADEF1A4F8274407C20DFE189B3784000000000000000000C00000013000000891300003C0000000600000002000000C708FB4814937440DBFC7EBB5EA278400000
310
000000000000F0488F95DA317540442A8003763D794000000000000000000C000000130000009A3A00000C00000016000000000000C00C00000012000000FF7F00000C00000017000000FFFFFFFF0C00000016000000000000C00C00000013000000993A0000F0000000260000006729506B0DA87640FB975BBAE328794000
310
0000000000000000000000000000000000000000000000000000000000F03F000000000000F03F0000000000000000000000000000000033002F00340022005B00330030005D0020004F002E0053002E004200200053004800450041005400480049004E004700000000001800000001000000000000000000084066666666
310
6666F23F0000000000000000000000000000F03F0000000000000000000000000000000000000000000000000000000001000000000000000000000072006F006D0061006E0073002E007300680078000000000000000000
 60
     0
 48
1.0
370
    -1
100
AcDbMLeader
300
CONTEXT_DATA{
 40
48.0
 10
358.6761
 20
403.8413
 30
0.0
 41
3.0
140
9.0
145
4.32
174
     0
175
     0
176
     0
177
     1
290
     1
304
\A1;{\W1.15;3/4"[30] O.S.B SHEATHING}
 11
0.0
 21
0.0
 31
1.0
340
3CC
 12
362.9961
 22
405.8413
 32
0.0
 13
1.0
 23
0.0
 33
0.0
 42
0.0
 43
75.1318
 44
9.3771
 45
1.0
170
     1
 90
      256
171
     1
172
     5
 91
      256
141
0.0
 92
 16575494
291
     0
292
     0
173
     0
293
     0
142
0.0
143
0.0
294
     0
144
0.0
295
     0
296
     0
 46
0.0
 93
        0
110
360.7159
120
405.6413
130
0.0
111
1.0
121
0.0
131
0.0
112
0.0
122
1.0
132
0.0
297
     0
302
LEADER{
290
     1
291
     1
 10
339.1159
 20
403.8413
 30
0.0
 11
1.0
 21
0.0
 31
0.0
 90
        0
 40
19.5603
304
LEADER_LINE{
 10
322.7542
 20
387.8593
 30
0.0
 90
        0
305
}
303
}
301
}
340
2A67
 90
   329376
170
     1
 91
        0
341
14
171
    -2
290
     1
291
     1
 41
0.36
 42
0.0
172
     2
343

173
     1
 95
        1
174
     1
175
     0
 92
        0
292
     0
 93
        0
 10
1.0
 20
1.0
 30
1.0
 43
0.0
176
     0
293
     0
 94
        0
294
     0
178
     0
179
     1
 45
48.0
271
     0
272
     0
273
     0
1001
ACAD_MLEADERVER
1070
     2
  0
MULTILEADER
  5
2E41
330
1F
100
AcDbEntity
 67
     0
  8
Mleader @ 48
  6
Continuous
 62
   256
 92
      592
310
50020000100000000C00000010000000330000000C00000016000000000000C00C00000013000000112700003C00000006000000020000006B1A7150DF9C754065F2AEA955D67A400000000000000000288798478BEC764065F2AEA955D67A4000000000000000000C00000013000000010000000C00000014000000010000
310
00540000000700000003000000F1086684A8147540C59AAB40EB2C7A40000000000000000030AA74CAA89D74400C7BF1965AD87940000000000000000012762AA4CCF274408BCC9C2EF14E7A4000000000000000000C00000013000000891300003C0000000600000002000000823F4894BA037540A833A437EE3D7A400000
310
0000000000006B1A7150DF9C754065F2AEA955D67A4000000000000000000C000000130000009A3A00000C00000016000000000000C00C00000012000000FF7F00000C00000017000000FFFFFFFF0C00000016000000000000C00C00000013000000993A0000EC0000002600000031AD9283E4217740D3CD651731BD7A4000
310
0000000000000000000000000000000000000000000000000000000000F03F000000000000F03F0000000000000000000000000000000031002F00320022005B00310032002E0035005D002000470059005000530055004D00200042004F00410052004400000017000000010000000000000000000840666666666666F23F
310
0000000000000000000000000000F03F0000000000000000000000000000000000000000000000000000000001000000000000000000000072006F006D0061006E0073002E007300680078000000780000000000
 60
     0
 48
1.0
370
    -1
100
AcDbMLeader
300
CONTEXT_DATA{
 40
48.0
 10
366.784
 20
429.3959
 30
0.0
 41
3.0
140
9.0
145
4.32
174
     0
175
     0
176
     0
177
     1
290
     1
304
{\W1.15;1/2"[12.5] GYPSUM BOARD}
 11
0.0
 21
0.0
 31
1.0
340
3CC
 12
371.104
 22
431.3959
 32
0.0
 13
1.0
 23
0.0
 33
0.0
 42
0.0
 43
75.1318
 44
9.3771
 45
1.0
170
     1
 90
      256
171
     1
172
     5
 91
      256
141
0.0
 92
 16575494
291
     0
292
     0
173
     0
293
     0
142
0.0
143
0.0
294
     0
144
0.0
295
     0
296
     0
 46
0.0
 93
        0
110
367.4045
120
431.1959
130
0.0
111
1.0
121
0.0
131
0.0
112
0.0
122
1.0
132
0.0
297
     0
302
LEADER{
290
     1
291
     1
 10
345.8045
 20
429.3959
 30
0.0
 11
1.0
 21
0.0
 31
0.0
 90
        0
 40
20.9795
304
LEADER_LINE{
 10
329.8537
 20
413.5221
 30
0.0
 90
        0
305
}
303
}
301
}
340
2A67
 90
   329376
170
     1
 91
        0
341
14
171
    -2
290
     1
291
     1
 41
0.36
 42
0.0
172
     2
343

173
     1
 95
        1
174
     1
175
     0
 92
        0
292
     0
 93
        0
 10
1.0
 20
1.0
 30
1.0
 43
0.0
176
     0
293
     0
 94
        0
294
     0
178
     0
179
     1
 45
48.0
271
     0
272
     0
273
     0
1001
ACAD_MLEADERVER
1070
     2
  0
MULTILEADER
  5
323C
330
1F
100
AcDbEntity
 67
     0
  8
Mleader @ 24
  6
Continuous
 62
   256
 92
     1168
310
90040000210000000C00000010000000340000000C00000016000000000000C00C00000013000000112700003C000000060000000200000016E922FE08A67C40BCEB0014BD3071400000000000000000D8DFA0E44F357D40BCEB0014BD30714000000000000000000C00000013000000010000000C00000014000000010000
310
005400000007000000030000008754100589107C40408CA714DD8B7040000000000000000080DFB476ECD47B40EC703F3DBD6170400000000000000000195AABA9A6FF7B403034358AEB9C704000000000000000000C00000013000000891300003C000000060000000200000050D75DD717087C4038606E4F649470400000
310
00000000000016E922FE08A67C40BCEB0014BD30714000000000000000000C000000130000009A3A00000C00000016000000000000C00C00000012000000FF7F00000C00000017000000FFFFFFFF0C00000016000000000000C00C000000130000009C3A0000880000001D0000000000000000003840000000000000000000
310
00000000000000CFDFA0E44F957D40000000000000000000000000000038400000000000000000B8EB0014BD3071400000000000000000000000000000000000000000000038400000000000000000000000000000000000000000000000000000000000000000000000000000F03F0C00000016000000050000C30C000000
310
17000000FDFFFFFF0C00000014000000020000004000000002000000000000000000183D000000000000043D0000000000000000000000000000D03F00000000000000000000000000000000000000000000F03F0C00000014000000010000000C00000016000000050000C30C00000017000000FDFFFFFF54000000200000
310
0002000000800200000000D03F000000000000043D000000000000000000FDFFFFFFFFCFBF000000000000043D000000000000000000000000000000000000000000000000000000000000F03F0C00000016000000050000C30C00000017000000FDFFFFFF0C00000016000000050000C30C00000017000000FDFFFFFF0800
310
00001F0000000C000000130000009D3A0000B800000026000000D8DFA0E44F897D40B9EB0014BD387140000000000000000000000000000000000000000000000000000000000000F03F000000000000F03F000000000000000000000000000000003200000001000000010000000000000000000240000000000000F03F00
310
00000000000000000000000000F03F000000000000000000000000000000000000000000000000000000000100000000000000000000007400780074002E007300680078000000000000000C000000130000009E3A0000C000000026000000D8DFA0E44F567D40BCEB0014BDF4704000000000000000000000000000000000
310
0000000000000000000000000000F03F000000000000F03F0000000000000000000000000000000041002D00300035000000000004000000010000000000000000000240000000000000F03F0000000000000000000000000000F03F0000000000000000000000000000000000000000000000000000000001000000000000
310
00000000007400780074002E00730068007800000000000000
 60
     0
 48
1.0
370
    -1
100
AcDbMLeader
300
CONTEXT_DATA{
 40
24.0
 10
467.332
 20
275.0462
 30
0.0
 41
1.5
140
4.5
145
2.16
174
     0
175
     0
176
     0
177
     1
290
     0
304
2
 11
0.0
 21
0.0
 31
0.0
340
3CC
 12
0.0
 22
0.0
 32
0.0
 13
0.0
 23
0.0
 33
0.0
 42
0.0
 43
0.0
 45
0.0
170
     0
 90
        0
171
     0
172
     0
 91
        0
141
0.0
 92
        0
291
     0
292
     0
173
     0
293
     0
142
0.0
143
0.0
294
     0
144
0.0
295
     0
296
     1
 14
0.0
 24
0.0
 34
1.0
 15
473.332
 25
275.0462
 35
0.0
 16
24.0
 26
24.0
 36
24.0
 46
0.0
 93
        0
110
473.0172
120
275.0462
130
0.0
111
1.0
121
0.0
131
0.0
112
0.0
122
1.0
132
0.0
297
     0
302
LEADER{
290
     1
291
     1
 10
458.3772
 20
275.0462
 30
0.0
 11
1.0
 21
0.0
 31
0.0
 90
        0
 40
8.9548
304
LEADER_LINE{
 10
445.3077
 20
262.1087
 30
0.0
 90
        0
305
}
303
}
301
}
340
3234
 90
  6882976
170
     1
 91
        0
341
14
171
    -2
290
     1
291
     1
 41
0.36
342
3235
 42
0.0
172
     1
343

173
     1
 95
        1
174
     1
175
     0
 92
        0
292
     0
 93
        0
 10
1.0
 20
1.0
 30
1.0
 43
0.0
176
     0
293
     0
 94
        0
330

177
     1
 44
0.0
302
2
330

177
     2
 44
0.0
302
A-05
294
     0
178
     0
179
     1
 45
24.0
271
     0
272
     0
273
     0
1001
ACAD_MLEADERVER
1070
     2
  0
MULTILEADER
  5
3249
330
1F
100
AcDbEntity
 67
     0
  8
Mleader @ 48
  6
Continuous
 62
   256
 92
     1168
310
90040000210000000C00000010000000330000000C00000016000000000000C00C00000013000000112700003C0000000600000002000000806ADAF40D9D7E40F07555612B1E71400000000000000000F0D09E71E7A27F40F07555612B1E714000000000000000000C00000013000000010000000C00000014000000010000
310
00540000000700000003000000A61C1F22E7FA7D40F01A6615DF5A70400000000000000000A4087EA8EB837D4000668770480670400000000000000000E933218C09D97D407C259C4FE37C704000000000000000000C00000013000000891300003C000000060000000200000047282057F8E97D4036208132E16B70400000
310
000000000000806ADAF40D9D7E40F07555612B1E714000000000000000000C000000130000009A3A00000C00000016000000000000C00C00000012000000FF7F00000C00000017000000FFFFFFFF0C00000016000000000000C00C000000130000009C3A0000880000001D0000000000000000004840000000000000000000
310
000000000000006F68CFB873318040000000000000000000000000000048400000000000000000E87555612B1E71400000000000000000000000000000000000000000000048400000000000000000000000000000000000000000000000000000000000000000000000000000F03F0C00000016000000050000C30C000000
310
17000000FDFFFFFF0C00000014000000020000004000000002000000000000000000183D000000000000043D0000000000000000000000000000D03F00000000000000000000000000000000000000000000F03F0C00000014000000010000000C00000016000000050000C30C00000017000000FDFFFFFF54000000200000
310
0002000000800200000000D03F000000000000043D000000000000000000FDFFFFFFFFCFBF000000000000043D000000000000000000000000000000000000000000000000000000000000F03F0C00000016000000050000C30C00000017000000FDFFFFFF0C00000016000000050000C30C00000017000000FDFFFFFF0800
310
00001F0000000C000000130000009D3A0000B8000000260000007868CFB8732B8040EA7555612B2E7140000000000000000000000000000000000000000000000000000000000000F03F000000000000F03F000000000000000000000000000000003100000001000000010000000000000000001240000000000000F03F00
310
00000000000000000000000000F03F000000000000000000000000000000000000000000000000000000000100000000000000000000007400780074002E007300680078000000000000000C000000130000009E3A0000C000000026000000F0D09E71E7E47F40F07555612BA6704000000000000000000000000000000000
310
0000000000000000000000000000F03F000000000000F03F0000000000000000000000000000000041002D00300035000000000004000000010000000000000000001240000000000000F03F0000000000000000000000000000F03F0000000000000000000000000000000000000000000000000000000001000000000000
310
00000000007400780074002E00730068007800000000000000
 60
     0
 48
1.0
370
    -1
100
AcDbMLeader
300
CONTEXT_DATA{
 40
48.0
 10
506.1815
 20
273.8856
 30
0.0
 41
3.0
140
9.0
145
4.32
174
     0
175
     0
176
     0
177
     1
290
     0
304
1
 11
0.0
 21
0.0
 31
0.0
340
3CC
 12
0.0
 22
0.0
 32
0.0
 13
0.0
 23
0.0
 33
0.0
 42
0.0
 43
0.0
 45
0.0
170
     0
 90
        0
171
     0
172
     0
 91
        0
141
0.0
 92
        0
291
     0
292
     0
173
     0
293
     0
142
0.0
143
0.0
294
     0
144
0.0
295
     0
296
     1
 14
0.0
 24
0.0
 34
1.0
 15
518.1815
 25
273.8856
 35
0.0
 16
48.0
 26
48.0
 36
48.0
 46
0.0
 93
        0
110
519.0959
120
273.8856
130
0.0
111
1.0
121
0.0
131
0.0
112
0.0
122
1.0
132
0.0
297
     0
302
LEADER{
290
     1
291
     1
 10
489.8159
 20
273.8856
 30
0.0
 11
1.0
 21
0.0
 31
0.0
 90
        0
 40
16.3656
304
LEADER_LINE{
 10
472.245
 20
256.3927
 30
0.0
 90
        0
305
}
303
}
301
}
340
3234
 90
  6882976
170
     1
 91
        0
341
14
171
    -2
290
     1
291
     1
 41
0.36
342
3235
 42
0.0
172
     1
343

173
     1
 95
        1
174
     1
175
     0
 92
        0
292
     0
 93
        0
 10
1.0
 20
1.0
 30
1.0
 43
0.0
176
     0
293
     0
 94
        0
330

177
     1
 44
0.0
302
1
330

177
     2
 44
0.0
302
A-05
294
     0
178
     0
179
     1
 45
48.0
271
     0
272
     0
273
     0
1001
ACAD_MLEADERVER
1070
     2
  0
MTEXT
  5
3454
330
1F
100
AcDbEntity
 67
     0
  8
Mleader @ 48
  6
Continuous
 62
   256
 60
     0
 48
1.0
370
    -1
100
AcDbMText
 10
514.4021
 20
291.456
 30
0.0
210
0.0
220
0.0
230
1.0
 40
3.0
 41
14.9216
 50
0.0
 71
     1
 72
     5
  1
SEE
  7
ROMANS
 11
1.0
 21
0.0
 31
0.0
 42
8.7071
 73
     1
 44
1.0
 90
        0
 75
     0
 78
     0
 79
     0
 48
0.0
 49
0.0
1001
AcadAnnotative
1000
AnnotativeData
1002
{
1070
     1
1070
     0
1002
}
  0
MTEXT
  5
3679
330
1F
100
AcDbEntity
 67
     0
  8
Mleader @ 24
  6
Continuous
 62
   256
 60
     0
 48
1.0
370
    -1
100
AcDbMText
 10
471.0816
 20
284.0645
 30
0.0
210
0.0
220
0.0
230
1.0
 40
1.5
 41
15.4031
 50
0.0
 71
     1
 72
     5
  1
SEE
  7
Standard
 11
1.0
 21
0.0
 31
0.0
 42
4.0
 73
     1
 44
1.0
 90
        0
 75
     0
 78
     0
 79
     0
 48
0.0
 49
0.0
1001
AcadAnnotative
1000
AnnotativeData
1002
{
1070
     1
1070
     0
1002
}
  0
MULTILEADER
  5
3A14
330
1F
100
AcDbEntity
 67
     0
  8
Mleader @ 24
  6
Continuous
 62
   256
 92
      820
310
34030000110000000C00000010000000340000000C00000016000000000000C00C00000013000000112700003C000000060000000200000073898A4D01C77C40DA95EF7020697240000000000000000088586924C96A7D40DA95EF702069724000000000000000000C00000013000000010000000C00000014000000010000
310
005400000007000000030000000B6DBA15A4707B40069A52C2CA01714000000000000000000E5FED753E357B40766B52995DD7704000000000000000009E8DED9EAB5F7B4073791F39C312714000000000000000000C00000013000000891300003C000000060000000200000055FD53DA27687B40BC09B9FD460A71400000
310
00000000000073898A4D01C77C40DA95EF702069724000000000000000000C000000130000009A3A00000C00000016000000000000C00C00000012000000FF7F00000C00000017000000FFFFFFFF0C00000016000000000000C00C00000013000000993A0000DC00000026000000770C75AC16887D40DA95EF702061724000
310
0000000000000000000000000000000000000000000000000000000000F03F000000000000F03F0000000000000000000000000000000050004F004C0049005300480045004400200041004C0055004D002E00000000000E00000001000000000000000000F83F666666666666F23F0000000000000000000000000000F03F
310
0000000000000000000000000000000000000000000000000000000001000000000000000000000072006F006D0061006E0073002E0073006800780000006F0000007300F400000026000000EC5C7C2167897D40B64C5D4CD7367240000000000000000000000000000000000000000000000000000000000000F03F000000
310
000000F03F0000000000000000000000000000000043004800450043004B0045005200200050004C004100540045002000500041004E0045004C00200028005400590050002E00290000002F401A00000001000000000000000000F83F666666666666F23F0000000000000000000000000000F03F00000000000000000000
310
00000000000000000000000000000000000001000000000000000000000072006F006D0061006E0073002E007300680078000000000000000000
 60
     0
 48
1.0
370
    -1
100
AcDbMLeader
300
CONTEXT_DATA{
 40
24.0
 10
470.6741
 20
294.5704
 30
0.0
 41
1.5
140
4.5
145
2.16
174
     0
175
     0
176
     0
177
     1
290
     1
304
\A1;{\W1.15;POLISHED ALUM.\PCHECKER PLATE PANEL (TYP.)}
 11
0.0
 21
0.0
 31
1.0
340
3CC
 12
472.8341
 22
295.5704
 32
0.0
 13
1.0
 23
0.0
 33
0.0
 42
0.0
 43
41.9248
 44
4.5355
 45
1.0
170
     1
 90
      256
171
     1
172
     5
 91
      256
141
0.0
 92
 16575494
291
     0
292
     0
173
     0
293
     0
142
0.0
143
0.0
294
     0
144
0.0
295
     0
296
     0
 46
0.0
 93
        0
110
471.2378
120
295.4704
130
0.0
111
1.0
121
0.0
131
0.0
112
0.0
122
1.0
132
0.0
297
     0
302
LEADER{
290
     1
291
     1
 10
460.4378
 20
294.5704
 30
0.0
 11
1.0
 21
0.0
 31
0.0
 90
        0
 40
10.2363
304
LEADER_LINE{
 10
435.3277
 20
269.4604
 30
0.0
 90
        0
305
}
303
}
301
}
340
2A67
 90
   329376
170
     1
 91
        0
341
14
171
    -2
290
     1
291
     1
 41
0.36
 42
0.0
172
     2
343

173
     1
 95
        1
174
     1
175
     0
 92
        0
292
     0
 93
        0
 10
1.0
 20
1.0
 30
1.0
 43
0.0
176
     0
293
     0
 94
        0
294
     0
178
     0
179
     1
 45
24.0
271
     0
272
     0
273
     0
1001
ACAD_MLEADERVER
1070
     2
  0
MULTILEADER
  5
3A48
330
1F
100
AcDbEntity
 67
     0
  8
Mleader @ 24
  6
Continuous
 62
   256
 92
      816
310
30030000110000000C00000010000000340000000C00000016000000000000C00C00000013000000112700003C00000006000000020000000354A7DBB5747F40CAB992EC8F6A7040000000000000000040B5EF5C33178040CAB992EC8F6A704000000000000000000C00000013000000010000000C00000014000000010000
310
00540000000700000003000000D5E07EBAE1A47E404C4C3B1620166F400000000000000000E022F4715B697E40602A0981A1C16E400000000000000000D9381C60F6937E4046E876282B386F4000000000000000000C00000013000000891300003C0000000600000002000000D78C4D0D6C9C7E40491A599F25276F400000
310
0000000000000354A7DBB5747F40CAB992EC8F6A704000000000000000000C000000130000009A3A00000C00000016000000000000C00C00000012000000FF7F00000C00000017000000FFFFFFFF0C00000016000000000000C00C00000013000000993A0000F000000026000000388FF520DA25804081276EA3FD5D704000
310
0000000000000000000000000000000000000000000000000000000000F03F000000000000F03F00000000000000000000000000000000480053005300200031002D0031002F0032002200780031002D0031002F003200220020005B00330038007800330038005D0000001900000001000000000000000000F83F66666666
310
6666F23F0000000000000000000000000000F03F0000000000000000000000000000000000000000000000000000000001000000000000000000000072006F006D0061006E0073002E007300680078000000000000000000DC00000026000000388FF520DA2580403895495A6B317040000000000000000000000000000000
310
000000000000000000000000000000F03F000000000000F03F000000000000000000000000000000005200410049004C0049004E004700200028005400590050002E002900000000000E00000001000000000000000000F83F666666666666F23F0000000000000000000000000000F03F0000000000000000000000000000
310
000000000000000000000000000001000000000000000000000072006F006D0061006E0073002E0073006800780000006F0000007300
 60
     0
 48
1.0
370
    -1
100
AcDbMLeader
300
CONTEXT_DATA{
 40
24.0
 10
514.9001
 20
262.6601
 30
0.0
 41
1.5
140
4.5
145
2.16
174
     0
175
     0
176
     0
177
     1
290
     1
304
{\W1.15;HSS 1-1/2"x1-1/2" [38x38] \PRAILING (TYP.)}
 11
0.0
 21
0.0
 31
1.0
340
3CC
 12
517.0601
 22
263.6601
 32
0.0
 13
1.0
 23
0.0
 33
0.0
 42
0.0
 43
41.9248
 44
4.5355
 45
1.0
170
     1
 90
      256
171
     1
172
     5
 91
      256
141
0.0
 92
 16575494
291
     0
292
     0
173
     0
293
     0
142
0.0
143
0.0
294
     0
144
0.0
295
     0
296
     0
 46
0.0
 93
        0
110
514.0944
120
263.5601
130
0.0
111
1.0
121
0.0
131
0.0
112
0.0
122
1.0
132
0.0
297
     0
302
LEADER{
290
     1
291
     1
 10
503.2944
 20
262.6601
 30
0.0
 11
1.0
 21
0.0
 31
0.0
 90
        0
 40
11.6057
304
LEADER_LINE{
 10
486.5848
 20
246.051
 30
0.0
 90
        0
305
}
303
}
301
}
340
2A67
 90
   329376
170
     1
 91
        0
341
14
171
    -2
290
     1
291
     1
 41
0.36
 42
0.0
172
     2
343

173
     1
 95
        1
174
     1
175
     0
 92
        0
292
     0
 93
        0
 10
1.0
 20
1.0
 30
1.0
 43
0.0
176
     0
293
     0
 94
        0
294
     0
178
     0
179
     1
 45
24.0
271
     0
272
     0
273
     0
1001
ACAD_MLEADERVER
1070
     2
  0
MULTILEADER
  5
3A4D
330
1F
100
AcDbEntity
 67
     0
  8
Mleader @ 24
  6
Continuous
 62
   256
 92
      584
310
48020000100000000C00000010000000340000000C00000016000000000000C00C00000013000000112700003C0000000600000002000000A211A436165E80409C7F254EA7136E4000000000000000008086F2F235F880409C7F254EA7136E4000000000000000000C00000013000000010000000C00000014000000010000
310
00540000000700000003000000E625D588C7EC7F406A948A31DC526C40000000000000000020D349B762B17F4008F6109EFFFD6B400000000000000000727689BFCEDB7F401C91237ACC746C4000000000000000000C00000013000000891300003C00000006000000020000002C4E2F244BE47F40C312D755D4636C400000
310
000000000000A211A436165E80409C7F254EA7136E4000000000000000000C000000130000009A3A00000C00000016000000000000C00C00000012000000FF7F00000C00000017000000FFFFFFFF0C00000016000000000000C00C00000013000000993A0000E400000026000000B1087CF1840781400A5BDCBB82FA6D4000
310
0000000000000000000000000000000000000000000000000000000000F03F000000000000F03F0000000000000000000000000000000039002E003500D80020004300410042004C0045005300200028005400590050002E002900000000001200000001000000000000000000F83F666666666666F23F0000000000000000
310
000000000000F03F0000000000000000000000000000000000000000000000000000000001000000000000000000000072006F006D0061006E0073002E007300680078000000780000007300
 60
     0
 48
1.0
370
    -1
100
AcDbMLeader
300
CONTEXT_DATA{
 40
24.0
 10
543.0263
 20
240.6142
 30
0.0
 41
1.5
140
4.5
145
2.16
174
     0
175
     0
176
     0
177
     1
290
     1
304
{\W1.15;9.5%%C CABLES (TYP.)}
 11
0.0
 21
0.0
 31
1.0
340
3CC
 12
545.1863
 22
241.6142
 32
0.0
 13
1.0
 23
0.0
 33
0.0
 42
0.0
 43
41.9248
 44
4.5355
 45
1.0
170
     1
 90
      256
171
     1
172
     5
 91
      256
141
0.0
 92
 16575494
291
     0
292
     0
173
     0
293
     0
142
0.0
143
0.0
294
     0
144
0.0
295
     0
296
     0
 46
0.0
 93
        0
110
534.5608
120
241.5142
130
0.0
111
1.0
121
0.0
131
0.0
112
0.0
122
1.0
132
0.0
297
     0
302
LEADER{
290
     1
291
     1
 10
523.7608
 20
240.6142
 30
0.0
 11
1.0
 21
0.0
 31
0.0
 90
        0
 40
19.2655
304
LEADER_LINE{
 10
507.0866
 20
223.9375
 30
0.0
 90
        0
305
}
303
}
301
}
340
2A67
 90
   329376
170
     1
 91
        0
341
14
171
    -2
290
     1
291
     1
 41
0.36
 42
0.0
172
     2
343

173
     1
 95
        1
174
     1
175
     0
 92
        0
292
     0
 93
        0
 10
1.0
 20
1.0
 30
1.0
 43
0.0
176
     0
293
     0
 94
        0
294
     0
178
     0
179
     1
 45
24.0
271
     0
272
     0
273
     0
1001
ACAD_MLEADERVER
1070
     2
  0
MULTILEADER
  5
3C9B
330
1F
100
AcDbEntity
 67
     0
  8
Mleader @ 24
  6
Continuous
 62
   256
 92
      812
310
2C030000110000000C00000010000000340000000C00000016000000000000C00C00000013000000112700003C00000006000000020000008EED3A15721281400CE5B24B6A796B4000000000000000000CE4D6D2BB4281400CE5B24B6A796B4000000000000000000C00000013000000010000000C00000014000000010000
310
005400000007000000030000002EDE860049CF804084F45BBA314B6A4000000000000000005C454EBF92B18040B04210B36AF669400000000000000000B75FEC25CEC68040F76B402A286D6A4000000000000000000C00000013000000891300003C0000000600000002000000F29E39930BCB80403E304EF22C5C6A400000
310
0000000000008EED3A15721281400CE5B24B6A796B4000000000000000000C000000130000009A3A00000C00000016000000000000C00C00000012000000FF7F00000C00000017000000FFFFFFFF0C00000016000000000000C00C00000013000000993A0000E00000002600000003BEDC96625181407AC069B945406B4000
310
0000000000000000000000000000000000000000000000000000000000F03F000000000000F03F00000000000000000000000000000000480053005300200031002D0031002F0032002200780031002D0031002F003200220000001100000001000000000000000000F83F666666666666F23F000000000000000000000000
310
0000F03F0000000000000000000000000000000000000000000000000000000001000000000000000000000072006F006D0061006E0073002E007300680078000000730000000000E80000002600000003BEDC9662518140E89B202721E76A40000000000000000000000000000000000000000000000000000000000000F0
310
3F000000000000F03F000000000000000000000000000000005B00330038007800330038005D00200050004F00530054005300200028005400590050002E002900000000001400000001000000000000000000F83F666666666666F23F0000000000000000000000000000F03F000000000000000000000000000000000000
310
0000000000000000000001000000000000000000000072006F006D0061006E0073002E00730068007800000073000000933A
 60
     0
 48
1.0
370
    -1
100
AcDbMLeader
300
CONTEXT_DATA{
 40
24.0
 10
552.3417
 20
219.7942
 30
0.0
 41
1.5
140
4.5
145
2.16
174
     0
175
     0
176
     0
177
     1
290
     1
304
{\W1.15;HSS 1-1/2"x1-1/2" \P[38x38] POSTS (TYP.)}
 11
0.0
 21
0.0
 31
1.0
340
3CC
 12
554.5017
 22
219.7942
 32
0.0
 13
1.0
 23
0.0
 33
0.0
 42
0.0
 43
41.9248
 44
4.5355
 45
1.0
170
     1
 90
      256
171
     1
172
     5
 91
      256
141
0.0
 92
 16575494
291
     0
292
     0
173
     0
293
     0
142
0.0
143
0.0
294
     0
144
0.0
295
     0
296
     0
 46
0.0
 93
        0
110
557.1057
120
220.6942
130
0.0
111
1.0
121
0.0
131
0.0
112
0.0
122
1.0
132
0.0
297
     0
302
LEADER{
290
     1
291
     1
 10
546.3057
 20
219.7942
 30
0.0
 11
1.0
 21
0.0
 31
0.0
 90
        0
 40
6.036
304
LEADER_LINE{
 10
534.1967
 20
207.7005
 30
0.0
 90
        0
305
}
303
}
301
}
340
2A67
 90
   329376
170
     1
 91
        0
341
14
171
    -2
290
     1
291
     1
 41
0.36
 42
0.0
172
     2
343

173
     1
 95
        1
174
     1
175
     0
 92
        0
292
     0
 93
        0
 10
1.0
 20
1.0
 30
1.0
 43
0.0
176
     0
293
     0
 94
        0
294
     0
178
     0
179
     1
 45
24.0
271
     0
272
     0
273
     0
1001
ACAD_MLEADERVER
1070
     2
  0
MULTILEADER
  5
3CA0
330
1F
100
AcDbEntity
 67
     0
  8
Mleader @ 24
  6
Continuous
 62
   256
 92
      820
310
34030000110000000C00000010000000340000000C00000016000000000000C00C00000013000000112700003C0000000600000002000000D6352CFBC9EB8040F4BD406D9086694000000000000000009093347274238140F4BD406D9086694000000000000000000C00000013000000010000000C00000014000000010000
310
00540000000700000003000000762678E6A0A880406CCDE9DB575868400000000000000000A48D3FA5EA8A8040981B9ED4900368400000000000000000FFA7DD0B26A08040DF44CE4B4E7A684000000000000000000C00000013000000891300003C00000006000000020000003AE72A7963A480402609DC13536968400000
310
000000000000D6352CFBC9EB8040F4BD406D9086694000000000000000000C000000130000009A3A00000C00000016000000000000C00C00000012000000FF7F00000C00000017000000FFFFFFFF0C00000016000000000000C00C00000013000000993A0000EC00000026000000876D3A361B328140F4BD406D9076694000
310
0000000000000000000000000000000000000000000000000000000000F03F000000000000F03F0000000000000000000000000000000050004F004C0049005300480045004400200041004C0055004D002E00200043004800450043004B0045005200000038001600000001000000000000000000F83F666666666666F23F
310
0000000000000000000000000000F03F0000000000000000000000000000000000000000000000000000000001000000000000000000000072006F006D0061006E0073002E007300680078000000780000000000E400000026000000876D3A361B3281406299F7DA6B1D694000000000000000000000000000000000000000
310
0000000000000000000000F03F000000000000F03F0000000000000000000000000000000050004C004100540045002000500041004E0045004C00200028005400590050002E002900000029001200000001000000000000000000F83F666666666666F23F0000000000000000000000000000F03F00000000000000000000
310
00000000000000000000000000000000000001000000000000000000000072006F006D0061006E0073002E007300680078000000780000007300
 60
     0
 48
1.0
370
    -1
100
AcDbMLeader
300
CONTEXT_DATA{
 40
24.0
 10
548.4319
 20
204.2051
 30
0.0
 41
1.5
140
4.5
145
2.16
174
     0
175
     0
176
     0
177
     1
290
     1
304
{\W1.15;POLISHED ALUM. CHECKER \PPLATE PANEL (TYP.)}
 11
0.0
 21
0.0
 31
1.0
340
3CC
 12
550.5919
 22
205.2051
 32
0.0
 13
1.0
 23
0.0
 33
0.0
 42
0.0
 43
41.9248
 44
4.5355
 45
1.0
170
     1
 90
      256
171
     1
172
     5
 91
      256
141
0.0
 92
 16575494
291
     0
292
     0
173
     0
293
     0
142
0.0
143
0.0
294
     0
144
0.0
295
     0
296
     0
 46
0.0
 93
        0
110
552.2736
120
205.1051
130
0.0
111
1.0
121
0.0
131
0.0
112
0.0
122
1.0
132
0.0
297
     0
302
LEADER{
290
     1
291
     1
 10
541.4736
 20
204.2051
 30
0.0
 11
1.0
 21
0.0
 31
0.0
 90
        0
 40
6.9582
304
LEADER_LINE{
 10
529.3646
 20
192.1114
 30
0.0
 90
        0
305
}
303
}
301
}
340
2A67
 90
   329376
170
     1
 91
        0
341
14
171
    -2
290
     1
291
     1
 41
0.36
 42
0.0
172
     2
343

173
     1
 95
        1
174
     1
175
     0
 92
        0
292
     0
 93
        0
 10
1.0
 20
1.0
 30
1.0
 43
0.0
176
     0
293
     0
 94
        0
294
     0
178
     0
179
     1
 45
24.0
271
     0
272
     0
273
     0
1001
ACAD_MLEADERVER
1070
     2
  0
MULTILEADER
  5
3CA5
330
1F
100
AcDbEntity
 67
     0
  8
Mleader @ 24
  6
Continuous
 62
   256
 92
      820
310
34030000110000000C00000010000000340000000C00000016000000000000C00C00000013000000112700003C0000000600000002000000129CCFC90DDE8040F4EC515A1663684000000000000000003CD44B5E7E1D8140F4EC515A1663684000000000000000000C00000013000000010000000C00000014000000010000
310
00540000000700000003000000B28C1BB5E49A80406CFCFAC8DD3467400000000000000000E0F3E2732E7D8040984AAFC116E0664000000000000000003B0E81DA69928040DF73DF38D456674000000000000000000C00000013000000891300003C0000000600000002000000764DCE47A79680402638ED00D94567400000
310
000000000000129CCFC90DDE8040F4EC515A1663684000000000000000000C000000130000009A3A00000C00000016000000000000C00C00000012000000FF7F00000C00000017000000FFFFFFFF0C00000016000000000000C00C00000013000000993A0000EC0000002600000033AE5122252C8140F4EC515A1653684000
310
0000000000000000000000000000000000000000000000000000000000F03F000000000000F03F0000000000000000000000000000000050004F004C0049005300480045004400200041004C0055004D002E00200043004800450043004B0045005200000038001600000001000000000000000000F83F666666666666F23F
310
0000000000000000000000000000F03F0000000000000000000000000000000000000000000000000000000001000000000000000000000072006F006D0061006E0073002E007300680078000000780000000000E40000002600000033AE5122252C814062C808C8F1F9674000000000000000000000000000000000000000
310
0000000000000000000000F03F000000000000F03F0000000000000000000000000000000050004C004100540045002000500041004E0045004C00200028005400590050002E002900000029001200000001000000000000000000F83F666666666666F23F0000000000000000000000000000F03F00000000000000000000
310
00000000000000000000000000000000000001000000000000000000000072006F006D0061006E0073002E007300680078000000780000007300
 60
     0
 48
1.0
370
    -1
100
AcDbMLeader
300
CONTEXT_DATA{
 40
24.0
 10
547.6867
 20
195.0965
 30
0.0
 41
1.5
140
4.5
145
2.16
174
     0
175
     0
176
     0
177
     1
290
     1
304
{\W1.15;POLISHED ALUM. CHECKER \PPLATE PANEL (TYP.)}
 11
0.0
 21
0.0
 31
1.0
340
3CC
 12
549.8467
 22
196.0965
 32
0.0
 13
1.0
 23
0.0
 33
0.0
 42
0.0
 43
41.9248
 44
4.5355
 45
1.0
170
     1
 90
      256
171
     1
172
     5
 91
      256
141
0.0
 92
 16575494
291
     0
292
     0
173
     0
293
     0
142
0.0
143
0.0
294
     0
144
0.0
295
     0
296
     0
 46
0.0
 93
        0
110
550.5567
120
195.9965
130
0.0
111
1.0
121
0.0
131
0.0
112
0.0
122
1.0
132
0.0
297
     0
302
LEADER{
290
     1
291
     1
 10
539.7567
 20
195.0965
 30
0.0
 11
1.0
 21
0.0
 31
0.0
 90
        0
 40
7.93
304
LEADER_LINE{
 10
527.6477
 20
183.0028
 30
0.0
 90
        0
305
}
303
}
301
}
340
2A67
 90
   329376
170
     1
 91
        0
341
14
171
    -2
290
     1
291
     1
 41
0.36
 42
0.0
172
     2
343

173
     1
 95
        1
174
     1
175
     0
 92
        0
292
     0
 93
        0
 10
1.0
 20
1.0
 30
1.0
 43
0.0
176
     0
293
     0
 94
        0
294
     0
178
     0
179
     1
 45
24.0
271
     0
272
     0
273
     0
1001
ACAD_MLEADERVER
1070
     2
  0
MULTILEADER
  5
4139
330
1F
100
AcDbEntity
 67
     0
  8
Mleader @ 24
  6
Continuous
 62
   256
 92
      560
310
30020000100000000C00000010000000340000000C00000016000000000000C00C00000013000000112700003C00000006000000020000005EAB0469F1617A402208A86101837140000000000000000080F705E8D0137A402208A8610183714000000000000000000C00000013000000010000000C00000014000000010000
310
005400000007000000030000001E80803129B37A40DB44BE1ABD5071400000000000000000789F9F4997E37A40F4CA344B201A7140000000000000000016152C0B11A47A403CD3A561143E714000000000000000000C00000013000000891300003C00000006000000020000009A4A561E9DAB7A400B0C32BE684771400000
310
0000000000005EAB0469F1617A402208A8610183714000000000000000000C000000130000009A3A00000C00000016000000000000C00C00000012000000FF7F00000C00000017000000FFFFFFFF0C00000016000000000000C00C00000013000000993A0000CC00000026000000167EA2E3BD5C7940886E0EC86779714000
310
0000000000000000000000000000000000000000000000000000000000F03F000000000000F03F000000000000000000000000000000004300410042004C0045005300000000000600000001000000000000000000F83F626666666666F23F0000000000000000000000000000F03F00000000000000000000000000000000
310
00000000000000000000000001000000000000000000000072006F006D0061006E0073002E007300680078000000670000000000
 60
     0
 48
1.0
370
    -1
100
AcDbMLeader
300
CONTEXT_DATA{
 40
24.0
 10
403.8828
 20
280.1878
 30
0.0
 41
1.5
140
4.5
145
2.16
174
     0
175
     0
176
     0
177
     1
290
     1
304
CABLES
 11
0.0
 21
0.0
 31
1.0
340
3CC
 12
406.0428
 22
281.0878
 32
0.0
 13
1.0
 23
0.0
 33
0.0
 42
0.0
 43
9.2808
 44
2.7327
 45
1.0
170
     1
 90
      256
171
     1
172
     5
 91
      256
141
0.0
 92
 16575494
291
     0
292
     0
173
     0
293
     0
142
0.0
143
0.0
294
     0
144
0.0
295
     0
296
     0
 46
0.0
 93
        0
110
403.8464
120
281.0878
130
0.0
111
1.0
121
0.0
131
0.0
112
0.0
122
1.0
132
0.0
297
     0
302
LEADER{
290
     1
291
     1
 10
422.1214
 20
280.1878
 30
0.0
 11
-1.0
 21
0.0
 31
0.0
 90
        0
 40
4.8829
304
LEADER_LINE{
 10
430.2244
 20
273.6329
 30
0.0
 90
        0
305
}
303
}
301
}
340
2A67
 90
   329376
170
     1
 91
        0
341
14
171
    -2
290
     1
291
     1
 41
0.36
 42
0.0
172
     2
343

173
     1
 95
        1
174
     1
175
     0
 92
        0
292
     0
 93
        0
 10
1.0
 20
1.0
 30
1.0
 43
0.0
176
     0
293
     0
 94
        0
294
     0
178
     0
179
     1
 45
24.0
271
     0
272
     0
273
     0
1001
ACAD_MLEADERVER
1070
     2
  0
DIMENSION
  5
41CB
330
1F
100
AcDbEntity
 67
     0
  8
Dim @ 48
  6
Continuous
 62
   256
 60
     0
 48
1.0
370
    -1
100
AcDbDimension
  2
*D38
 10
432.2112
 20
305.2324
 30
0.0
 11
483.4762
 21
305.2324
 31
0.0
 70
     0
  1

 71
     5
 72
     1
 41
1.0
 42
102.53
 53
0.0
 51
0.0
210
0.0
220
0.0
230
1.0
  3
ROMANS-beside
100
AcDbAlignedDimension
 13
534.7412
 23
214.0438
 33
0.0
 14
432.2112
 24
244.7823
 34
0.0
 50
0.0
100
AcDbRotatedDimension
1001
AcadAnnotative
1000
AnnotativeData
1002
{
1070
     1
1070
     0
1002
}
1001
ACAD
1000
DSTYLE
1002
{
1070
    40
1040
48.0
1070
   147
1040
0.0625
1070
   141
1040
0.0625
1070
    42
1040
0.0938
1070
    44
1040
0.0938
1070
    41
1040
0.0938
1070
   140
1040
0.0781
1070
   279
1070
     0
1070
   289
1070
     0
1070
   174
1070
     0
1070
   175
1070
     0
1070
   172
1070
     0
1002
}
  0
DIMENSION
  5
41E0
330
1F
100
AcDbEntity
 67
     0
  8
Dim @ 48
  6
Continuous
 62
   256
 60
     0
 48
1.0
370
    -1
100
AcDbDimension
  2
*D39
 10
432.2112
 20
305.2324
 30
0.0
 11
377.4762
 21
305.2324
 31
0.0
 70
     0
  1

 71
     5
 72
     1
 41
1.0
 42
109.47
 53
0.0
 51
0.0
210
0.0
220
0.0
230
1.0
  3
ROMANS-beside
100
AcDbAlignedDimension
 13
322.7412
 23
293.9415
 33
0.0
 14
432.2112
 24
305.2324
 34
0.0
 50
0.0
100
AcDbRotatedDimension
1001
AcadAnnotative
1000
AnnotativeData
1002
{
1070
     1
1070
     0
1002
}
1001
ACAD
1000
DSTYLE
1002
{
1070
    40
1040
48.0
1070
   147
1040
0.0625
1070
   141
1040
0.0625
1070
    42
1040
0.0938
1070
    44
1040
0.0938
1070
    41
1040
0.0938
1070
   140
1040
0.0781
1070
   279
1070
     0
1070
   289
1070
     0
1070
   174
1070
     0
1070
   175
1070
     0
1070
   172
1070
     0
1002
}
  0
MULTILEADER
  5
4E13
330
1F
100
AcDbEntity
 67
     0
  8
Mleader @ 4
  6
Continuous
 62
   256
 92
      564
310
34020000100000000C00000010000000350000000C00000016000000000000C00C00000013000000112700003C0000000600000002000000A05F9B5EBCA9844028871ED936C58140000000000000000020F583E2B98E844028871ED936C5814000000000000000000C00000013000000010000000C00000014000000010000
310
005400000007000000030000005D4B27F9F7C184402A23102916AA8140000000000000000018126CD513C584407C16D7B6DBA481400000000000000000F7FEEEE670C0844031D4EFB1CBA8814000000000000000000C00000013000000891300003C00000006000000020000002A250B7034C18440ADFB7FED70A981400000
310
000000000000A05F9B5EBCA9844028871ED936C5814000000000000000000C000000130000009A3A00000C00000016000000000000C00C00000012000000FF7F00000C00000017000000FFFFFFFF0C00000016000000000000C00C00000013000000993A0000D00000002600000083BEB378367A84405BBA510C6AC4814000
310
0000000000000000000000000000000000000000000000000000000000F03F000000000000F03F0000000000000000000000000000000032003200D800200048004F004C004500000000000800000001000000000000000000D03F666666666666F23F0000000000000000000000000000F03F000000000000000000000000
310
0000000000000000000000000000000001000000000000000000000072006F006D0061006E0073002E007300680078000000000000007F48
 60
     0
 48
1.0
370
    -1
100
AcDbMLeader
300
CONTEXT_DATA{
 40
4.0
 10
654.9577
 20
568.6518
 30
0.0
 41
0.25
140
0.75
145
0.36
174
     0
175
     0
176
     0
177
     1
290
     1
304
{\W1.15;\C256;22%%C HOLE}
 11
0.0
 21
0.0
 31
1.0
340
3CC
 12
655.3177
 22
568.8018
 32
0.0
 13
1.0
 23
0.0
 33
0.0
 42
0.0
 43
4.196
 44
2.0655
 45
1.0
170
     1
 90
      256
171
     1
172
     5
 91
      256
141
0.0
 92
 16575494
291
     0
292
     0
173
     0
293
     0
142
0.0
143
0.0
294
     0
144
0.0
295
     0
296
     0
 46
0.0
 93
        0
110
653.0348
120
566.6601
130
0.0
111
1.0
121
0.0
131
0.0
112
0.0
122
1.0
132
0.0
297
     0
302
LEADER{
290
     1
291
     1
 10
661.217
 20
568.6518
 30
0.0
 11
-1.0
 21
0.0
 31
0.0
 90
        0
 40
3.3762
304
LEADER_LINE{
 10
664.6347
 20
564.6073
 30
0.0
 90
        0
305
}
303
}
301
}
340
2A67
 90
   329376
170
     1
 91
        0
341
14
171
    -2
290
     1
291
     1
 41
0.36
 42
1.0
172
     2
343

173
     1
 95
        1
174
     1
175
     0
 92
        0
292
     0
 93
        0
 10
1.0
 20
1.0
 30
1.0
 43
0.0
176
     0
293
     0
 94
        0
294
     0
178
     0
179
     1
 45
4.0
271
     0
272
     0
273
     0
1001
ACAD_MLEADERVER
1070
     2
  0
INSERT
  5
50EE
330
2188
100
AcDbEntity
 67
     1
  8
Title
  6
Continuous
 62
   256
 60
     0
 48
0.1
370
    -1
100
AcDbBlockReference
 66
     1
  2
title
 10
-0.2499
 20
-0.7499
 30
0.0
 41
1.0
 42
1.0
 43
1.0
 50
0.0
 70
     0
 71
     0
 44
0.0
 45
0.0
210
0.0
220
0.0
230
1.0
  0
ATTRIB
  5
50EF
330
50EE
100
AcDbEntity
  8
TB_TEXT2
  6
Continuous
 62
   256
 60
     0
 48
1.0
370
    -1
100
AcDbText
 39
0.0
 10
32.1626
 20
0.2281
 40
0.5
  1
A-05
  7
SANSERIF
 11
32.1626
 21
0.7281
100
AcDbAttribute
 70
     8
 74
     3
280
     0
  2
X
  0
ATTRIB
  5
50F1
330
50EE
100
AcDbEntity
  8
TB_TEXT2
  6
Continuous
 62
     1
 60
     0
 48
1.0
370
    -1
100
AcDbText
 39
0.0
 10
33.0321
 20
1.456
 40
0.125
  1
JAN.  2003
  7
SANSERIF
100
AcDbAttribute
 70
     8
280
     0
  2
DATE
  0
ATTRIB
  5
50F3
330
50EE
100
AcDbEntity
  8
TB_TEXT2
  6
Continuous
 62
    10
 60
     0
 48
1.0
370
    -1
100
AcDbText
 39
0.0
 10
33.0321
 20
1.9805
 40
0.125
  1
SR
  7
SANSERIF
100
AcDbAttribute
 70
     8
280
     0
  2
CHECK
  0
ATTRIB
  5
50F5
330
50EE
100
AcDbEntity
  8
TB_TEXT2
  6
Continuous
 62
    10
 60
     0
 48
1.0
370
    -1
100
AcDbText
 39
0.0
 10
33.0321
 20
2.4211
 40
0.125
  1
NWP
  7
SANSERIF
100
AcDbAttribute
 70
     8
280
     0
  2
DRAW
  0
ATTRIB
  5
50F7
330
50EE
100
AcDbEntity
  8
TB_TEXT2
  6
Continuous
 62
    10
 60
     0
 48
15.0
370
    -1
100
AcDbText
 39
0.0
 10
31.0329
 20
4.8167
 40
0.1875
  1
STAIR SECTIONS
  7
SANSERIF
100
AcDbAttribute
 70
     8
280
     0
  2
SHEET_CONTENT1
  0
ATTRIB
  5
50F9
330
50EE
100
AcDbEntity
  8
TB_TEXT2
  6
Continuous
 62
    10
 60
     0
 48
15.0
370
    -1
100
AcDbText
 39
0.0
 10
31.0329
 20
4.5171
 40
0.1875
  1
DETAILS
  7
SANSERIF
100
AcDbAttribute
 70
     8
280
     0
  2
SHEET_CONTENT2
  0
ATTRIB
  5
50FB
330
50EE
100
AcDbEntity
  8
TB_TEXT2
  6
Continuous
 62
   256
 60
     0
 48
15.0
370
    -1
100
AcDbText
 39
0.0
 10
31.0329
 20
10.2397
 40
0.1875
  1
INTERNATIONAL ROAD DYNAMICS
  7
SANSERIF
100
AcDbAttribute
 70
     8
280
     0
  2
PROJECT_NAME
  0
ATTRIB
  5
50FD
330
50EE
100
AcDbEntity
  8
TB_TEXT2
  6
Continuous
 62
   256
 60
     0
 48
15.0
370
    -1
100
AcDbText
 39
0.0
 10
31.0329
 20
9.9401
 40
0.1875
  1
ADDITION - PHASE1
  7
SANSERIF
100
AcDbAttribute
 70
     8
280
     0
  2
PROJECT_PHASE
  0
ATTRIB
  5
50FF
330
50EE
100
AcDbEntity
  8
TB_TEXT2
  6
Continuous
 62
   256
 60
     0
 48
15.0
370
    -1
100
AcDbText
 39
0.0
 10
31.0329
 20
9.6404
 40
0.1875
  1
321 FIRST ST.
  7
SANSERIF
100
AcDbAttribute
 70
     8
280
     0
  2
PROJECT_STREET
  0
ATTRIB
  5
5101
330
50EE
100
AcDbEntity
  8
TB_TEXT2
  6
Continuous
 62
   256
 60
     0
 48
15.0
370
    -1
100
AcDbText
 39
0.0
 10
31.0329
 20
9.3408
 40
0.1875
  1
SASKATOON,  SK  99999
  7
SANSERIF
100
AcDbAttribute
 70
     8
280
     0
  2
PROJECT_CITY
  0
ATTRIB
  5
5103
330
50EE
100
AcDbEntity
  8
TB_TEXT2
  6
Continuous
 62
   256
 60
     0
 48
15.0
370
    -1
100
AcDbText
 39
0.0
 10
31.0329
 20
6.5422
 40
0.1875
  1
ALLAN CONSTRUCTION LTD.
  7
SANSERIF
100
AcDbAttribute
 70
     8
280
     0
  2
CLIENT_NAME
  0
ATTRIB
  5
5105
330
50EE
100
AcDbEntity
  8
TB_TEXT2
  6
Continuous
 62
   256
 60
     0
 48
15.0
370
    -1
100
AcDbText
 39
0.0
 10
31.0329
 20
6.2426
 40
0.1875
  1
123 MAIN ST.
  7
SANSERIF
100
AcDbAttribute
 70
     8
280
     0
  2
CLIENT_STREET
  0
ATTRIB
  5
5107
330
50EE
100
AcDbEntity
  8
TB_TEXT2
  6
Continuous
 62
   256
 60
     0
 48
15.0
370
    -1
100
AcDbText
 39
0.0
 10
31.0329
 20
5.943
 40
0.1875
  1
SASKATOON,  SK  99999
  7
SANSERIF
100
AcDbAttribute
 70
     8
280
     0
  2
CLIENT_CITY
  0
SEQEND
  5
5109
330
50EE
100
AcDbEntity
  8
Title
  6
Continuous
 62
   256
 60
     0
 48
0.1
370
    -1
  0
LINE
  5
5756
330
1F
100
AcDbEntity
 67
     0
  8
Mleader
  6
Continuous
 62
   256
 60
     0
 48
1.0
370
    -1
100
AcDbLine
 39
0.0
 10
322.7412
 20
467.4385
 30
0.0
 11
594.7412
 21
467.4385
 31
0.0
  0
MULTILEADER
  5
575A
330
1F
100
AcDbEntity
 67
     0
  8
Mleader @ 48
  6
Continuous
 62
   256
 92
      788
310
14030000110000000C00000010000000330000000C00000016000000000000C00C00000013000000112700003C0000000600000002000000FA856ED0D5CB81405C7FF2775D2C78400000000000000000326A532A644A81405C7FF2775D2C784000000000000000000C00000013000000010000000C00000014000000010000
310
005400000007000000030000000CC5C3DAE2588240753E77837B357740000000000000000016CB2AB87483824044BC9BD5E4BE76400000000000000000350A37E6F447824027FC589E7513774000000000000000000C00000013000000891300003C0000000600000002000000A1677DE06B5082404E1DE890782477400000
310
000000000000FA856ED0D5CB81405C7FF2775D2C784000000000000000000C000000130000009A3A00000C00000016000000000000C00C00000012000000FF7F00000C00000017000000FFFFFFFF0C00000016000000000000C00C00000013000000993A0000E400000026000000876C8F442DC27E40E0B99AFB9714784000
310
0000000000000000000000000000000000000000000000000000000000F03F000000000000F03F000000000000000000000000000000003200220078003600220020005B003300380078003100340030005D002000570041004C004C00000013000000010000000000000000000840666666666666F23F0000000000000000
310
000000000000F03F0000000000000000000000000000000000000000000000000000000001000000000000000000000072006F006D0061006E0073002E007300680078000000780000007300CC000000260000009DCB805A8CBF7E40972776B205C07740000000000000000000000000000000000000000000000000000000
310
000000F03F000000000000F03F000000000000000000000000000000004600520041004D0049004E004700000007000000010000000000000000000840666666666666F23F0000000000000000000000000000F03F000000000000000000000000000000000000000000000000000000000100000000000000000000007200
310
6F006D0061006E0073002E007300680078000000780000000000
 60
     0
 48
1.0
370
    -1
100
AcDbMLeader
300
CONTEXT_DATA{
 40
48.0
 10
553.2989
 20
386.7728
 30
0.0
 41
3.0
140
9.0
145
4.32
174
     0
175
     0
176
     0
177
     1
290
     1
304
\A1;{\W1.15;2"x6" [38x140] WALL\PFRAMING}
 11
0.0
 21
0.0
 31
1.0
340
3CC
 12
492.6289
 22
388.5728
 32
0.0
 13
1.0
 23
0.0
 33
0.0
 42
0.0
 43
66.0362
 44
9.3771
 45
1.0
170
     1
 90
      256
171
     1
172
     5
 91
      256
141
0.0
 92
 16575494
291
     0
292
     0
173
     0
293
     0
142
0.0
143
0.0
294
     0
144
0.0
295
     0
296
     0
 46
0.0
 93
        0
110
547.8794
120
388.5728
130
0.0
111
-1.0
121
0.0
131
0.0
112
0.0
122
1.0
132
0.0
297
     1
302
LEADER{
290
     1
291
     1
 10
569.4794
 20
386.7728
 30
0.0
 11
-1.0
 21
0.0
 31
0.0
 90
        0
 40
16.1805
304
LEADER_LINE{
 10
592.432
 20
363.9309
 30
0.0
 90
        0
305
}
303
}
301
}
340
2A67
 90
   329376
170
     1
 91
        0
341
14
171
    -2
290
     1
291
     1
 41
0.36
 42
0.0
172
     2
343

173
     1
 95
        1
174
     1
175
     0
 92
        0
292
     0
 93
        0
 10
1.0
 20
1.0
 30
1.0
 43
0.0
176
     0
293
     0
 94
        0
294
     1
178
     0
179
     1
 45
48.0
271
     0
272
     0
273
     0
1001
ACAD_MLEADERVER
1070
     2
  0
MULTILEADER
  5
575F
330
1F
100
AcDbEntity
 67
     0
  8
Mleader @ 48
  6
Continuous
 62
   256
 92
      596
310
54020000100000000C00000010000000330000000C00000016000000000000C00C00000013000000112700003C000000060000000200000086EFE8D3EE128240442A8003763D79400000000000000000AE831B6673768140442A8003763D794000000000000000000C00000013000000010000000C00000014000000010000
310
005400000007000000030000006EBD3891B46A82407C20DFE189B3784000000000000000007E7A536DD3958240F4D63AA7BF3D78400000000000000000C7612D63EF5982403AD91E953391784000000000000000000C00000013000000891300003C00000006000000020000009B0F33FA51628240DBFC7EBB5EA278400000
310
00000000000086EFE8D3EE128240442A8003763D794000000000000000000C000000130000009A3A00000C00000016000000000000C00C00000012000000FF7F00000C00000017000000FFFFFFFF0C00000016000000000000C00C00000013000000993A0000F000000026000000F4EF26319C357E40FB975BBAE328794000
310
0000000000000000000000000000000000000000000000000000000000F03F000000000000F03F0000000000000000000000000000000033002F00340022005B00330030005D0020004F002E0053002E004200200053004800450041005400480049004E004700000000001800000001000000000000000000084066666666
310
6666F23F0000000000000000000000000000F03F0000000000000000000000000000000000000000000000000000000001000000000000000000000072006F006D0061006E0073002E007300680078000000000000000000
 60
     0
 48
1.0
370
    -1
100
AcDbMLeader
300
CONTEXT_DATA{
 40
48.0
 10
558.8063
 20
403.8413
 30
0.0
 41
3.0
140
9.0
145
4.32
174
     0
175
     0
176
     0
177
     1
290
     1
304
\A1;{\W1.15;3/4"[30] O.S.B SHEATHING}
 11
0.0
 21
0.0
 31
1.0
340
3CC
 12
483.8435
 22
405.8413
 32
0.0
 13
1.0
 23
0.0
 33
0.0
 42
0.0
 43
75.1318
 44
9.3771
 45
1.0
170
     1
 90
      256
171
     1
172
     5
 91
      256
141
0.0
 92
 16575494
291
     0
292
     0
173
     0
293
     0
142
0.0
143
0.0
294
     0
144
0.0
295
     0
296
     0
 46
0.0
 93
        0
110
556.7666
120
405.6413
130
0.0
111
-1.0
121
0.0
131
0.0
112
0.0
122
1.0
132
0.0
297
     1
302
LEADER{
290
     1
291
     1
 10
578.3666
 20
403.8413
 30
0.0
 11
-1.0
 21
0.0
 31
0.0
 90
        0
 40
19.5603
304
LEADER_LINE{
 10
594.7282
 20
387.8593
 30
0.0
 90
        0
305
}
303
}
301
}
340
2A67
 90
   329376
170
     1
 91
        0
341
14
171
    -2
290
     1
291
     1
 41
0.36
 42
0.0
172
     2
343

173
     1
 95
        1
174
     1
175
     0
 92
        0
292
     0
 93
        0
 10
1.0
 20
1.0
 30
1.0
 43
0.0
176
     0
293
     0
 94
        0
294
     1
178
     0
179
     1
 45
48.0
271
     0
272
     0
273
     0
1001
ACAD_MLEADERVER
1070
     2
  0
MULTILEADER
  5
5764
330
1F
100
AcDbEntity
 67
     0
  8
Mleader @ 48
  6
Continuous
 62
   256
 92
      592
310
50020000100000000C00000010000000330000000C00000016000000000000C00C00000013000000112700003C0000000600000002000000C80678766CDD814065F2AEA955D67A4000000000000000006A50E47A9635814065F2AEA955D67A4000000000000000000C00000013000000010000000C00000014000000010000
310
00540000000700000003000000F5589BCC753282408BCC9C2EF14E7A400000000000000000E63E76B9075D82400C7BF1965AD879400000000000000000858F7DDC87218240C59AAB40EB2C7A4000000000000000000C00000013000000891300003C00000006000000020000003D748CD4FE298240A833A437EE3D7A400000
310
000000000000C80678766CDD814065F2AEA955D67A4000000000000000000C000000130000009A3A00000C00000016000000000000C00C00000012000000FF7F00000C00000017000000FFFFFFFF0C00000016000000000000C00C00000013000000993A0000EC000000260000001C82430ADB9E7D40D3CD651731BD7A4000
310
0000000000000000000000000000000000000000000000000000000000F03F000000000000F03F0000000000000000000000000000000031002F00320022005B00310032002E0035005D002000470059005000530055004D00200042004F00410052004400000017000000010000000000000000000840666666666666F23F
310
0000000000000000000000000000F03F0000000000000000000000000000000000000000000000000000000001000000000000000000000072006F006D0061006E0073002E007300680078000000780000000000
 60
     0
 48
1.0
370
    -1
100
AcDbMLeader
300
CONTEXT_DATA{
 40
48.0
 10
550.6985
 20
429.3959
 30
0.0
 41
3.0
140
9.0
145
4.32
174
     0
175
     0
176
     0
177
     1
290
     1
304
{\W1.15;1/2"[12.5] GYPSUM BOARD}
 11
0.0
 21
0.0
 31
1.0
340
3CC
 12
474.9142
 22
431.3959
 32
0.0
 13
1.0
 23
0.0
 33
0.0
 42
0.0
 43
75.1318
 44
9.3771
 45
1.0
170
     1
 90
      256
171
     1
172
     5
 91
      256
141
0.0
 92
 16575494
291
     0
292
     0
173
     0
293
     0
142
0.0
143
0.0
294
     0
144
0.0
295
     0
296
     0
 46
0.0
 93
        0
110
550.078
120
431.1959
130
0.0
111
-1.0
121
0.0
131
0.0
112
0.0
122
1.0
132
0.0
297
     1
302
LEADER{
290
     1
291
     1
 10
571.678
 20
429.3959
 30
0.0
 11
-1.0
 21
0.0
 31
0.0
 90
        0
 40
20.9795
304
LEADER_LINE{
 10
587.6288
 20
413.5221
 30
0.0
 90
        0
305
}
303
}
301
}
340
2A67
 90
   329376
170
     1
 91
        0
341
14
171
    -2
290
     1
291
     1
 41
0.36
 42
0.0
172
     2
343

173
     1
 95
        1
174
     1
175
     0
 92
        0
292
     0
 93
        0
 10
1.0
 20
1.0
 30
1.0
 43
0.0
176
     0
293
     0
 94
        0
294
     1
178
     0
179
     1
 45
48.0
271
     0
272
     0
273
     0
1001
ACAD_MLEADERVER
1070
     2
  0
MULTILEADER
  5
5D0A
330
1F
100
AcDbEntity
 67
     0
  8
Mleader @ 48
  6
Continuous
 62
   256
 92
      552
310
28020000100000000C00000010000000330000000C00000016000000000000C00C00000013000000112700003C0000000600000002000000CB3BA3250E7F8840432D512915F970400000000000000000D51247964B098940432D512915F9704000000000000000000C00000013000000010000000C00000014000000010000
310
0054000000070000000300000040756B7123EF8740D660996500CE6E40000000000000000000AFE37B07B987406052ECD4080A6E400000000000000000182B4F0C53DC8740BC37E6BE9A096F4000000000000000000C00000013000000891300003C00000006000000020000002C50DD3EBBE5874049CC3F92CDEB6E400000
310
000000000000CB3BA3250E7F8840432D512915F9704000000000000000000C000000130000009A3A00000C00000016000000000000C00C00000012000000FF7F00000C00000017000000FFFFFFFF0C00000016000000000000C00C00000013000000993A0000C400000026000000AE6761083A29894010FA1DF6E1E5704000
310
0000000000000000000000000000000000000000000000000000000000F03F000000000000F03F00000000000000000000000000000000570031003200000003000000010000000000000000000840626666666666F23F0000000000000000000000000000F03F000000000000000000000000000000000000000000000000
310
0000000001000000000000000000000072006F006D0061006E0073002E007300680078000000730000004100
 60
     0
 48
1.0
370
    -1
100
AcDbMLeader
300
CONTEXT_DATA{
 40
48.0
 10
801.1619
 20
271.5677
 30
0.0
 41
3.0
140
9.0
145
4.32
174
     0
175
     0
176
     0
177
     1
290
     1
304
W12
 11
0.0
 21
0.0
 31
1.0
340
3CC
 12
805.4819
 22
273.3677
 32
0.0
 13
1.0
 23
0.0
 33
0.0
 42
0.0
 43
14.7165
 44
7.3572
 45
1.0
170
     1
 90
      256
171
     1
172
     5
 91
      256
141
0.0
 92
 16575494
291
     0
292
     0
173
     0
293
     0
142
0.0
143
0.0
294
     0
144
0.0
295
     0
296
     0
 46
0.0
 93
        0
110
805.4819
120
273.3677
130
0.0
111
1.0
121
0.0
131
0.0
112
0.0
122
1.0
132
0.0
297
     0
302
LEADER{
290
     1
291
     1
 10
783.8819
 20
271.5677
 30
0.0
 11
1.0
 21
0.0
 31
0.0
 90
        0
 40
17.28
304
LEADER_LINE{
 10
759.1287
 20
240.3136
 30
0.0
 90
        0
305
}
303
}
301
}
340
2A67
 90
   329376
170
     1
 91
        0
341
14
171
    -2
290
     1
291
     1
 41
0.36
 42
0.0
172
     2
343

173
     1
 95
        1
174
     1
175
     0
 92
        0
292
     0
 93
        0
 10
1.0
 20
1.0
 30
1.0
 43
0.0
176
     0
293
     0
 94
        0
294
     0
178
     0
179
     1
 45
48.0
271
     0
272
     0
273
     0
1001
ACAD_MLEADERVER
1070
     2
  0
MULTILEADER
  5
5D0F
330
1F
100
AcDbEntity
 67
     0
  8
Mleader @ 48
  6
Continuous
 62
   256
 92
      556
310
2C020000100000000C00000010000000330000000C00000016000000000000C00C00000013000000112700003C00000006000000020000002C5F41E945AD86400615E374717C69400000000000000000A773EF30276886400615E374717C694000000000000000000C00000013000000010000000C00000014000000010000
310
00540000000700000003000000CDBAE5CC82DD8640B03CDA4F4EC56A400000000000000000A020574AFA128740C0755B08138C6B400000000000000000FC6AEF7384F08640602AF417B08A6A4000000000000000000C00000013000000891300003C0000000600000002000000E4926AA003E786408833E733FFA76A400000
310
0000000000002C5F41E945AD86400615E374717C694000000000000000000C000000130000009A3A00000C00000016000000000000C00C00000012000000FF7F00000C00000017000000FFFFFFFF0C00000016000000000000C00C00000013000000993A0000C800000026000000DE0876CD22DB8540A0AE7C0E0B56694000
310
0000000000000000000000000000000000000000000000000000000000F03F000000000000F03F0000000000000000000000000000000057003400310030000000000004000000010000000000000000000840626666666666F23F0000000000000000000000000000F03F0000000000000000000000000000000000000000
310
000000000000000001000000000000000000000072006F006D0061006E0073002E007300680078000000410000007400
 60
     0
 48
1.0
370
    -1
100
AcDbMLeader
300
CONTEXT_DATA{
 40
48.0
 10
695.4006
 20
203.8888
 30
0.0
 41
3.0
140
9.0
145
4.32
174
     0
175
     0
176
     0
177
     1
290
     1
304
W410
 11
0.0
 21
0.0
 31
1.0
340
3CC
 12
699.7206
 22
205.6888
 32
0.0
 13
1.0
 23
0.0
 33
0.0
 42
0.0
 43
18.3988
 44
6.8451
 45
1.0
170
     1
 90
      256
171
     1
172
     5
 91
      256
141
0.0
 92
 16575494
291
     0
292
     0
173
     0
293
     0
142
0.0
143
0.0
294
     0
144
0.0
295
     0
296
     0
 46
0.0
 93
        0
110
699.7206
120
205.6888
130
0.0
111
1.0
121
0.0
131
0.0
112
0.0
122
1.0
132
0.0
297
     0
302
LEADER{
290
     1
291
     1
 10
725.6591
 20
203.8888
 30
0.0
 11
-1.0
 21
0.0
 31
0.0
 90
        0
 40
8.64
304
LEADER_LINE{
 10
738.3722
 20
220.3773
 30
0.0
 90
        0
305
}
303
}
301
}
340
2A67
 90
   329376
170
     1
 91
        0
341
14
171
    -2
290
     1
291
     1
 41
0.36
 42
0.0
172
     2
343

173
     1
 95
        1
174
     1
175
     0
 92
        0
292
     0
 93
        0
 10
1.0
 20
1.0
 30
1.0
 43
0.0
176
     0
293
     0
 94
        0
294
     0
178
     0
179
     1
 45
48.0
271
     0
272
     0
273
     0
1001
ACAD_MLEADERVER
1070
     2
  0
MULTILEADER
  5
5D17
330
1F
100
AcDbEntity
 67
     0
  8
Mleader @ 48
  6
Continuous
 62
   256
 92
      556
310
2C020000100000000C00000010000000330000000C00000016000000000000C00C00000013000000112700003C0000000600000002000000639392DB9E5B8C40A6F875119B1D6B4000000000000000006D6A364CDCE58C40A6F875119B1D6B4000000000000000000C00000013000000010000000C00000014000000010000
310
00540000000700000003000000E26DD2368A148C40D859A982AA166C400000000000000000D052D048D5ED8B40A0859A07350E6D4000000000000000009F381DBF84268C40C3AF88C542566C4000000000000000000C00000013000000891300003C000000060000000200000040D3F77A871D8C40CD0419A476366C400000
310
000000000000639392DB9E5B8C40A6F875119B1D6B4000000000000000000C000000130000009A3A00000C00000016000000000000C00C00000012000000FF7F00000C00000017000000FFFFFFFF0C00000016000000000000C00C00000013000000993A0000C800000026000000D16E49497A048D4040920FAB34F76A4000
310
0000000000000000000000000000000000000000000000000000000000F03F000000000000F03F0000000000000000000000000000000043003200350030000000000004000000010000000000000000000840626666666666F23F0000000000000000000000000000F03F0000000000000000000000000000000000000000
310
000000000000000001000000000000000000000072006F006D0061006E0073002E007300680078000000410000007400
 60
     0
 48
1.0
370
    -1
100
AcDbMLeader
300
CONTEXT_DATA{
 40
48.0
 10
924.7326
 20
216.9252
 30
0.0
 41
3.0
140
9.0
145
4.32
174
     0
175
     0
176
     0
177
     1
290
     1
304
C250
 11
0.0
 21
0.0
 31
1.0
340
3CC
 12
929.0526
 22
218.7252
 32
0.0
 13
1.0
 23
0.0
 33
0.0
 42
0.0
 43
24.522
 44
9.3405
 45
1.0
170
     1
 90
      256
171
     1
172
     5
 91
      256
141
0.0
 92
 16575494
291
     0
292
     0
173
     0
293
     0
142
0.0
143
0.0
294
     0
144
0.0
295
     0
296
     0
 46
0.0
 93
        0
110
929.0526
120
218.7252
130
0.0
111
1.0
121
0.0
131
0.0
112
0.0
122
1.0
132
0.0
297
     0
302
LEADER{
290
     1
291
     1
 10
907.4526
 20
216.9252
 30
0.0
 11
1.0
 21
0.0
 31
0.0
 90
        0
 40
17.28
304
LEADER_LINE{
 10
893.7291
 20
232.444
 30
0.0
 90
        0
305
}
303
}
301
}
340
2A67
 90
   329376
170
     1
 91
        0
341
14
171
    -2
290
     1
291
     1
 41
0.36
 42
0.0
172
     2
343

173
     1
 95
        1
174
     1
175
     0
 92
        0
292
     0
 93
        0
 10
1.0
 20
1.0
 30
1.0
 43
0.0
176
     0
293
     0
 94
        0
294
     0
178
     0
179
     1
 45
48.0
271
     0
272
     0
273
     0
1001
ACAD_MLEADERVER
1070
     2
  0
MULTILEADER
  5
5D2D
330
1F
100
AcDbEntity
 67
     0
  8
Mleader @ 48
  6
Continuous
 62
   256
 92
     1168
310
90040000210000000C00000010000000330000000C00000016000000000000C00C00000013000000112700003C000000060000000200000068C84500CF948B4080147395B2C46640000000000000000060A59257BD158C4080147395B2C4664000000000000000000C00000013000000010000000C00000014000000010000
310
005400000007000000030000007B21E896BB438B40805E94FD193E654000000000000000007A9717DA3D088B40A0F4D6B3EC94644000000000000000001D2DE9CBCC328B40977300722282654000000000000000000C00000013000000891300003C00000006000000020000004CA76831443B8B400C69CA371E6065400000
310
00000000000068C84500CF948B4080147395B2C4664000000000000000000C000000130000009A3A00000C00000016000000000000C00C00000012000000FF7F00000C00000017000000FFFFFFFF0C00000016000000000000C00C000000130000009C3A0000880000001D0000000000000000004840000000000000000000
310
0000000000000057A59257BD758C4000000000000000000000000000004840000000000000000071147395B2C466400000000000000000000000000000000000000000000048400000000000000000000000000000000000000000000000000000000000000000000000000000F03F0C00000016000000050000C30C000000
310
17000000FDFFFFFF0C00000014000000020000004000000002000000000000000000183D000000000000043D0000000000000000000000000000D03F00000000000000000000000000000000000000000000F03F0C00000014000000010000000C00000016000000050000C30C00000017000000FDFFFFFF54000000200000
310
0002000000800200000000D03F000000000000043D000000000000000000FDFFFFFFFFCFBF000000000000043D000000000000000000000000000000000000000000000000000000000000F03F0C00000016000000050000C30C00000017000000FDFFFFFF0C00000016000000050000C30C00000017000000FDFFFFFF0800
310
00001F0000000C000000130000009D3A0000B80000002600000060A59257BD6F8C4075147395B2E46640000000000000000000000000000000000000000000000000000000000000F03F000000000000F03F000000000000000000000000000000003100000001000000010000000000000000001240000000000000F03F00
310
00000000000000000000000000F03F000000000000000000000000000000000000000000000000000000000100000000000000000000007400780074002E007300680078000000000000000C000000130000009E3A0000C00000002600000060A59257BD368C4080147395B2D4654000000000000000000000000000000000
310
0000000000000000000000000000F03F000000000000F03F0000000000000000000000000000000041002D00300035000000000004000000010000000000000000001240000000000000F03F0000000000000000000000000000F03F0000000000000000000000000000000000000000000000000000000001000000000000
310
00000000007400780074002E00730068007800000000000000
 60
     0
 48
1.0
370
    -1
100
AcDbMLeader
300
CONTEXT_DATA{
 40
48.0
 10
898.7175
 20
182.1468
 30
0.0
 41
3.0
140
9.0
145
4.32
174
     0
175
     0
176
     0
177
     1
290
     0
304
1
 11
0.0
 21
0.0
 31
0.0
340
3CC
 12
0.0
 22
0.0
 32
0.0
 13
0.0
 23
0.0
 33
0.0
 42
0.0
 43
0.0
 45
0.0
170
     0
 90
        0
171
     0
172
     0
 91
        0
141
0.0
 92
        0
291
     0
292
     0
173
     0
293
     0
142
0.0
143
0.0
294
     0
144
0.0
295
     0
296
     1
 14
0.0
 24
0.0
 34
1.0
 15
910.7175
 25
182.1468
 35
0.0
 16
48.0
 26
48.0
 36
48.0
 46
0.0
 93
        0
110
911.8811
120
182.1468
130
0.0
111
1.0
121
0.0
131
0.0
112
0.0
122
1.0
132
0.0
297
     0
302
LEADER{
290
     1
291
     1
 10
882.6011
 20
182.1468
 30
0.0
 11
1.0
 21
0.0
 31
0.0
 90
        0
 40
16.1164
304
LEADER_LINE{
 10
865.0302
 20
164.6539
 30
0.0
 90
        0
305
}
303
}
301
}
340
3234
 90
  6882976
170
     1
 91
        0
341
14
171
    -2
290
     1
291
     1
 41
0.36
342
3235
 42
0.0
172
     1
343

173
     1
 95
        1
174
     1
175
     0
 92
        0
292
     0
 93
        0
 10
1.0
 20
1.0
 30
1.0
 43
0.0
176
     0
293
     0
 94
        0
330

177
     1
 44
0.0
302
1
330

177
     2
 44
0.0
302
A-05
294
     0
178
     0
179
     1
 45
48.0
271
     0
272
     0
273
     0
1001
ACAD_MLEADERVER
1070
     2
  0
MTEXT
  5
5D32
330
1F
100
AcDbEntity
 67
     0
  8
Mleader @ 48
  6
Continuous
 62
   256
 60
     0
 48
1.0
370
    -1
100
AcDbMText
 10
906.1207
 20
199.0304
 30
0.0
210
0.0
220
0.0
230
1.0
 40
3.0
 41
14.9216
 50
0.0
 71
     1
 72
     5
  1
SEE
  7
ROMANS
 11
1.0
 21
0.0
 31
0.0
 42
8.7071
 73
     1
 44
1.0
 90
        0
 75
     0
 78
     0
 79
     0
 48
0.0
 49
0.0
1001
AcadAnnotative
1000
AnnotativeData
1002
{
1070
     1
1070
     0
1002
}
  0
DIMENSION
  5
6008
330
1F
100
AcDbEntity
 67
     0
  8
Dim @ 48
  6
Continuous
 62
   256
 60
     0
 48
1.0
370
    -1
100
AcDbDimension
  2
*D40
 10
971.6351
 20
98.6885
 30
0.0
 11
971.6351
 21
171.6885
 31
0.0
 70
     0
  1

 71
     5
 72
     1
 41
1.0
 42
146.0
 53
0.0
 51
0.0
210
0.0
220
0.0
230
1.0
  3
ROMANS-beside
100
AcDbAlignedDimension
 13
952.6982
 23
244.6885
 33
0.0
 14
951.7371
 24
98.6885
 34
0.0
 50
90.0
100
AcDbRotatedDimension
1001
AcadAnnotative
1000
AnnotativeData
1002
{
1070
     1
1070
     0
1002
}
1001
ACAD
1000
DSTYLE
1002
{
1070
    40
1040
48.0
1070
   147
1040
0.0625
1070
   141
1040
0.0625
1070
    42
1040
0.0938
1070
    44
1040
0.0938
1070
    41
1040
0.0938
1070
   140
1040
0.0781
1070
   279
1070
     0
1070
   289
1070
     0
1070
   174
1070
     0
1070
   175
1070
     0
1070
   172
1070
     0
1002
}
  0
MULTILEADER
  5
65CD
330
1F
100
AcDbEntity
 67
     0
  8
Mleader @ 4
  6
Continuous
 62
   256
 92
      816
310
30030000110000000C00000010000000350000000C00000016000000000000C00C00000013000000112700003C0000000600000002000000DA68CB17A81F85409275901AE82C82400000000000000000C6BA83362D2B85409275901AE82C824000000000000000000C00000013000000010000000C00000014000000010000
310
0054000000070000000300000003484D25D1E58440C7EC2B1EA7F1814000000000000000002EDCA602DEE08440E6E86B051EEE814000000000000000000FE0661B67E48440BB54122811F3814000000000000000000C00000013000000891300003C000000060000000200000009145A201CE58440C1201F235CF281400000
310
000000000000DA68CB17A81F85409275901AE82C824000000000000000000C000000130000009A3A00000C00000016000000000000C00C00000012000000FF7F00000C00000017000000FFFFFFFF0C00000016000000000000C00C00000013000000993A0000EC0000002600000024FBEF60BA2D8540E7CAE56F3D2C824000
310
0000000000000000000000000000000000000000000000000000000000F03F000000000000F03F0000000000000000000000000000000053002E0053002E00200042004F004C005400200041004E0044002000410043004F0052004E0020004E005500540000001700000001000000000000000000D03F666666666666F23F
310
0000000000000000000000000000F03F0000000000000000000000000000000000000000000000000000000001000000000000000000000072006F006D0061006E0073002E007300680078000000780000000000E0000000260000001A5F2F579E2D85400C1478948628824000000000000000000000000000000000000000
310
0000000000000000000000F03F000000000000F03F0000000000000000000000000000000028004E0055005400200054004F0020004F005500540053004900440045002900000000001000000001000000000000000000D03F666666666666F23F0000000000000000000000000000F03F0000000000000000000000000000
310
000000000000000000000000000001000000000000000000000072006F006D0061006E0073002E007300680078000000730000000000
 60
     0
 48
1.0
370
    -1
100
AcDbMLeader
300
CONTEXT_DATA{
 40
4.0
 10
677.3971
 20
581.6133
 30
0.0
 41
0.25
140
0.75
145
0.36
174
     0
175
     0
176
     0
177
     1
290
     1
304
{\W1.15;\C256;S.S. BOLT AND ACORN NUT\P(NUT TO OUTSIDE)}
 11
0.0
 21
0.0
 31
1.0
340
3CC
 12
677.7571
 22
581.78
 32
0.0
 13
1.0
 23
0.0
 33
0.0
 42
0.0
 43
6.3107
 44
0.7915
 45
1.0
170
     1
 90
      256
171
     1
172
     5
 91
      256
141
0.0
 92
 16575494
291
     0
292
     0
173
     0
293
     0
142
0.0
143
0.0
294
     0
144
0.0
295
     0
296
     0
 46
0.0
 93
        0
110
677.7571
120
581.78
130
0.0
111
1.0
121
0.0
131
0.0
112
0.0
122
1.0
132
0.0
297
     0
302
LEADER{
290
     1
291
     1
 10
675.9571
 20
581.6133
 30
0.0
 11
1.0
 21
0.0
 31
0.0
 90
        0
 40
1.44
304
LEADER_LINE{
 10
668.1084
 20
573.7647
 30
0.0
 90
        0
305
}
303
}
301
}
340
2A67
 90
   329376
170
     1
 91
        0
341
14
171
    -2
290
     1
291
     1
 41
0.36
 42
0.0
172
     2
343

173
     1
 95
        1
174
     1
175
     0
 92
        0
292
     0
 93
        0
 10
1.0
 20
1.0
 30
1.0
 43
0.0
176
     0
293
     0
 94
        0
294
     0
178
     0
179
     1
 45
4.0
271
     0
272
     0
273
     0
1001
ACAD_MLEADERVER
1070
     2
  0
MULTILEADER
  5
65D7
330
1F
100
AcDbEntity
 67
     0
  8
Mleader @ 4
  6
Continuous
 62
   256
 92
     1380
310
64050000140000000C00000010000000350000000C00000016000000000000C00C00000013000000112700003C00000006000000020000004DAA88CE851B8540C31C3CCFDB188240000000000000000039FC40ED0A278540C31C3CCFDB18824000000000000000000C00000013000000010000000C00000014000000010000
310
005400000007000000030000001BBE623801F284409DC82F2FEDED814000000000000000004652BC150EED8440BCC46F1664EA8140000000000000000027567C2E97F084409130163957EF814000000000000000000C00000013000000891300003C0000000600000002000000218A6F334CF1844097FC2234A2EE81400000
310
0000000000004DAA88CE851B8540C31C3CCFDB18824000000000000000000C000000130000009A3A00000C00000016000000000000C00C00000012000000FF7F00000C00000017000000FFFFFFFF0C00000016000000000000C00C00000013000000993A0000C400000026000000973CAD1798298540C31C3CCFDB16824000
310
0000000000000000000000000000000000000000000000000000000000F03F000000000000F03F0000000000000000000000000000000034007800000000000200000001000000000000000000D03F666666666666F23F0000000000000000000000000000F03F000000000000000000000000000000000000000000000000
310
0000000001000000000000000000000072006F006D0061006E0073002E007300680078000000000000000000C40000002600000000CA8380A52D8540C31C3CCFDB168240000000000000000000000000000000000000000000000000000000000000F03F000000000000F03F00000000000000000000000000000000330038
310
00000000000200000001000000B537F8C264AACE3F666666666666F23F0000000000000000000000000000F03F0000000000000000000000000000000000000000000000000000000001000000000000000000000072006F006D0061006E0073002E007300680078000000000000000000C000000026000000387B1E42D831
310
8540C31C3CCFDB168240000000000000000000000000000000000000000000000000000000000000F03F000000000000F03F000000000000000000000000000000007800000001000000010000005E99A6BEE2FFCF3F666666666666F23F0000000000000000000000000000F03F0000000000000000000000000000000000
310
000000000000000000000001000000000000000000000072006F006D0061006E0073002E007300680078000000000000000000DC000000260000003A1435E6B4338540C31C3CCFDB168240000000000000000000000000000000000000000000000000000000000000F03F000000000000F03F000000000000000000000000
310
0000000033003800200050004C004100540045002D00570045004C0044004500440000000F00000001000000151EEDB948AACE3F666666666666F23F0000000000000000000000000000F03F0000000000000000000000000000000000000000000000000000000001000000000000000000000072006F006D0061006E0073
310
002E007300680078000000780000007300DC0000002600000054F69656D12985405047AE603E138240000000000000000000000000000000000000000000000000000000000000F03F000000000000F03F0000000000000000000000000000000054004F00200050004F0053005400200028005000410049004E0054002900
310
00000F00000001000000151EEDB948AACE3F666666666666F23F0000000000000000000000000000F03F0000000000000000000000000000000000000000000000000000000001000000000000000000000072006F006D0061006E0073002E0073006800780000006C0000006C00
 60
     0
 48
1.0
370
    -1
100
AcDbMLeader
300
CONTEXT_DATA{
 40
4.0
 10
676.8803
 20
579.1073
 30
0.0
 41
0.25
140
0.75
145
0.36
174
     0
175
     0
176
     0
177
     1
290
     1
304
{\W1.15;4x\H0.9583x;38\H1.0435x;x\H0.9583x;38 PLATE-WELDED\PTO POST (PAINT)}
 11
0.0
 21
0.0
 31
1.0
340
3CC
 12
677.2403
 22
579.1073
 32
0.0
 13
1.0
 23
0.0
 33
0.0
 42
0.0
 43
5.6343
 44
1.3382
 45
1.0
170
     1
 90
      256
171
     1
172
     5
 91
      256
141
0.0
 92
 16575494
291
     0
292
     0
173
     0
293
     0
142
0.0
143
0.0
294
     0
144
0.0
295
     0
296
     0
 46
0.0
 93
        0
110
677.2403
120
579.2723
130
0.0
111
1.0
121
0.0
131
0.0
112
0.0
122
1.0
132
0.0
297
     0
302
LEADER{
290
     1
291
     1
 10
675.4403
 20
579.1073
 30
0.0
 11
1.0
 21
0.0
 31
0.0
 90
        0
 40
1.44
304
LEADER_LINE{
 10
669.6319
 20
573.2989
 30
0.0
 90
        0
305
}
303
}
301
}
340
2A67
 90
   329376
170
     1
 91
        0
341
14
171
    -2
290
     1
291
     1
 41
0.36
 42
0.0
172
     2
343

173
     1
 95
        1
174
     1
175
     0
 92
        0
292
     0
 93
        0
 10
1.0
 20
1.0
 30
1.0
 43
0.0
176
     0
293
     0
 94
        0
294
     0
178
     0
179
     1
 45
4.0
271
     0
272
     0
273
     0
1001
ACAD_MLEADERVER
1070
     2
  0
MULTILEADER
  5
65DF
330
1F
100
AcDbEntity
 67
     0
  8
Mleader @ 4
  6
Continuous
 62
   256
 92
      848
310
50030000110000000C00000010000000350000000C00000016000000000000C00C00000013000000112700003C000000060000000200000015EDA1163335854031FE73081CE081400000000000000000013F5A35B840854031FE73081CE0814000000000000000000C00000013000000010000000C00000014000000010000
310
00540000000700000003000000FCFDF7B2B50E854024A7E39A34B88140000000000000000027925190C209854043A32382ABB481400000000000000000089611A94B0D8540180FCAA49EB9814000000000000000000C00000013000000891300003C000000060000000200000002CA04AE000E85401EDBD69FE9B881400000
310
00000000000015EDA1163335854031FE73081CE0814000000000000000000C000000130000009A3A00000C00000016000000000000C00C00000012000000FF7F00000C00000017000000FFFFFFFF0C00000016000000000000C00C00000013000000993A0000F0000000260000005F7FC65F45438540A1009B781EDF814000
310
0000000000000000000000000000000000000000000000000000000000F03F000000000000F03F0000000000000000000000000000000039002E003500D800200053002E0053002E0020004300410042004C004500200043002F005700200053002E0053002E00000000001800000001000000000000000000D03F66666666
310
6666F23F0000000000000000000000000000F03F0000000000000000000000000000000000000000000000000000000001000000000000000000000072006F006D0061006E0073002E007300680078000000000000000000FC000000260000005F7FC65F45438540897A396098DB8140000000000000000000000000000000
310
000000000000000000000000000000F03F000000000000F03F000000000000000000000000000000004300520049004D005000450044002D004F004E0020005300540055004400200045004E00440020002600200053002E0053002E0020004E0055005400000047001E00000001000000000000000000D03F666666666666
310
F23F0000000000000000000000000000F03F0000000000000000000000000000000000000000000000000000000001000000000000000000000072006F006D0061006E0073002E007300680078000000780000000000
 60
     0
 48
1.0
370
    -1
100
AcDbMLeader
300
CONTEXT_DATA{
 40
4.0
 10
680.0899
 20
572.0137
 30
0.0
 41
0.25
140
0.75
145
0.36
174
     0
175
     0
176
     0
177
     1
290
     1
304
\A1;{\W1.15;\C256;9.5%%C S.S. CABLE C/W S.S.\PCRIMPED-ON STUD END & S.S. NUT}
 11
0.0
 21
0.0
 31
1.0
340
3CC
 12
680.4499
 22
572.1637
 32
0.0
 13
1.0
 23
0.0
 33
0.0
 42
0.0
 43
8.7567
 44
1.3061
 45
1.0
170
     1
 90
      256
171
     1
172
     5
 91
      256
141
0.0
 92
 16575494
291
     0
292
     0
173
     0
293
     0
142
0.0
143
0.0
294
     0
144
0.0
295
     0
296
     0
 46
0.0
 93
        0
110
680.4499
120
572.1637
130
0.0
111
1.0
121
0.0
131
0.0
112
0.0
122
1.0
132
0.0
297
     0
302
LEADER{
290
     1
291
     1
 10
678.6499
 20
572.0137
 30
0.0
 11
1.0
 21
0.0
 31
0.0
 90
        0
 40
1.44
304
LEADER_LINE{
 10
673.22
 20
566.5837
 30
0.0
 90
        0
305
}
303
}
301
}
340
2A67
 90
   329376
170
     1
 91
        0
341
14
171
    -2
290
     1
291
     1
 41
0.36
 42
0.0
172
     2
343

173
     1
 95
        1
174
     1
175
     0
 92
        0
292
     0
 93
        0
 10
1.0
 20
1.0
 30
1.0
 43
0.0
176
     0
293
     0
 94
        0
294
     0
178
     0
179
     1
 45
4.0
271
     0
272
     0
273
     0
1001
ACAD_MLEADERVER
1070
     2
  0
MULTILEADER
  5
9574
330
1F
100
AcDbEntity
 67
     0
  8
Mleader @ 48
  6
Continuous
 62
   256
 92
      800
310
20030000110000000C00000010000000330000000C00000016000000000000C00C00000013000000112700003C0000000600000002000000E074EC3ED37C3140400BB0048AF7724000000000000000000037891BCA0B0C40400BB0048AF7724000000000000000000C00000013000000010000000C00000014000000010000
310
00540000000700000003000000E0BDB43FEABD3B40400BB0048A0F73400000000000000000F05EDA1FF55E4240400BB0048AF772400000000000000000E0BDB43FEABD3B40400BB0048ADF724000000000000000000C00000013000000891300003C0000000600000002000000E0BDB43FEABD3B40400BB0048AF772400000
310
000000000000E074EC3ED37C3140400BB0048AF7724000000000000000000C000000130000009A3A00000C00000016000000000000C00C00000012000000FF7F00000C00000017000000FFFFFFFF0C00000016000000000000C00C00000013000000993A0000DC00000026000000DD116945821A4BC00DD87CD156E4724000
310
0000000000000000000000000000000000000000000000000000000000F03F000000000000F03F000000000000000000000000000000004F005500540053004900440045002000460041004300450020004F00460000000F000000010000000000000000000840666666666666F23F0000000000000000000000000000F03F
310
0000000000000000000000000000000000000000000000000000000001000000000000000000000072006F006D0061006E0073002E0073006800780000006C0000006C00E000000026000000DD116945821A4BC00DD87CD156947240000000000000000000000000000000000000000000000000000000000000F03F000000
310
000000F03F000000000000000000000000000000004700520041004400450020004200450041004D002000420045004C004F0057000000000010000000010000000000000000000840666666666666F23F0000000000000000000000000000F03F000000000000000000000000000000000000000000000000000000000100
310
0000000000000000000072006F006D0061006E0073002E007300680078000000730000000000
 60
     0
 48
1.0
370
    -1
100
AcDbMLeader
300
CONTEXT_DATA{
 40
48.0
 10
-58.0342
 20
303.4712
 30
0.0
 41
3.0
140
9.0
145
4.32
174
     0
175
     0
176
     0
177
     1
290
     1
304
\A1;{\W1.15;OUTSIDE FACE OF\PGRADE BEAM BELOW}
 11
0.0
 21
0.0
 31
1.0
340
3CC
 12
-53.7142
 22
305.2712
 32
0.0
 13
1.0
 23
0.0
 33
0.0
 42
0.0
 43
55.3423
 44
8.9103
 45
1.0
170
     1
 90
      256
171
     1
172
     5
 91
      256
141
0.0
 92
 16575494
291
     0
292
     0
173
     0
293
     0
142
0.0
143
0.0
294
     0
144
0.0
295
     0
296
     0
 46
0.0
 93
        0
110
-32.4932
120
305.2712
130
0.0
111
1.0
121
0.0
131
0.0
112
0.0
122
1.0
132
0.0
297
     0
302
LEADER{
290
     1
291
     1
 10
17.4876
 20
303.4712
 30
0.0
 11
-1.0
 21
0.0
 31
0.0
 90
        0
 40
13.9818
304
LEADER_LINE{
 10
36.7419
 20
303.4712
 30
0.0
 90
        0
305
}
303
}
301
}
340
2A67
 90
   329376
170
     1
 91
        0
341
14
171
    -2
290
     1
291
     1
 41
0.36
 42
0.0
172
     2
343

173
     1
 95
        1
174
     1
175
     0
 92
        0
292
     0
 93
        0
 10
1.0
 20
1.0
 30
1.0
 43
0.0
176
     0
293
     0
 94
        0
294
     0
178
     0
179
     1
 45
48.0
271
     0
272
     0
273
     0
1001
ACAD_MLEADERVER
1070
     2
  0
MULTILEADER
  5
9579
330
1F
100
AcDbEntity
 67
     0
  8
Mleader @ 48
  6
Continuous
 62
   256
 92
      800
310
20030000110000000C00000010000000330000000C00000016000000000000C00C00000013000000112700003C0000000600000002000000DCA00F28E07F64404E0BB0048AF7724000000000000000009C0A7F674B3F66404E0BB0048AF7724000000000000000000C00000013000000010000000C00000014000000010000
310
00540000000700000003000000BC97F647BD3763404E0BB0048ADF72400000000000000000BC97F647BD1762404E0BB0048AF772400000000000000000BC97F647BD3763404E0BB0048A0F734000000000000000000C00000013000000891300003C0000000600000002000000BC97F647BD3763404E0BB0048AF772400000
310
000000000000DCA00F28E07F64404E0BB0048AF7724000000000000000000C000000130000009A3A00000C00000016000000000000C00C00000012000000FF7F00000C00000017000000FFFFFFFF0C00000016000000000000C00C00000013000000993A0000DC000000260000002A1CCB5BC3B966401BD87CD156E4724000
310
0000000000000000000000000000000000000000000000000000000000F03F000000000000F03F000000000000000000000000000000004F005500540053004900440045002000460041004300450020004F00460000000F000000010000000000000000000840666666666666F23F0000000000000000000000000000F03F
310
0000000000000000000000000000000000000000000000000000000001000000000000000000000072006F006D0061006E0073002E007300680078000000780000007300E0000000260000002A1CCB5BC3B966401BD87CD156947240000000000000000000000000000000000000000000000000000000000000F03F000000
310
000000F03F000000000000000000000000000000004700520041004400450020004200450041004D002000420045004C004F0057000000000010000000010000000000000000000840666666666666F23F0000000000000000000000000000F03F000000000000000000000000000000000000000000000000000000000100
310
0000000000000000000072006F006D0061006E0073002E0073006800780000006C0000000000
 60
     0
 48
1.0
370
    -1
100
AcDbMLeader
300
CONTEXT_DATA{
 40
48.0
 10
239.518
 20
303.4712
 30
0.0
 41
3.0
140
9.0
145
4.32
174
     0
175
     0
176
     0
177
     1
290
     1
304
\A1;{\W1.15;OUTSIDE FACE OF\PGRADE BEAM BELOW}
 11
0.0
 21
0.0
 31
1.0
340
3CC
 12
182.298
 22
305.2712
 32
0.0
 13
1.0
 23
0.0
 33
0.0
 42
0.0
 43
55.3423
 44
8.9103
 45
1.0
170
     1
 90
      256
171
     1
172
     5
 91
      256
141
0.0
 92
 16575494
291
     0
292
     0
173
     0
293
     0
142
0.0
143
0.0
294
     0
144
0.0
295
     0
296
     0
 46
0.0
 93
        0
110
213.9769
120
305.2712
130
0.0
111
-1.0
121
0.0
131
0.0
112
0.0
122
1.0
132
0.0
297
     1
302
LEADER{
290
     1
291
     1
 10
163.9961
 20
303.4712
 30
0.0
 11
1.0
 21
0.0
 31
0.0
 90
        0
 40
13.9818
304
LEADER_LINE{
 10
144.7419
 20
303.4712
 30
0.0
 90
        0
305
}
303
}
301
}
340
2A67
 90
   329376
170
     1
 91
        0
341
14
171
    -2
290
     1
291
     1
 41
0.36
 42
0.0
172
     2
343

173
     1
 95
        1
174
     1
175
     0
 92
        0
292
     0
 93
        0
 10
1.0
 20
1.0
 30
1.0
 43
0.0
176
     0
293
     0
 94
        0
294
     1
178
     0
179
     1
 45
48.0
271
     0
272
     0
273
     0
1001
ACAD_MLEADERVER
1070
     2
  0
MULTILEADER
  5
957E
330
1F
100
AcDbEntity
 67
     0
  8
Mleader @ 48
  6
Continuous
 62
   256
 92
      556
310
2C020000100000000C00000010000000330000000C00000016000000000000C00C00000013000000112700003C0000000600000002000000E074EC3ED37C3340760FD75608E46C400000000000000000809BC40DE5051640760FD75608E46C4000000000000000000C00000013000000010000000C00000014000000010000
310
00540000000700000003000000E0BDB43FEABD3D40760FD75608146D400000000000000000F05EDA1FF55E4340760FD75608E46C400000000000000000E0BDB43FEABD3D40760FD75608B46C4000000000000000000C00000013000000891300003C0000000600000002000000E0BDB43FEABD3D40760FD75608E46C400000
310
000000000000E074EC3ED37C3340760FD75608E46C4000000000000000000C000000130000009A3A00000C00000016000000000000C00C00000012000000FF7F00000C00000017000000FFFFFFFF0C00000016000000000000C00C00000013000000993A0000C800000026000000B8647857263E28C010A970F0A1BD6C4000
310
0000000000000000000000000000000000000000000000000000000000F03F000000000000F03F0000000000000000000000000000000057003200350030000000000004000000010000000000000000000840666666666666F23F0000000000000000000000000000F03F0000000000000000000000000000000000000000
310
000000000000000001000000000000000000000072006F006D0061006E0073002E007300680078000000000000000000
 60
     0
 48
1.0
370
    -1
100
AcDbMLeader
300
CONTEXT_DATA{
 40
48.0
 10
-16.1128
 20
231.126
 30
0.0
 41
3.0
140
9.0
145
4.32
174
     0
175
     0
176
     0
177
     1
290
     1
304
\A1;{\W1.15;W250}
 11
0.0
 21
0.0
 31
1.0
340
3CC
 12
-11.7928
 22
232.926
 32
0.0
 13
1.0
 23
0.0
 33
0.0
 42
0.0
 43
55.3423
 44
8.9103
 45
1.0
170
     1
 90
      256
171
     1
172
     5
 91
      256
141
0.0
 92
 16575494
291
     0
292
     0
173
     0
293
     0
142
0.0
143
0.0
294
     0
144
0.0
295
     0
296
     0
 46
0.0
 93
        0
110
-30.4932
120
232.926
130
0.0
111
1.0
121
0.0
131
0.0
112
0.0
122
1.0
132
0.0
297
     0
302
LEADER{
290
     1
291
     1
 10
19.4876
 20
231.126
 30
0.0
 11
-1.0
 21
0.0
 31
0.0
 90
        0
 40
13.9818
304
LEADER_LINE{
 10
38.7419
 20
231.126
 30
0.0
 90
        0
305
}
303
}
301
}
340
2A67
 90
   329376
170
     1
 91
        0
341
14
171
    -2
290
     1
291
     1
 41
0.36
 42
0.0
172
     2
343

173
     1
 95
        1
174
     1
175
     0
 92
        0
292
     0
 93
        0
 10
1.0
 20
1.0
 30
1.0
 43
0.0
176
     0
293
     0
 94
        0
294
     0
178
     0
179
     1
 45
48.0
271
     0
272
     0
273
     0
1001
ACAD_MLEADERVER
1070
     2
  0
MULTILEADER
  5
9583
330
1F
100
AcDbEntity
 67
     0
  8
Mleader @ 48
  6
Continuous
 62
   256
 92
      556
310
2C020000100000000C00000010000000330000000C00000016000000000000C00C00000013000000112700003C00000006000000020000000B316C159FDC6440584326FF58046A400000000000000000348DFBD794056740584326FF58046A4000000000000000000C00000013000000010000000C00000014000000010000
310
005400000007000000030000003ED66EE3B4386440905D951A53FF6A400000000000000000BC97F647BDEF6340460ED756081A6C4000000000000000009C3CA09473906440CB58F06B45266B4000000000000000000C00000013000000891300003C00000006000000020000006D89073C946464402EDB4243CC126B400000
310
0000000000000B316C159FDC6440584326FF58046A4000000000000000000C000000130000009A3A00000C00000016000000000000C00C00000012000000FF7F00000C00000017000000FFFFFFFF0C00000016000000000000C00C00000013000000993A0000C80000002600000096E064A04E856740584326FF58A4694000
310
0000000000000000000000000000000000000000000000000000000000F03F000000000000F03F0000000000000000000000000000000057003400310030000000000004000000010000000000000000000840626666666666F23F0000000000000000000000000000F03F0000000000000000000000000000000000000000
310
000000000000000001000000000000000000000072006F006D0061006E0073002E007300680078000000000000000000
 60
     0
 48
1.0
370
    -1
100
AcDbMLeader
300
CONTEXT_DATA{
 40
48.0
 10
184.1744
 20
208.1359
 30
0.0
 41
3.0
140
9.0
145
4.32
174
     0
175
     0
176
     0
177
     1
290
     1
304
W410
 11
0.0
 21
0.0
 31
1.0
340
3CC
 12
188.4944
 22
208.1359
 32
0.0
 13
1.0
 23
0.0
 33
0.0
 42
0.0
 43
30.4981
 44
13.6639
 45
1.0
170
     1
 90
      256
171
     1
172
     5
 91
      256
141
0.0
 92
 16575494
291
     0
292
     0
173
     0
293
     0
142
0.0
143
0.0
294
     0
144
0.0
295
     0
296
     0
 46
0.0
 93
        0
110
187.8914
120
202.355
130
0.0
111
1.0
121
0.0
131
0.0
112
0.0
122
1.0
132
0.0
297
     0
302
LEADER{
290
     1
291
     1
 10
166.8944
 20
208.1359
 30
0.0
 11
1.0
 21
0.0
 31
0.0
 90
        0
 40
17.28
304
LEADER_LINE{
 10
159.4919
 20
224.8135
 30
0.0
 90
        0
305
}
303
}
301
}
340
2A67
 90
   345760
170
     1
 91
        0
341
14
171
    -2
290
     1
291
     1
 41
0.36
 42
0.0
172
     2
343

173
     1
 95
        1
174
     1
175
     0
 92
        0
292
     0
 93
        0
 10
1.0
 20
1.0
 30
1.0
 43
0.0
176
     0
293
     0
 94
        0
294
     0
178
     0
179
     1
 45
48.0
271
     0
272
     0
273
     0
1001
ACAD_MLEADERVER
1070
     2
  0
MULTILEADER
  5
9589
330
1F
100
AcDbEntity
 67
     0
  8
Mleader @ 48
  6
Continuous
 62
   256
 92
      556
310
2C020000100000000C00000010000000330000000C00000016000000000000C00C00000013000000112700003C0000000600000002000000BCABB4D43C353240AEA67816251366400000000000000000804E3907D8B1ED3FAEA678162513664000000000000000000C00000013000000010000000C00000014000000010000
310
005400000007000000030000003224E68A03B14040227FB6FAA1E264400000000000000000F07CD6160BD7434016B96027580F6440000000000000000046EF9F53F5943F40E235ACA5DB95644000000000000000000C00000013000000891300003C0000000600000002000000EA0D5B1ABF3D4040825A31D03EBC64400000
310
000000000000BCABB4D43C353240AEA678162513664000000000000000000C000000130000009A3A00000C00000016000000000000C00C00000012000000FF7F00000C00000017000000FFFFFFFF0C00000016000000000000C00C00000013000000993A0000C800000026000000E26235CCD13430C0AEA6781625B3654000
310
0000000000000000000000000000000000000000000000000000000000F03F000000000000F03F0000000000000000000000000000000043003200350030000000000004000000010000000000000000000840626666666666F23F0000000000000000000000000000F03F0000000000000000000000000000000000000000
310
000000000000000001000000000000000000000072006F006D0061006E0073002E007300680078000000000000000000
 60
     0
 48
1.0
370
    -1
100
AcDbMLeader
300
CONTEXT_DATA{
 40
48.0
 10
-20.0335
 20
176.5983
 30
0.0
 41
3.0
140
9.0
145
4.32
174
     0
175
     0
176
     2
177
     1
290
     1
304
C250
 11
0.0
 21
0.0
 31
1.0
340
3CC
 12
-3.392
 22
176.5983
 32
0.0
 13
1.0
 23
0.0
 33
0.0
 42
0.0
 43
26.0573
 44
8.8209
 45
1.0
170
     1
 90
      256
171
     3
172
     5
 91
      256
141
0.0
 92
 16575494
291
     0
292
     0
173
     0
293
     0
142
0.0
143
0.0
294
     0
144
0.0
295
     0
296
     0
 46
0.0
 93
        0
110
-15.7135
120
178.3983
130
0.0
111
1.0
121
0.0
131
0.0
112
0.0
122
1.0
132
0.0
297
     0
302
LEADER{
290
     1
291
     1
 10
18.208
 20
176.5983
 30
0.0
 11
-1.0
 21
0.0
 31
0.0
 90
        0
 40
17.28
304
LEADER_LINE{
 10
39.68
 20
160.4795
 30
0.0
 90
        0
305
}
303
}
301
}
340
2A67
 90
   345760
170
     1
 91
        0
341
14
171
    -2
290
     1
291
     1
 41
0.36
 42
0.0
172
     2
343

173
     1
 95
        1
174
     1
175
     2
 92
        0
292
     0
 93
        0
 10
1.0
 20
1.0
 30
1.0
 43
0.0
176
     0
293
     0
 94
        0
294
     0
178
     0
179
     1
 45
48.0
271
     0
272
     0
273
     0
1001
ACAD_MLEADERVER
1070
     2
  0
MULTILEADER
  5
9719
330
1F
100
AcDbEntity
 67
     0
  8
Mleader @ 48
  6
Continuous
 62
   256
 92
      556
310
2C020000100000000C00000010000000330000000C00000016000000000000C00C00000013000000112700003C00000006000000020000005F650FA36EB76440398E38000F0D6640000000000000000088C19E6564E06640398E38000F0D664000000000000000000C00000013000000010000000C00000014000000010000
310
0054000000070000000300000030C86B494EA76340567361CB0CB9644000000000000000003C9037CAB7B9624016B96027580F644000000000000000007C4A386E6C6363400AF194A6EEFC644000000000000000000C00000013000000891300003C00000006000000020000005609D25B5D8563403032FBB8FDDA64400000
310
0000000000005F650FA36EB76440398E38000F0D664000000000000000000C000000130000009A3A00000C00000016000000000000C00C00000012000000FF7F00000C00000017000000FFFFFFFF0C00000016000000000000C00C00000013000000993A0000C80000002600000016D3EA59DC5A6740D327D299A8E6654000
310
0000000000000000000000000000000000000000000000000000000000F03F000000000000F03F0000000000000000000000000000000043003200350030000000000004000000010000000000000000000840626666666666F23F0000000000000000000000000000F03F0000000000000000000000000000000000000000
310
000000000000000001000000000000000000000072006F006D0061006E0073002E007300680078000000000000000000
 60
     0
 48
1.0
370
    -1
100
AcDbMLeader
300
CONTEXT_DATA{
 40
48.0
 10
183.0123
 20
176.4081
 30
0.0
 41
3.0
140
9.0
145
4.32
174
     0
175
     0
176
     0
177
     1
290
     1
304
C250
 11
0.0
 21
0.0
 31
1.0
340
3CC
 12
187.3323
 22
178.2081
 32
0.0
 13
1.0
 23
0.0
 33
0.0
 42
0.0
 43
31.6042
 44
9.6514
 45
1.0
170
     1
 90
      256
171
     1
172
     5
 91
      256
141
0.0
 92
 16575494
291
     0
292
     0
173
     0
293
     0
142
0.0
143
0.0
294
     0
144
0.0
295
     0
296
     0
 46
0.0
 93
        0
110
187.3323
120
178.2081
130
0.0
111
1.0
121
0.0
131
0.0
112
0.0
122
1.0
132
0.0
297
     0
302
LEADER{
290
     1
291
     1
 10
165.7323
 20
176.4081
 30
0.0
 11
1.0
 21
0.0
 31
0.0
 90
        0
 40
17.28
304
LEADER_LINE{
 10
149.8037
 20
160.4795
 30
0.0
 90
        0
305
}
303
}
301
}
340
2A67
 90
   329376
170
     1
 91
        0
341
14
171
    -2
290
     1
291
     1
 41
0.36
 42
0.0
172
     2
343

173
     1
 95
        1
174
     1
175
     0
 92
        0
292
     0
 93
        0
 10
1.0
 20
1.0
 30
1.0
 43
0.0
176
     0
293
     0
 94
        0
294
     0
178
     0
179
     1
 45
48.0
271
     0
272
     0
273
     0
1001
ACAD_MLEADERVER
1070
     2
  0
MULTILEADER
  5
9A10
330
1F
100
AcDbEntity
 67
     0
  8
Mleader @ 48
  6
Continuous
 62
   256
 92
      800
310
20030000110000000C00000010000000330000000C00000016000000000000C00C00000013000000112700003C00000006000000020000008221F732D9619440B82DC348A06B71400000000000000000BA0EE59AC6999440B82DC348A06B714000000000000000000C00000013000000010000000C00000014000000010000
310
005400000007000000030000005E00F4D6D4389440B82DC348A053714000000000000000005E00F4D6D4149440B82DC348A06B714000000000000000005E00F4D6D4389440B82DC348A083714000000000000000000C00000013000000891300003C00000006000000020000005E00F4D6D4389440B82DC348A06B71400000
310
0000000000008221F732D9619440B82DC348A06B714000000000000000000C000000130000009A3A00000C00000016000000000000C00C00000012000000FF7F00000C00000017000000FFFFFFFF0C00000016000000000000C00C00000013000000993A0000DC00000026000000EC906E9915A9944085FA8F156D58714000
310
0000000000000000000000000000000000000000000000000000000000F03F000000000000F03F000000000000000000000000000000004F005500540053004900440045002000460041004300450020004F00460000000F000000010000000000000000000840666666666666F23F0000000000000000000000000000F03F
310
0000000000000000000000000000000000000000000000000000000001000000000000000000000072006F006D0061006E0073002E007300680078000000780000006C00E000000026000000EC906E9915A9944085FA8F156D087140000000000000000000000000000000000000000000000000000000000000F03F000000
310
000000F03F000000000000000000000000000000004700520041004400450020004200450041004D002000420045004C004F0057000000000010000000010000000000000000000840666666666666F23F0000000000000000000000000000F03F000000000000000000000000000000000000000000000000000000000100
310
0000000000000000000072006F006D0061006E0073002E007300680078000000730000000000
 60
     0
 48
1.0
370
    -1
100
AcDbMLeader
300
CONTEXT_DATA{
 40
48.0
 10
1379.984
 20
278.7266
 30
0.0
 41
3.0
140
9.0
145
4.32
174
     0
175
     0
176
     0
177
     1
290
     1
304
\A1;{\W1.15;OUTSIDE FACE OF\PGRADE BEAM BELOW}
 11
0.0
 21
0.0
 31
1.0
340
3CC
 12
1322.764
 22
280.5266
 32
0.0
 13
1.0
 23
0.0
 33
0.0
 42
0.0
 43
55.3423
 44
8.9103
 45
1.0
170
     1
 90
      256
171
     1
172
     5
 91
      256
141
0.0
 92
 16575494
291
     0
292
     0
173
     0
293
     0
142
0.0
143
0.0
294
     0
144
0.0
295
     0
296
     0
 46
0.0
 93
        0
110
1354.4429
120
280.5266
130
0.0
111
-1.0
121
0.0
131
0.0
112
0.0
122
1.0
132
0.0
297
     1
302
LEADER{
290
     1
291
     1
 10
1304.4621
 20
278.7266
 30
0.0
 11
1.0
 21
0.0
 31
0.0
 90
        0
 40
13.9818
304
LEADER_LINE{
 10
1285.2079
 20
278.7266
 30
0.0
 90
        0
305
}
303
}
301
}
340
2A67
 90
   329376
170
     1
 91
        0
341
14
171
    -2
290
     1
291
     1
 41
0.36
 42
0.0
172
     2
343

173
     1
 95
        1
174
     1
175
     0
 92
        0
292
     0
 93
        0
 10
1.0
 20
1.0
 30
1.0
 43
0.0
176
     0
293
     0
 94
        0
294
     1
178
     0
179
     1
 45
48.0
271
     0
272
     0
273
     0
1001
ACAD_MLEADERVER
1070
     2
  0
MULTILEADER
  5
9A1B
330
1F
100
AcDbEntity
 67
     0
  8
Mleader @ 48
  6
Continuous
 62
   256
 92
      556
310
2C020000100000000C00000010000000330000000C00000016000000000000C00C00000013000000112700003C000000060000000200000054C2188B012192400D22CE3FB4ED64400000000000000000CFD6C6D2E2DB91400D22CE3FB4ED644000000000000000000C00000013000000010000000C00000014000000010000
310
00540000000700000003000000B0A5B3D1814B9240DE842AE693DD63400000000000000000F8BC3366B8609240EA4CF666FDEF62400000000000000000FA354D96054392402B07F70AB299634000000000000000000C00000013000000891300003C0000000600000002000000D56D00B44347924005C690F8A2BB63400000
310
00000000000054C2188B012192400D22CE3FB4ED644000000000000000000C000000130000009A3A00000C00000016000000000000C00C00000012000000FF7F00000C00000017000000FFFFFFFF0C00000016000000000000C00C00000013000000993A0000C800000026000000191A955059979140A7BB67D94DC7644000
310
0000000000000000000000000000000000000000000000000000000000F03F000000000000F03F0000000000000000000000000000000043003200350030000000000004000000010000000000000000000840626666666666F23F0000000000000000000000000000F03F0000000000000000000000000000000000000000
310
000000000000000001000000000000000000000072006F006D0061006E0073002E007300680078000000000000000000
 60
     0
 48
1.0
370
    -1
100
AcDbMLeader
300
CONTEXT_DATA{
 40
48.0
 10
1142.9715
 20
167.4283
 30
0.0
 41
3.0
140
9.0
145
4.32
174
     0
175
     0
176
     0
177
     1
290
     1
304
C250
 11
0.0
 21
0.0
 31
1.0
340
3CC
 12
1126.3301
 22
169.2283
 32
0.0
 13
1.0
 23
0.0
 33
0.0
 42
0.0
 43
31.6042
 44
9.6514
 45
1.0
170
     1
 90
      256
171
     1
172
     5
 91
      256
141
0.0
 92
 16575494
291
     0
292
     0
173
     0
293
     0
142
0.0
143
0.0
294
     0
144
0.0
295
     0
296
     0
 46
0.0
 93
        0
110
1138.6515
120
169.2283
130
0.0
111
-1.0
121
0.0
131
0.0
112
0.0
122
1.0
132
0.0
297
     1
302
LEADER{
290
     1
291
     1
 10
1160.2515
 20
167.4283
 30
0.0
 11
-1.0
 21
0.0
 31
0.0
 90
        0
 40
17.28
304
LEADER_LINE{
 10
1176.1801
 20
151.4997
 30
0.0
 90
        0
305
}
303
}
301
}
340
2A67
 90
   329376
170
     1
 91
        0
341
14
171
    -2
290
     1
291
     1
 41
0.36
 42
0.0
172
     2
343

173
     1
 95
        1
174
     1
175
     0
 92
        0
292
     0
 93
        0
 10
1.0
 20
1.0
 30
1.0
 43
0.0
176
     0
293
     0
 94
        0
294
     1
178
     0
179
     1
 45
48.0
271
     0
272
     0
273
     0
1001
ACAD_MLEADERVER
1070
     2
  0
MULTILEADER
  5
9A20
330
1F
100
AcDbEntity
 67
     0
  8
Mleader @ 48
  6
Continuous
 62
   256
 92
      556
310
2C020000100000000C00000010000000330000000C00000016000000000000C00C00000013000000112700003C000000060000000200000054E72958F13D9440300F7F6AB058604000000000000000008C25F0F6A26B9440300F7F6AB058604000000000000000000C00000013000000010000000C00000014000000010000
310
00540000000700000003000000F9938370411494409AFFA6564CFE614000000000000000008885DF288D0594405EE14D77860963400000000000000000145E35594B1E944041DE9EF6E432624000000000000000000C00000013000000891300003C00000006000000020000000779DC6446199440EDEEA2A6981862400000
310
00000000000054E72958F13D9440300F7F6AB058604000000000000000000C000000130000009A3A00000C00000016000000000000C00C00000012000000FF7F00000C00000017000000FFFFFFFF0C00000016000000000000C00C00000013000000993A0000C800000026000000BDA779F5F17A9440CAA818044A32604000
310
0000000000000000000000000000000000000000000000000000000000F03F000000000000F03F0000000000000000000000000000000043003200350030000000000004000000010000000000000000000840626666666666F23F0000000000000000000000000000F03F0000000000000000000000000000000000000000
310
000000000000000001000000000000000000000072006F006D0061006E0073002E007300680078000000000000000000
 60
     0
 48
1.0
370
    -1
100
AcDbMLeader
300
CONTEXT_DATA{
 40
48.0
 10
1306.9091
 20
130.7715
 30
0.0
 41
3.0
140
9.0
145
4.32
174
     0
175
     0
176
     0
177
     1
290
     1
304
C250
 11
0.0
 21
0.0
 31
1.0
340
3CC
 12
1311.2291
 22
132.5715
 32
0.0
 13
1.0
 23
0.0
 33
0.0
 42
0.0
 43
31.6042
 44
9.6514
 45
1.0
170
     1
 90
      256
171
     1
172
     5
 91
      256
141
0.0
 92
 16575494
291
     0
292
     0
173
     0
293
     0
142
0.0
143
0.0
294
     0
144
0.0
295
     0
296
     0
 46
0.0
 93
        0
110
1318.9164
120
170.0262
130
0.0
111
1.0
121
0.0
131
0.0
112
0.0
122
1.0
132
0.0
297
     0
302
LEADER{
290
     1
291
     1
 10
1295.4857
 20
130.7715
 30
0.0
 11
1.0
 21
0.0
 31
0.0
 90
        0
 40
11.4235
304
LEADER_LINE{
 10
1281.3879
 20
152.2977
 30
0.0
 90
        0
305
}
303
}
301
}
340
2A67
 90
   329376
170
     1
 91
        0
341
14
171
    -2
290
     1
291
     1
 41
0.36
 42
0.0
172
     2
343

173
     1
 95
        1
174
     1
175
     0
 92
        0
292
     0
 93
        0
 10
1.0
 20
1.0
 30
1.0
 43
0.0
176
     0
293
     0
 94
        0
294
     0
178
     0
179
     1
 45
48.0
271
     0
272
     0
273
     0
1001
ACAD_MLEADERVER
1070
     2
  0
MULTILEADER
  5
9A25
330
1F
100
AcDbEntity
 67
     0
  8
Mleader @ 48
  6
Continuous
 62
   256
 92
      564
310
34020000100000000C00000010000000330000000C00000016000000000000C00C00000013000000112700003C00000006000000020000003528E24DE98291405EA52C72550269400000000000000000B03C9095CA3D91405EA52C725502694000000000000000000C00000013000000010000000C00000014000000010000
310
005400000007000000030000009E171EDF288E9140CFAA19C4101D6A4000000000000000005E00F4D6D4A39140324DF666FD076B400000000000000000375B47E5DA989140F04216E288F1694000000000000000000C00000013000000891300003C00000006000000020000006AB932E281939140DFF617D34C076A400000
310
0000000000003528E24DE98291405EA52C725502694000000000000000000C000000130000009A3A00000C00000016000000000000C00C00000012000000FF7F00000C00000017000000FFFFFFFF0C00000016000000000000C00C00000013000000993A0000D0000000260000007645B68F06C490405EA52C7255A2684000
310
0000000000000000000000000000000000000000000000000000000000F03F000000000000F03F0000000000000000000000000000000033003500300020004F00570053004A000000000008000000010000000000000000000840626666666666F23F0000000000000000000000000000F03F000000000000000000000000
310
0000000000000000000000000000000001000000000000000000000072006F006D0061006E0073002E007300680078000000000000007F48
 60
     0
 48
1.0
370
    -1
100
AcDbMLeader
300
CONTEXT_DATA{
 40
48.0
 10
1069.1793
 20
200.0729
 30
0.0
 41
3.0
140
9.0
145
4.32
174
     0
175
     0
176
     2
177
     1
290
     1
304
350 OWSJ
 11
0.0
 21
0.0
 31
1.0
340
3CC
 12
1099.1278
 22
200.0729
 32
0.0
 13
1.0
 23
0.0
 33
0.0
 42
0.0
 43
31.415
 44
6.1969
 45
1.0
170
     1
 90
      256
171
     3
172
     5
 91
      256
141
0.0
 92
 16575494
291
     0
292
     0
173
     0
293
     0
142
0.0
143
0.0
294
     0
144
0.0
295
     0
296
     0
 46
0.0
 93
        0
110
1086.8064
120
201.8729
130
0.0
111
1.0
121
0.0
131
0.0
112
0.0
122
1.0
132
0.0
297
     0
302
LEADER{
290
     1
291
     1
 10
1120.7278
 20
200.0729
 30
0.0
 11
-1.0
 21
0.0
 31
0.0
 90
        0
 40
17.28
304
LEADER_LINE{
 10
1128.9579
 20
216.2497
 30
0.0
 90
        0
305
}
303
}
301
}
340
2A67
 90
   345760
170
     1
 91
        0
341
14
171
    -2
290
     1
291
     1
 41
0.36
 42
0.0
172
     2
343

173
     1
 95
        1
174
     1
175
     2
 92
        0
292
     0
 93
        0
 10
1.0
 20
1.0
 30
1.0
 43
0.0
176
     0
293
     0
 94
        0
294
     0
178
     0
179
     1
 45
48.0
271
     0
272
     0
273
     0
1001
ACAD_MLEADERVER
1070
     2
  0
MULTILEADER
  5
9A2B
330
1F
100
AcDbEntity
 67
     0
  8
Mleader @ 48
  6
Continuous
 62
   256
 92
      752
310
F0020000110000000C00000010000000330000000C00000016000000000000C00C00000013000000112700003C00000006000000020000009D1EBEC770129240800DFECD20946740000000000000000018336C0F52CD9140800DFECD2094674000000000000000000C00000013000000010000000C00000014000000010000
310
005400000007000000030000008863C1994D419240580E50BD47A66A4000000000000000005E00F4D6D4579240524DF666FD8B6B40000000000000000044DD4A5BD54B924019B9D5C63E786A4000000000000000000C00000013000000891300003C00000006000000020000006620867A91469240B9E31242438F6A400000
310
0000000000009D1EBEC770129240800DFECD2094674000000000000000000C000000130000009A3A00000C00000016000000000000C00C00000012000000FF7F00000C00000017000000FFFFFFFF0C00000016000000000000C00C00000013000000993A0000C800000026000000E6B0E21003629140800DFECD2034674000
310
0000000000000000000000000000000000000000000000000000000000F03F000000000000F03F0000000000000000000000000000000057003300310030000000000004000000010000000000000000000840626666666666F23F0000000000000000000000000000F03F0000000000000000000000000000000000000000
310
000000000000000001000000000000000000000072006F006D0061006E0073002E007300680078000000000000000000C40000002600000019E4154436999140800DFECD20346740000000000000000000000000000000000000000000000000000000000000F03F000000000000F03F000000000000000000000000000000
310
00780033003900000003000000010000000000000000000840666666666666F23F0000000000000000000000000000F03F0000000000000000000000000000000000000000000000000000000001000000000000000000000072006F006D0061006E0073002E007300680078000000000000000000
 60
     0
 48
1.0
370
    -1
100
AcDbMLeader
300
CONTEXT_DATA{
 40
48.0
 10
1108.5116
 20
188.629
 30
0.0
 41
3.0
140
9.0
145
4.32
174
     0
175
     0
176
     2
177
     1
290
     1
304
W310{\A1;\W1.15;\C256;x39}
 11
0.0
 21
0.0
 31
1.0
340
3CC
 12
1135.0101
 22
188.629
 32
0.0
 13
1.0
 23
0.0
 33
0.0
 42
0.0
 43
28.0825
 44
5.9436
 45
1.0
170
     1
 90
      256
171
     3
172
     5
 91
      256
141
0.0
 92
 16575494
291
     0
292
     0
173
     0
293
     0
142
0.0
143
0.0
294
     0
144
0.0
295
     0
296
     0
 46
0.0
 93
        0
110
1135.746
120
198.5349
130
0.0
111
1.0
121
0.0
131
0.0
112
0.0
122
1.0
132
0.0
297
     0
302
LEADER{
290
     1
291
     1
 10
1156.6101
 20
188.629
 30
0.0
 11
-1.0
 21
0.0
 31
0.0
 90
        0
 40
17.28
304
LEADER_LINE{
 10
1173.9579
 20
220.3747
 30
0.0
 90
        0
305
}
303
}
301
}
340
2A67
 90
   345760
170
     1
 91
        0
341
14
171
    -2
290
     1
291
     1
 41
0.36
 42
0.0
172
     2
343

173
     1
 95
        1
174
     1
175
     2
 92
        0
292
     0
 93
        0
 10
1.0
 20
1.0
 30
1.0
 43
0.0
176
     0
293
     0
 94
        0
294
     0
178
     0
179
     1
 45
48.0
271
     0
272
     0
273
     0
1001
ACAD_MLEADERVER
1070
     2
  0
MULTILEADER
  5
9A31
330
1F
100
AcDbEntity
 67
     0
  8
Mleader @ 48
  6
Continuous
 62
   256
 92
      556
310
2C020000100000000C00000010000000330000000C00000016000000000000C00C00000013000000112700003C0000000600000002000000FB0DD6A357189440F0AEEB8E7BD66840000000000000000080F9275C765D9440F0AEEB8E7BD6684000000000000000000C00000013000000010000000C00000014000000010000
310
005400000007000000030000000EA778BBEFF9934072D00E24B4FE694000000000000000005E00F4D6D4EB9340264DF666FD0B6B40000000000000000028C9814D1704944016652748DB316A4000000000000000000C00000013000000891300003C00000006000000020000001B387D8403FF9340C41A1BB647186A400000
310
000000000000FB0DD6A357189440F0AEEB8E7BD6684000000000000000000C000000130000009A3A00000C00000016000000000000C00C00000012000000FF7F00000C00000017000000FFFFFFFF0C00000016000000000000C00C00000013000000993A0000C800000026000000EC2335956D6D9440F0AEEB8E7B76684000
310
0000000000000000000000000000000000000000000000000000000000F03F000000000000F03F0000000000000000000000000000000057003400310030000000000004000000010000000000000000000840626666666666F23F0000000000000000000000000000F03F0000000000000000000000000000000000000000
310
000000000000000001000000000000000000000072006F006D0061006E0073002E00730068007800000000000000F5F5
 60
     0
 48
1.0
370
    -1
100
AcDbMLeader
300
CONTEXT_DATA{
 40
48.0
 10
1303.3656
 20
198.7026
 30
0.0
 41
3.0
140
9.0
145
4.32
174
     0
175
     0
176
     0
177
     1
290
     1
304
W410
 11
0.0
 21
0.0
 31
1.0
340
3CC
 12
1307.6856
 22
198.7026
 32
0.0
 13
1.0
 23
0.0
 33
0.0
 42
0.0
 43
23.3418
 44
12.2198
 45
1.0
170
     1
 90
      256
171
     1
172
     5
 91
      256
141
0.0
 92
 16575494
291
     0
292
     0
173
     0
293
     0
142
0.0
143
0.0
294
     0
144
0.0
295
     0
296
     0
 46
0.0
 93
        0
110
1292.5026
120
201.2947
130
0.0
111
1.0
121
0.0
131
0.0
112
0.0
122
1.0
132
0.0
297
     0
302
LEADER{
290
     1
291
     1
 10
1286.0856
 20
198.7026
 30
0.0
 11
1.0
 21
0.0
 31
0.0
 90
        0
 40
17.28
304
LEADER_LINE{
 10
1274.9579
 20
216.3747
 30
0.0
 90
        0
305
}
303
}
301
}
340
2A67
 90
   345760
170
     1
 91
        0
341
14
171
    -2
290
     1
291
     1
 41
0.36
 42
0.0
172
     2
343

173
     1
 95
        1
174
     1
175
     0
 92
        0
292
     0
 93
        0
 10
1.0
 20
1.0
 30
1.0
 43
0.0
176
     0
293
     0
 94
        0
294
     0
178
     0
179
     1
 45
48.0
271
     0
272
     0
273
     0
1001
ACAD_MLEADERVER
1070
     2
  0
VIEWPORT
  5
CEAB
330
2188
100
AcDbEntity
 67
     1
  8
WatermarkLayer
 62
   256
 48
1.0
370
    -1
100
AcDbViewport
 10
160.0
 20
110.0
 30
0.0
 40
297.0
 41
210.0
 68
     2
 69
     2
 12
346.0
 22
160.0
 13
0.0
 23
0.0
 14
0.0
 24
0.0
 15
0.0
 25
0.0
 16
0.0
 26
0.0
 36
0.0
 17
0.0
 27
0.0
 37
0.0
 42
0.0
 43
0.0
 44
0.0
 45
200.0
 50
0.0
 51
0.0
 72
     0
 90
        0
  1

281
     0
 71
     1
 74
     0
110
0.0
120
0.0
130
0.0
111
0.0
121
0.0
131
0.0
112
0.0
122
0.0
132
0.0
345
200
 79
     0
146
0.0
170
     0
348
F5
292
     1
282
     1
  0
MTEXT
  5
CEAC
330
2188
100
AcDbEntity
 67
     1
  8
WatermarkLayer
347
BYLAYER
 62
    65
 60
     0
 48
0.0
370
    -1
100
AcDbMText
 10
-20.0
 20
230.0
 30
0.0
210
0.0
220
0.0
230
1.0
 40
10.0
 41
110.0
 50
0.0
 71
     1
 72
     5
  1
{\fArial|b1|i0|c204|p34;Evaluation only.}
  7
Annotative
 11
1.0
 21
-1.0
 42
105.0
 73
     1
 44
1.0
 90
        0
 75
     0
 78
     0
 79
     0
 48
0.0
 49
0.0
  0
MTEXT
  5
CEAD
330
2188
100
AcDbEntity
 67
     1
  8
WatermarkLayer
347
BYLAYER
 62
    65
 60
     0
 48
0.0
370
    -1
100
AcDbMText
 10
31.0
 20
230.0
 30
0.0
210
0.0
220
0.0
230
1.0
 40
10.0
 41
110.0
 50
0.0
 71
     1
 72
     5
  1
{\fArial|b1|i0|c204|p34;Evaluation only.}
  7
Annotative
 11
1.0
 21
-1.0
 42
105.0
 73
     1
 44
1.0
 90
        0
 75
     0
 78
     0
 79
     0
 48
0.0
 49
0.0
  0
MTEXT
  5
CEAE
330
2188
100
AcDbEntity
 67
     1
  8
WatermarkLayer
347
BYLAYER
 62
    65
 60
     0
 48
0.0
370
    -1
100
AcDbMText
 10
82.0
 20
230.0
 30
0.0
210
0.0
220
0.0
230
1.0
 40
10.0
 41
110.0
 50
0.0
 71
     1
 72
     5
  1
{\fArial|b1|i0|c204|p34;Evaluation only.}
  7
Annotative
 11
1.0
 21
-1.0
 42
105.0
 73
     1
 44
1.0
 90
        0
 75
     0
 78
     0
 79
     0
 48
0.0
 49
0.0
  0
MTEXT
  5
CEAF
330
2188
100
AcDbEntity
 67
     1
  8
WatermarkLayer
347
BYLAYER
 62
    65
 60
     0
 48
0.0
370
    -1
100
AcDbMText
 10
133.0
 20
230.0
 30
0.0
210
0.0
220
0.0
230
1.0
 40
10.0
 41
110.0
 50
0.0
 71
     1
 72
     5
  1
{\fArial|b1|i0|c204|p34;Evaluation only.}
  7
Annotative
 11
1.0
 21
-1.0
 42
105.0
 73
     1
 44
1.0
 90
        0
 75
     0
 78
     0
 79
     0
 48
0.0
 49
0.0
  0
MTEXT
  5
CEB0
330
2188
100
AcDbEntity
 67
     1
  8
WatermarkLayer
347
BYLAYER
 62
    65
 60
     0
 48
0.0
370
    -1
100
AcDbMText
 10
184.0
 20
230.0
 30
0.0
210
0.0
220
0.0
230
1.0
 40
10.0
 41
110.0
 50
0.0
 71
     1
 72
     5
  1
{\fArial|b1|i0|c204|p34;Evaluation only.}
  7
Annotative
 11
1.0
 21
-1.0
 42
105.0
 73
     1
 44
1.0
 90
        0
 75
     0
 78
     0
 79
     0
 48
0.0
 49
0.0
  0
MTEXT
  5
CEB1
330
2188
100
AcDbEntity
 67
     1
  8
WatermarkLayer
347
BYLAYER
 62
    65
 60
     0
 48
0.0
370
    -1
100
AcDbMText
 10
235.0
 20
230.0
 30
0.0
210
0.0
220
0.0
230
1.0
 40
10.0
 41
110.0
 50
0.0
 71
     1
 72
     5
  1
{\fArial|b1|i0|c204|p34;Evaluation only.}
  7
Annotative
 11
1.0
 21
-1.0
 42
105.0
 73
     1
 44
1.0
 90
        0
 75
     0
 78
     0
 79
     0
 48
0.0
 49
0.0
  0
MTEXT
  5
CEB2
330
2188
100
AcDbEntity
 67
     1
  8
WatermarkLayer
347
BYLAYER
 62
    65
 60
     0
 48
0.0
370
    -1
100
AcDbMText
 10
286.0
 20
230.0
 30
0.0
210
0.0
220
0.0
230
1.0
 40
10.0
 41
110.0
 50
0.0
 71
     1
 72
     5
  1
{\fArial|b1|i0|c204|p34;Evaluation only.}
  7
Annotative
 11
1.0
 21
-1.0
 42
105.0
 73
     1
 44
1.0
 90
        0
 75
     0
 78
     0
 79
     0
 48
0.0
 49
0.0
  0
MTEXT
  5
CEB3
330
2188
100
AcDbEntity
 67
     1
  8
WatermarkLayer
347
BYLAYER
 62
    65
 60
     0
 48
0.0
370
    -1
100
AcDbMText
 10
-20.0
 20
140.0
 30
0.0
210
0.0
220
0.0
230
1.0
 40
10.0
 41
110.0
 50
0.0
 71
     1
 72
     5
  1
{\fArial|b1|i0|c204|p34;Evaluation only.}
  7
Annotative
 11
1.0
 21
-1.0
 42
105.0
 73
     1
 44
1.0
 90
        0
 75
     0
 78
     0
 79
     0
 48
0.0
 49
0.0
  0
MTEXT
  5
CEB4
330
2188
100
AcDbEntity
 67
     1
  8
WatermarkLayer
347
BYLAYER
 62
    65
 60
     0
 48
0.0
370
    -1
100
AcDbMText
 10
31.0
 20
140.0
 30
0.0
210
0.0
220
0.0
230
1.0
 40
10.0
 41
110.0
 50
0.0
 71
     1
 72
     5
  1
{\fArial|b1|i0|c204|p34;Evaluation only.}
  7
Annotative
 11
1.0
 21
-1.0
 42
105.0
 73
     1
 44
1.0
 90
        0
 75
     0
 78
     0
 79
     0
 48
0.0
 49
0.0
  0
MTEXT
  5
CEB5
330
2188
100
AcDbEntity
 67
     1
  8
WatermarkLayer
347
BYLAYER
 62
    65
 60
     0
 48
0.0
370
    -1
100
AcDbMText
 10
82.0
 20
140.0
 30
0.0
210
0.0
220
0.0
230
1.0
 40
10.0
 41
110.0
 50
0.0
 71
     1
 72
     5
  1
{\fArial|b1|i0|c204|p34;Evaluation only.}
  7
Annotative
 11
1.0
 21
-1.0
 42
105.0
 73
     1
 44
1.0
 90
        0
 75
     0
 78
     0
 79
     0
 48
0.0
 49
0.0
  0
MTEXT
  5
CEB6
330
2188
100
AcDbEntity
 67
     1
  8
WatermarkLayer
347
BYLAYER
 62
    65
 60
     0
 48
0.0
370
    -1
100
AcDbMText
 10
133.0
 20
140.0
 30
0.0
210
0.0
220
0.0
230
1.0
 40
10.0
 41
110.0
 50
0.0
 71
     1
 72
     5
  1
{\fArial|b1|i0|c204|p34;Evaluation only.}
  7
Annotative
 11
1.0
 21
-1.0
 42
105.0
 73
     1
 44
1.0
 90
        0
 75
     0
 78
     0
 79
     0
 48
0.0
 49
0.0
  0
MTEXT
  5
CEB7
330
2188
100
AcDbEntity
 67
     1
  8
WatermarkLayer
347
BYLAYER
 62
    65
 60
     0
 48
0.0
370
    -1
100
AcDbMText
 10
184.0
 20
140.0
 30
0.0
210
0.0
220
0.0
230
1.0
 40
10.0
 41
110.0
 50
0.0
 71
     1
 72
     5
  1
{\fArial|b1|i0|c204|p34;Evaluation only.}
  7
Annotative
 11
1.0
 21
-1.0
 42
105.0
 73
     1
 44
1.0
 90
        0
 75
     0
 78
     0
 79
     0
 48
0.0
 49
0.0
  0
MTEXT
  5
CEB8
330
2188
100
AcDbEntity
 67
     1
  8
WatermarkLayer
347
BYLAYER
 62
    65
 60
     0
 48
0.0
370
    -1
100
AcDbMText
 10
235.0
 20
140.0
 30
0.0
210
0.0
220
0.0
230
1.0
 40
10.0
 41
110.0
 50
0.0
 71
     1
 72
     5
  1
{\fArial|b1|i0|c204|p34;Evaluation only.}
  7
Annotative
 11
1.0
 21
-1.0
 42
105.0
 73
     1
 44
1.0
 90
        0
 75
     0
 78
     0
 79
     0
 48
0.0
 49
0.0
  0
MTEXT
  5
CEB9
330
2188
100
AcDbEntity
 67
     1
  8
WatermarkLayer
347
BYLAYER
 62
    65
 60
     0
 48
0.0
370
    -1
100
AcDbMText
 10
286.0
 20
140.0
 30
0.0
210
0.0
220
0.0
230
1.0
 40
10.0
 41
110.0
 50
0.0
 71
     1
 72
     5
  1
{\fArial|b1|i0|c204|p34;Evaluation only.}
  7
Annotative
 11
1.0
 21
-1.0
 42
105.0
 73
     1
 44
1.0
 90
        0
 75
     0
 78
     0
 79
     0
 48
0.0
 49
0.0
  0
MTEXT
  5
CEBA
330
2188
100
AcDbEntity
 67
     1
  8
WatermarkLayer
347
BYLAYER
 62
    65
 60
     0
 48
0.0
370
    -1
100
AcDbMText
 10
-20.0
 20
50.0
 30
0.0
210
0.0
220
0.0
230
1.0
 40
10.0
 41
110.0
 50
0.0
 71
     1
 72
     5
  1
{\fArial|b1|i0|c204|p34;Evaluation only.}
  7
Annotative
 11
1.0
 21
-1.0
 42
105.0
 73
     1
 44
1.0
 90
        0
 75
     0
 78
     0
 79
     0
 48
0.0
 49
0.0
  0
MTEXT
  5
CEBB
330
2188
100
AcDbEntity
 67
     1
  8
WatermarkLayer
347
BYLAYER
 62
    65
 60
     0
 48
0.0
370
    -1
100
AcDbMText
 10
31.0
 20
50.0
 30
0.0
210
0.0
220
0.0
230
1.0
 40
10.0
 41
110.0
 50
0.0
 71
     1
 72
     5
  1
{\fArial|b1|i0|c204|p34;Evaluation only.}
  7
Annotative
 11
1.0
 21
-1.0
 42
105.0
 73
     1
 44
1.0
 90
        0
 75
     0
 78
     0
 79
     0
 48
0.0
 49
0.0
  0
MTEXT
  5
CEBC
330
2188
100
AcDbEntity
 67
     1
  8
WatermarkLayer
347
BYLAYER
 62
    65
 60
     0
 48
0.0
370
    -1
100
AcDbMText
 10
82.0
 20
50.0
 30
0.0
210
0.0
220
0.0
230
1.0
 40
10.0
 41
110.0
 50
0.0
 71
     1
 72
     5
  1
{\fArial|b1|i0|c204|p34;Evaluation only.}
  7
Annotative
 11
1.0
 21
-1.0
 42
105.0
 73
     1
 44
1.0
 90
        0
 75
     0
 78
     0
 79
     0
 48
0.0
 49
0.0
  0
MTEXT
  5
CEBD
330
2188
100
AcDbEntity
 67
     1
  8
WatermarkLayer
347
BYLAYER
 62
    65
 60
     0
 48
0.0
370
    -1
100
AcDbMText
 10
133.0
 20
50.0
 30
0.0
210
0.0
220
0.0
230
1.0
 40
10.0
 41
110.0
 50
0.0
 71
     1
 72
     5
  1
{\fArial|b1|i0|c204|p34;Evaluation only.}
  7
Annotative
 11
1.0
 21
-1.0
 42
105.0
 73
     1
 44
1.0
 90
        0
 75
     0
 78
     0
 79
     0
 48
0.0
 49
0.0
  0
MTEXT
  5
CEBE
330
2188
100
AcDbEntity
 67
     1
  8
WatermarkLayer
347
BYLAYER
 62
    65
 60
     0
 48
0.0
370
    -1
100
AcDbMText
 10
184.0
 20
50.0
 30
0.0
210
0.0
220
0.0
230
1.0
 40
10.0
 41
110.0
 50
0.0
 71
     1
 72
     5
  1
{\fArial|b1|i0|c204|p34;Evaluation only.}
  7
Annotative
 11
1.0
 21
-1.0
 42
105.0
 73
     1
 44
1.0
 90
        0
 75
     0
 78
     0
 79
     0
 48
0.0
 49
0.0
  0
MTEXT
  5
CEBF
330
2188
100
AcDbEntity
 67
     1
  8
WatermarkLayer
347
BYLAYER
 62
    65
 60
     0
 48
0.0
370
    -1
100
AcDbMText
 10
235.0
 20
50.0
 30
0.0
210
0.0
220
0.0
230
1.0
 40
10.0
 41
110.0
 50
0.0
 71
     1
 72
     5
  1
{\fArial|b1|i0|c204|p34;Evaluation only.}
  7
Annotative
 11
1.0
 21
-1.0
 42
105.0
 73
     1
 44
1.0
 90
        0
 75
     0
 78
     0
 79
     0
 48
0.0
 49
0.0
  0
MTEXT
  5
CEC0
330
2188
100
AcDbEntity
 67
     1
  8
WatermarkLayer
347
BYLAYER
 62
    65
 60
     0
 48
0.0
370
    -1
100
AcDbMText
 10
286.0
 20
50.0
 30
0.0
210
0.0
220
0.0
230
1.0
 40
10.0
 41
110.0
 50
0.0
 71
     1
 72
     5
  1
{\fArial|b1|i0|c204|p34;Evaluation only.}
  7
Annotative
 11
1.0
 21
-1.0
 42
105.0
 73
     1
 44
1.0
 90
        0
 75
     0
 78
     0
 79
     0
 48
0.0
 49
0.0
  0
ENDSEC
  0
SECTION
  2
OBJECTS
  0
DICTIONARY
  5
C
330
0
100
AcDbDictionary
280
     0
281
     1
  3
ACAD_COLOR
360
73
  3
ACAD_FIELDLIST
360
974
  3
ACAD_GROUP
360
D
  3
ACAD_LAYOUT
360
1A
  3
ACAD_MATERIAL
360
72
  3
ACAD_MLEADERSTYLE
360
D7
  3
ACAD_MLINESTYLE
360
17
  3
ACAD_PLOTSETTINGS
360
19
  3
ACAD_PLOTSTYLENAME
360
E
  3
ACAD_SCALELIST
360
B6
  3
ACAD_TABLESTYLE
360
86
  3
ACAD_VISUALSTYLE
360
99
  3
ACDB_RECOMPOSE_DATA
360
FF
  3
AcDbVariableDictionary
360
66
  0
DICTIONARY
  5
D7
330
C
100
AcDbDictionary
280
     0
281
     1
  3
callout
360
3234
  3
global
360
2A67
  3
Standard
360
D8
  0
DICTIONARY
  5
17
330
C
100
AcDbDictionary
280
     0
281
     1
  3
Standard
360
18
  0
DICTIONARY
  5
19
330
C
100
AcDbDictionary
280
     0
281
     1
  0
DICTIONARY
  5
B6
330
C
100
AcDbDictionary
280
     0
281
     1
  3
A0
360
B7
  3
A1
360
B8
  3
A2
360
B9
  3
A3
360
BA
  3
A4
360
BB
  3
A5
360
BC
  3
A6
360
BD
  3
A7
360
BE
  3
A8
360
BF
  3
A9
360
C0
  3
B0
360
C1
  3
B1
360
C2
  3
B2
360
C3
  3
B3
360
C4
  3
B4
360
C5
  3
B5
360
C6
  3
B6
360
C7
  3
B7
360
C8
  3
B8
360
C9
  3
B9
360
CA
  3
C0
360
CB
  3
C1
360
CC
  3
C2
360
CD
  3
C3
360
CE
  3
C4
360
CF
  3
C5
360
D0
  3
C6
360
D1
  3
C7
360
D2
  3
C8
360
D3
  3
C9
360
D4
  3
D0
360
D5
  3
D1
360
D6
  0
DICTIONARY
  5
86
330
C
100
AcDbDictionary
280
     0
281
     1
  3
Standard
360
87
  0
DICTIONARY
  5
99
330
C
100
AcDbDictionary
280
     0
281
     1
  3
2dWireframe
360
9F
  3
3D Hidden
360
A1
  3
3dWireframe
360
A0
  3
Basic
360
9E
  3
Brighten
360
A5
  3
ColorChange
360
A9
  3
Conceptual
360
A2
  3
Dim
360
A4
  3
Facepattern
360
A8
  3
Flat
360
9A
  3
FlatWithEdges
360
9B
  3
Gouraud
360
9C
  3
GouraudWithEdges
360
9D
  3
Linepattern
360
A7
  3
Realistic
360
A3
  3
Thicken
360
A6
  0
DICTIONARY
  5
66
330
C
100
AcDbDictionary
280
     0
281
     1
  3
ANNOALLVISIBLE
360
3637
  3
CANNOSCALE
360
F0
  3
CMLEADERSTYLE
360
EF
  3
CTABLESTYLE
360
89
  3
DIMASSOC
360
67
  3
HIDETEXT
360
6B
  0
DICTIONARYVAR
  5
3637
330
66
100
DictionaryVariables
280
     0
  1
1
  0
DICTIONARYVAR
  5
F0
330
66
100
DictionaryVariables
280
     0
  1
1/4" = 1'-0"
  0
DICTIONARYVAR
  5
EF
330
66
100
DictionaryVariables
280
     0
  1
global
  0
DICTIONARYVAR
  5
89
330
66
100
DictionaryVariables
280
     0
  1
STANDARD
  0
DICTIONARYVAR
  5
67
330
66
100
DictionaryVariables
280
     0
  1
2
  0
DICTIONARYVAR
  5
6B
330
66
100
DictionaryVariables
280
     0
  1
1
  0
DICTIONARY
  5
219C
330
219B
100
AcDbDictionary
280
     1
281
     1
  3
ACAD_SORTENTS
360
219D
  0
DICTIONARY
  5
21C7
330
21C6
100
AcDbDictionary
280
     1
281
     1
  3
ACAD_FIELD
360
21C8
  0
DICTIONARY
  5
21CC
330
21CB
100
AcDbDictionary
280
     1
281
     1
  3
ACAD_FIELD
360
21CD
  0
DICTIONARY
  5
21D1
330
21D0
100
AcDbDictionary
280
     1
281
     1
  3
ACAD_FIELD
360
21D2
  0
DICTIONARY
  5
21D6
330
21D5
100
AcDbDictionary
280
     1
281
     1
  3
ACAD_FIELD
360
21D7
  0
DICTIONARY
  5
21DB
330
21DA
100
AcDbDictionary
280
     1
281
     1
  3
ACAD_FIELD
360
21DC
  0
DICTIONARY
  5
21E0
330
21DF
100
AcDbDictionary
280
     1
281
     1
  3
ACAD_FIELD
360
21E1
  0
DICTIONARY
  5
21E5
330
21E4
100
AcDbDictionary
280
     1
281
     1
  3
ACAD_FIELD
360
21E6
  0
DICTIONARY
  5
21EA
330
21E9
100
AcDbDictionary
280
     1
281
     1
  3
ACAD_FIELD
360
21EB
  0
DICTIONARY
  5
21EF
330
21EE
100
AcDbDictionary
280
     1
281
     1
  3
ACAD_FIELD
360
21F0
  0
DICTIONARY
  5
21F4
330
21F3
100
AcDbDictionary
280
     1
281
     1
  3
ACAD_FIELD
360
21F5
  0
DICTIONARY
  5
21FB
330
21FA
100
AcDbDictionary
280
     1
281
     1
  3
ACAD_FIELD
360
21FC
  0
DICTIONARY
  5
2200
330
21FF
100
AcDbDictionary
280
     1
281
     1
  3
ACAD_FIELD
360
2201
  0
DICTIONARY
  5
2205
330
2204
100
AcDbDictionary
280
     1
281
     1
  3
ACAD_FIELD
360
2206
  0
DICTIONARY
  5
220D
330
220C
100
AcDbDictionary
280
     1
281
     1
  3
ACAD_ENHANCEDBLOCK
360
220E
  3
ACAD_SORTENTS
360
2217
  3
AcDbDynamicBlockRoundTripPurgePreventer
360
2218
  0
DICTIONARY
  5
221E
330
221D
100
AcDbDictionary
280
     1
281
     1
  3
ACAD_FIELD
360
221F
  0
DICTIONARY
  5
2223
330
2222
100
AcDbDictionary
280
     1
281
     1
  3
ACAD_FIELD
360
2224
  0
DICTIONARY
  5
2228
330
2227
100
AcDbDictionary
280
     1
281
     1
  3
ACAD_FIELD
360
2229
  0
DICTIONARY
  5
2239
330
2238
100
AcDbDictionary
280
     1
281
     1
  3
ACAD_FIELD
360
223A
  0
DICTIONARY
  5
223E
330
223D
100
AcDbDictionary
280
     1
281
     1
  3
ACAD_FIELD
360
223F
  0
DICTIONARY
  5
224F
330
224E
100
AcDbDictionary
280
     1
281
     1
  3
ACAD_FIELD
360
2250
  0
DICTIONARY
  5
2254
330
2253
100
AcDbDictionary
280
     1
281
     1
  3
ACAD_FIELD
360
2255
  0
DICTIONARY
  5
2265
330
2264
100
AcDbDictionary
280
     1
281
     1
  3
ACAD_FIELD
360
2266
  0
DICTIONARY
  5
226A
330
2269
100
AcDbDictionary
280
     1
281
     1
  3
ACAD_FIELD
360
226B
  0
DICTIONARY
  5
227B
330
227A
100
AcDbDictionary
280
     1
281
     1
  3
ACAD_FIELD
360
227C
  0
DICTIONARY
  5
2280
330
227F
100
AcDbDictionary
280
     1
281
     1
  3
ACAD_FIELD
360
2281
  0
DICTIONARY
  5
1845
330
9EA
100
AcDbDictionary
280
     1
281
     1
  3
AcDbContextDataManager
360
1846
  0
DICTIONARY
  5
1835
330
9ED
100
AcDbDictionary
280
     1
281
     1
  3
AcDbContextDataManager
360
1836
  0
DICTIONARY
  5
1854
330
9EE
100
AcDbDictionary
280
     1
281
     1
  3
AcDbContextDataManager
360
1855
  0
DICTIONARY
  5
1863
330
A2C
100
AcDbDictionary
280
     1
281
     1
  3
AcDbContextDataManager
360
1864
  0
DICTIONARY
  5
1873
330
A43
100
AcDbDictionary
280
     1
281
     1
  3
AcDbContextDataManager
360
1874
  0
DICTIONARY
  5
41B4
330
AC3
100
AcDbDictionary
280
     1
281
     1
  3
AcDbContextDataManager
360
41B5
  0
DICTIONARY
  5
16E0
330
AC5
100
AcDbDictionary
280
     1
281
     1
  3
AcDbContextDataManager
360
16E1
  0
DICTIONARY
  5
16B0
330
AC6
100
AcDbDictionary
280
     1
281
     1
  3
AcDbContextDataManager
360
16B1
  0
DICTIONARY
  5
16C0
330
AC7
100
AcDbDictionary
280
     1
281
     1
  3
AcDbContextDataManager
360
16C1
  0
DICTIONARY
  5
414E
330
ACA
100
AcDbDictionary
280
     1
281
     1
  3
AcDbContextDataManager
360
414F
  0
DICTIONARY
  5
16D0
330
BF8
100
AcDbDictionary
280
     1
281
     1
  3
AcDbContextDataManager
360
16D1
  0
DICTIONARY
  5
161C
330
BF9
100
AcDbDictionary
280
     1
281
     1
  3
AcDbContextDataManager
360
161D
  0
DICTIONARY
  5
15C8
330
BFA
100
AcDbDictionary
280
     1
281
     1
  3
AcDbContextDataManager
360
15C9
  0
DICTIONARY
  5
16F1
330
BFB
100
AcDbDictionary
280
     1
281
     1
  3
AcDbContextDataManager
360
16F2
  0
DICTIONARY
  5
275B
330
C16
100
AcDbDictionary
280
     1
281
     1
  3
AcDbContextDataManager
360
275C
  0
DICTIONARY
  5
276C
330
C17
100
AcDbDictionary
280
     1
281
     1
  3
AcDbContextDataManager
360
276D
  0
DICTIONARY
  5
278F
330
C18
100
AcDbDictionary
280
     1
281
     1
  3
AcDbContextDataManager
360
2790
  0
DICTIONARY
  5
4184
330
C25
100
AcDbDictionary
280
     1
281
     1
  3
AcDbContextDataManager
360
4185
  0
DICTIONARY
  5
418B
330
C27
100
AcDbDictionary
280
     1
281
     1
  3
AcDbContextDataManager
360
418C
  0
DICTIONARY
  5
27DD
330
C28
100
AcDbDictionary
280
     1
281
     1
  3
AcDbContextDataManager
360
27DE
  0
DICTIONARY
  5
277E
330
C2B
100
AcDbDictionary
280
     1
281
     1
  3
AcDbContextDataManager
360
277F
  0
DICTIONARY
  5
528F
330
E2F
100
AcDbDictionary
280
     1
281
     1
  3
AcDbContextDataManager
360
5290
  0
DICTIONARY
  5
527E
330
E30
100
AcDbDictionary
280
     1
281
     1
  3
AcDbContextDataManager
360
527F
  0
DICTIONARY
  5
52A0
330
E31
100
AcDbDictionary
280
     1
281
     1
  3
AcDbContextDataManager
360
52A1
  0
DICTIONARY
  5
1781
330
E32
100
AcDbDictionary
280
     1
281
     1
  3
AcDbContextDataManager
360
1782
  0
DICTIONARY
  5
1712
330
EF1
100
AcDbDictionary
280
     1
281
     1
  3
AcDbContextDataManager
360
1713
  0
DICTIONARY
  5
1701
330
EF3
100
AcDbDictionary
280
     1
281
     1
  3
AcDbContextDataManager
360
1702
  0
DICTIONARY
  5
2C51
330
2C50
100
AcDbDictionary
280
     1
281
     1
  3
AcDbContextDataManager
360
2C52
  0
DICTIONARY
  5
2E32
330
2E31
100
AcDbDictionary
280
     1
281
     1
  3
AcDbContextDataManager
360
2E33
  0
DICTIONARY
  5
2E3A
330
2E39
100
AcDbDictionary
280
     1
281
     1
  3
AcDbContextDataManager
360
2E3B
  0
DICTIONARY
  5
2E42
330
2E41
100
AcDbDictionary
280
     1
281
     1
  3
AcDbContextDataManager
360
2E43
  0
DICTIONARY
  5
3245
330
323C
100
AcDbDictionary
280
     1
281
     1
  3
AcDbContextDataManager
360
3246
  0
DICTIONARY
  5
3252
330
3249
100
AcDbDictionary
280
     1
281
     1
  3
AcDbContextDataManager
360
3253
  0
DICTIONARY
  5
3455
330
3454
100
AcDbDictionary
280
     1
281
     1
  3
AcDbContextDataManager
360
3456
  0
DICTIONARY
  5
367A
330
3679
100
AcDbDictionary
280
     1
281
     1
  3
AcDbContextDataManager
360
367B
  0
DICTIONARY
  5
3A15
330
3A14
100
AcDbDictionary
280
     1
281
     1
  3
AcDbContextDataManager
360
3A16
  0
DICTIONARY
  5
3A49
330
3A48
100
AcDbDictionary
280
     1
281
     1
  3
AcDbContextDataManager
360
3A4A
  0
DICTIONARY
  5
3A4E
330
3A4D
100
AcDbDictionary
280
     1
281
     1
  3
AcDbContextDataManager
360
3A4F
  0
DICTIONARY
  5
3C9C
330
3C9B
100
AcDbDictionary
280
     1
281
     1
  3
AcDbContextDataManager
360
3C9D
  0
DICTIONARY
  5
3CA1
330
3CA0
100
AcDbDictionary
280
     1
281
     1
  3
AcDbContextDataManager
360
3CA2
  0
DICTIONARY
  5
3CA6
330
3CA5
100
AcDbDictionary
280
     1
281
     1
  3
AcDbContextDataManager
360
3CA7
  0
DICTIONARY
  5
413A
330
4139
100
AcDbDictionary
280
     1
281
     1
  3
AcDbContextDataManager
360
413B
  0
DICTIONARY
  5
41CC
330
41CB
100
AcDbDictionary
280
     1
281
     1
  3
AcDbContextDataManager
360
41CD
  0
DICTIONARY
  5
41E1
330
41E0
100
AcDbDictionary
280
     1
281
     1
  3
ACAD_DIMASSOC
360
41F1
  3
AcDbContextDataManager
360
41E2
  0
DICTIONARY
  5
4E14
330
4E13
100
AcDbDictionary
280
     1
281
     1
  3
AcDbContextDataManager
360
4E15
  0
DICTIONARY
  5
575B
330
575A
100
AcDbDictionary
280
     1
281
     1
  3
AcDbContextDataManager
360
575C
  0
DICTIONARY
  5
5760
330
575F
100
AcDbDictionary
280
     1
281
     1
  3
AcDbContextDataManager
360
5761
  0
DICTIONARY
  5
5765
330
5764
100
AcDbDictionary
280
     1
281
     1
  3
AcDbContextDataManager
360
5766
  0
DICTIONARY
  5
5D0B
330
5D0A
100
AcDbDictionary
280
     1
281
     1
  3
AcDbContextDataManager
360
5D0C
  0
DICTIONARY
  5
5D10
330
5D0F
100
AcDbDictionary
280
     1
281
     1
  3
AcDbContextDataManager
360
5D11
  0
DICTIONARY
  5
5D18
330
5D17
100
AcDbDictionary
280
     1
281
     1
  3
AcDbContextDataManager
360
5D19
  0
DICTIONARY
  5
5D2E
330
5D2D
100
AcDbDictionary
280
     1
281
     1
  3
AcDbContextDataManager
360
5D2F
  0
DICTIONARY
  5
5D33
330
5D32
100
AcDbDictionary
280
     1
281
     1
  3
AcDbContextDataManager
360
5D34
  0
DICTIONARY
  5
6009
330
6008
100
AcDbDictionary
280
     1
281
     1
  3
ACAD_DIMASSOC
360
601A
  3
AcDbContextDataManager
360
600A
  0
DICTIONARY
  5
65CE
330
65CD
100
AcDbDictionary
280
     1
281
     1
  3
AcDbContextDataManager
360
65CF
  0
DICTIONARY
  5
65D8
330
65D7
100
AcDbDictionary
280
     1
281
     1
  3
AcDbContextDataManager
360
65D9
  0
DICTIONARY
  5
65E0
330
65DF
100
AcDbDictionary
280
     1
281
     1
  3
AcDbContextDataManager
360
65E1
  0
DICTIONARY
  5
9575
330
9574
100
AcDbDictionary
280
     1
281
     1
  3
AcDbContextDataManager
360
9576
  0
DICTIONARY
  5
957A
330
9579
100
AcDbDictionary
280
     1
281
     1
  3
AcDbContextDataManager
360
957B
  0
DICTIONARY
  5
957F
330
957E
100
AcDbDictionary
280
     1
281
     1
  3
AcDbContextDataManager
360
9580
  0
DICTIONARY
  5
9584
330
9583
100
AcDbDictionary
280
     1
281
     1
  3
ACAD_DIMASSOC
360
9588
  3
AcDbContextDataManager
360
9585
  0
DICTIONARY
  5
958A
330
9589
100
AcDbDictionary
280
     1
281
     1
  3
ACAD_DIMASSOC
360
958E
  3
AcDbContextDataManager
360
958B
  0
DICTIONARY
  5
971A
330
9719
100
AcDbDictionary
280
     1
281
     1
  3
AcDbContextDataManager
360
971B
  0
DICTIONARY
  5
9A11
330
9A10
100
AcDbDictionary
280
     1
281
     1
  3
AcDbContextDataManager
360
9A12
  0
DICTIONARY
  5
9A1C
330
9A1B
100
AcDbDictionary
280
     1
281
     1
  3
AcDbContextDataManager
360
9A1D
  0
DICTIONARY
  5
9A21
330
9A20
100
AcDbDictionary
280
     1
281
     1
  3
AcDbContextDataManager
360
9A22
  0
DICTIONARY
  5
9A26
330
9A25
100
AcDbDictionary
280
     1
281
     1
  3
ACAD_DIMASSOC
360
9A2A
  3
AcDbContextDataManager
360
9A27
  0
DICTIONARY
  5
9A2C
330
9A2B
100
AcDbDictionary
280
     1
281
     1
  3
ACAD_DIMASSOC
360
9A30
  3
AcDbContextDataManager
360
9A2D
  0
DICTIONARY
  5
9A32
330
9A31
100
AcDbDictionary
280
     1
281
     1
  3
ACAD_DIMASSOC
360
9A36
  3
AcDbContextDataManager
360
9A33
  0
DICTIONARY
  5
2388
330
2387
100
AcDbDictionary
280
     1
281
     1
  3
ASDK_XREC_ANNOTATION_SCALE_INFO
360
2389
  3
ASDK_XREC_VIEWS
360
238A
  0
DICTIONARY
  5
238C
330
238B
100
AcDbDictionary
280
     1
281
     1
  3
ASDK_XREC_ANNOTATION_SCALE_INFO
360
250D
  3
ASDK_XREC_VIEWS
360
238D
  0
DICTIONARY
  5
238F
330
238E
100
AcDbDictionary
280
     1
281
     1
  3
ACAD_FIELD
360
2390
  0
DICTIONARY
  5
23E9
330
23E8
100
AcDbDictionary
280
     1
281
     1
  3
AcDbBlockRepresentation
360
23EA
  0
DICTIONARY
  5
2400
330
23FF
100
AcDbDictionary
280
     1
281
     1
  3
AcDbBlockRepresentation
360
2401
  0
DICTIONARY
  5
2417
330
2416
100
AcDbDictionary
280
     1
281
     1
  3
AcDbBlockRepresentation
360
2418
  0
DICTIONARY
  5
242E
330
242D
100
AcDbDictionary
280
     1
281
     1
  3
AcDbBlockRepresentation
360
242F
  0
DICTIONARY
  5
50F8
330
50F7
100
AcDbDictionary
280
     1
281
     1
  0
DICTIONARY
  5
50FA
330
50F9
100
AcDbDictionary
280
     1
281
     1
  0
DICTIONARY
  5
50FC
330
50FB
100
AcDbDictionary
280
     1
281
     1
  0
DICTIONARY
  5
50FE
330
50FD
100
AcDbDictionary
280
     1
281
     1
  0
DICTIONARY
  5
5100
330
50FF
100
AcDbDictionary
280
     1
281
     1
  0
DICTIONARY
  5
5102
330
5101
100
AcDbDictionary
280
     1
281
     1
  0
DICTIONARY
  5
5104
330
5103
100
AcDbDictionary
280
     1
281
     1
  0
DICTIONARY
  5
5106
330
5105
100
AcDbDictionary
280
     1
281
     1
  0
DICTIONARY
  5
5108
330
5107
100
AcDbDictionary
280
     1
281
     1
  0
DICTIONARY
  5
3DA
330
2
100
AcDbDictionary
280
     1
281
     1
  3
ACAD_LAYERFILTERS
360
81C4
  3
ACAD_LAYERSTATES
360
3DB
  3
ACLYDICTIONARY
360
81C3
  0
DICTIONARY
  5
36C
330
36B
100
AcDbDictionary
280
     1
281
     1
  3
ADSK_XREC_LAYER_RECONCILED
360
36D
  0
DICTIONARY
  5
36F
330
36E
100
AcDbDictionary
280
     1
281
     1
  3
ADSK_XREC_LAYER_RECONCILED
360
370
  0
DICTIONARY
  5
372
330
371
100
AcDbDictionary
280
     1
281
     1
  3
ADSK_XREC_LAYER_RECONCILED
360
373
  0
DICTIONARY
  5
375
330
374
100
AcDbDictionary
280
     1
281
     1
  3
ADSK_XREC_LAYER_RECONCILED
360
376
  0
DICTIONARY
  5
378
330
377
100
AcDbDictionary
280
     1
281
     1
  3
ADSK_XREC_LAYER_RECONCILED
360
379
  0
DICTIONARY
  5
37B
330
37A
100
AcDbDictionary
280
     1
281
     1
  3
ADSK_XREC_LAYER_RECONCILED
360
37C
  0
DICTIONARY
  5
37E
330
37D
100
AcDbDictionary
280
     1
281
     1
  3
ADSK_XREC_LAYER_RECONCILED
360
37F
  0
DICTIONARY
  5
381
330
380
100
AcDbDictionary
280
     1
281
     1
  3
ADSK_XREC_LAYER_RECONCILED
360
382
  0
DICTIONARY
  5
384
330
383
100
AcDbDictionary
280
     1
281
     1
  3
ADSK_XREC_LAYER_RECONCILED
360
385
  0
DICTIONARY
  5
387
330
386
100
AcDbDictionary
280
     1
281
     1
  3
ADSK_XREC_LAYER_RECONCILED
360
388
  0
DICTIONARY
  5
38A
330
389
100
AcDbDictionary
280
     1
281
     1
  3
ADSK_XREC_LAYER_RECONCILED
360
38B
  0
DICTIONARY
  5
38D
330
38C
100
AcDbDictionary
280
     1
281
     1
  3
ADSK_XREC_LAYER_RECONCILED
360
38E
  0
DICTIONARY
  5
390
330
38F
100
AcDbDictionary
280
     1
281
     1
  3
ADSK_XREC_LAYER_RECONCILED
360
391
  0
DICTIONARY
  5
393
330
392
100
AcDbDictionary
280
     1
281
     1
  3
ADSK_XREC_LAYER_RECONCILED
360
394
  0
DICTIONARY
  5
399
330
398
100
AcDbDictionary
280
     1
281
     1
  3
ADSK_XREC_LAYER_RECONCILED
360
39A
  0
DICTIONARY
  5
39C
330
39B
100
AcDbDictionary
280
     1
281
     1
  3
ADSK_XREC_LAYER_RECONCILED
360
39D
  0
DICTIONARY
  5
39F
330
39E
100
AcDbDictionary
280
     1
281
     1
  3
ADSK_XREC_LAYER_RECONCILED
360
3A0
  0
DICTIONARY
  5
3A2
330
3A1
100
AcDbDictionary
280
     1
281
     1
  3
ADSK_XREC_LAYER_RECONCILED
360
3A3
  0
DICTIONARY
  5
3A5
330
3A4
100
AcDbDictionary
280
     1
281
     1
  3
ADSK_XREC_LAYER_RECONCILED
360
3A6
  0
DICTIONARY
  5
3A8
330
3A7
100
AcDbDictionary
280
     1
281
     1
  3
ADSK_XREC_LAYER_RECONCILED
360
3A9
  0
DICTIONARY
  5
3AB
330
3AA
100
AcDbDictionary
280
     1
281
     1
  3
ADSK_XREC_LAYER_RECONCILED
360
3AC
  0
DICTIONARY
  5
3BD
330
3BC
100
AcDbDictionary
280
     1
281
     1
  3
ADSK_XREC_LAYER_RECONCILED
360
3BE
  0
DICTIONARY
  5
3C0
330
3BF
100
AcDbDictionary
280
     1
281
     1
  3
ADSK_XREC_LAYER_RECONCILED
360
3C1
  0
DICTIONARY
  5
3C3
330
3C2
100
AcDbDictionary
280
     1
281
     1
  3
ADSK_XREC_LAYER_RECONCILED
360
3C4
  0
DICTIONARY
  5
3C6
330
3C5
100
AcDbDictionary
280
     1
281
     1
  3
ADSK_XREC_LAYER_RECONCILED
360
3C7
  0
DICTIONARY
  5
2287
330
2286
100
AcDbDictionary
280
     1
281
     1
  3
ADSK_XREC_LAYER_RECONCILED
360
2288
  0
DICTIONARY
  5
228A
330
2289
100
AcDbDictionary
280
     1
281
     1
  3
ADSK_XREC_LAYER_RECONCILED
360
228B
  0
DICTIONARY
  5
228D
330
228C
100
AcDbDictionary
280
     1
281
     1
  3
ADSK_XREC_LAYER_RECONCILED
360
228E
  0
DICTIONARY
  5
2290
330
228F
100
AcDbDictionary
280
     1
281
     1
  3
ADSK_XREC_LAYER_RECONCILED
360
2291
  0
DICTIONARY
  5
2293
330
2292
100
AcDbDictionary
280
     1
281
     1
  3
ADSK_XREC_LAYER_RECONCILED
360
2294
  0
DICTIONARY
  5
2296
330
2295
100
AcDbDictionary
280
     1
281
     1
  3
ADSK_XREC_LAYER_RECONCILED
360
2297
  0
DICTIONARY
  5
2299
330
2298
100
AcDbDictionary
280
     1
281
     1
  3
ADSK_XREC_LAYER_RECONCILED
360
229A
  0
DICTIONARY
  5
229C
330
229B
100
AcDbDictionary
280
     1
281
     1
  3
ADSK_XREC_LAYER_RECONCILED
360
229D
  0
DICTIONARY
  5
229F
330
229E
100
AcDbDictionary
280
     1
281
     1
  3
ADSK_XREC_LAYER_RECONCILED
360
22A0
  0
DICTIONARY
  5
22A2
330
22A1
100
AcDbDictionary
280
     1
281
     1
  3
ADSK_XREC_LAYER_RECONCILED
360
22A3
  0
DICTIONARY
  5
22A5
330
22A4
100
AcDbDictionary
280
     1
281
     1
  3
ADSK_XREC_LAYER_RECONCILED
360
22A6
  0
DICTIONARY
  5
22A8
330
22A7
100
AcDbDictionary
280
     1
281
     1
  3
ADSK_XREC_LAYER_RECONCILED
360
22A9
  0
DICTIONARY
  5
50C5
330
50C4
100
AcDbDictionary
280
     1
281
     1
  3
ADSK_XREC_LAYER_RECONCILED
360
50C6
  0
DICTIONARY
  5
CE99
330
CE98
100
AcDbDictionary
280
     1
281
     1
  3
ASDK_XREC_ANNO_SCALE_INFO
360
CE9A
  0
DICTIONARY
  5
CE9C
330
CE9B
100
AcDbDictionary
280
     1
281
     1
  3
ASDK_XREC_ANNO_SCALE_INFO
360
CE9D
  0
DICTIONARY
  5
CE9F
330
CE9E
100
AcDbDictionary
280
     1
281
     1
  3
ASDK_XREC_ANNO_SCALE_INFO
360
CEA0
  0
DICTIONARY
  5
CEA2
330
CEA1
100
AcDbDictionary
280
     1
281
     1
  3
ASDK_XREC_ANNO_SCALE_INFO
360
CEA3
  0
DICTIONARY
  5
CEA5
330
CEA4
100
AcDbDictionary
280
     1
281
     1
  3
ASDK_XREC_ANNO_SCALE_INFO
360
CEA6
  0
DICTIONARY
  5
73
330
C
100
AcDbDictionary
280
     0
281
     1
  0
DICTIONARY
  5
D
330
C
100
AcDbDictionary
280
     0
281
     1
  0
DICTIONARY
  5
1A
330
C
100
AcDbDictionary
280
     0
281
     1
  3
Model
360
22
  3
SECTIONS AND DETAILS
360
2189
  0
DICTIONARY
  5
72
330
C
100
AcDbDictionary
280
     0
281
     1
  3
ByBlock
360
97
  3
ByLayer
360
96
  3
Global
360
98
  0
DICTIONARY
  5
115
330
114
100
AcDbDictionary
280
     1
281
     1
  3
ACAD_SORTENTS
360
116
  0
DICTIONARY
  5
21C8
330
21C7
100
AcDbDictionary
280
     1
281
     1
  3
TEXT
360
21C9
  0
DICTIONARY
  5
21CD
330
21CC
100
AcDbDictionary
280
     1
281
     1
  3
TEXT
360
21CE
  0
DICTIONARY
  5
21D2
330
21D1
100
AcDbDictionary
280
     1
281
     1
  3
TEXT
360
21D3
  0
DICTIONARY
  5
21D7
330
21D6
100
AcDbDictionary
280
     1
281
     1
  3
TEXT
360
21D8
  0
DICTIONARY
  5
21DC
330
21DB
100
AcDbDictionary
280
     1
281
     1
  3
TEXT
360
21DD
  0
DICTIONARY
  5
21E1
330
21E0
100
AcDbDictionary
280
     1
281
     1
  3
TEXT
360
21E2
  0
DICTIONARY
  5
21E6
330
21E5
100
AcDbDictionary
280
     1
281
     1
  3
TEXT
360
21E7
  0
DICTIONARY
  5
21EB
330
21EA
100
AcDbDictionary
280
     1
281
     1
  3
TEXT
360
21EC
  0
DICTIONARY
  5
21F0
330
21EF
100
AcDbDictionary
280
     1
281
     1
  3
TEXT
360
21F1
  0
DICTIONARY
  5
21F5
330
21F4
100
AcDbDictionary
280
     1
281
     1
  3
TEXT
360
21F6
  0
DICTIONARY
  5
21FC
330
21FB
100
AcDbDictionary
280
     1
281
     1
  3
TEXT
360
21FD
  0
DICTIONARY
  5
2201
330
2200
100
AcDbDictionary
280
     1
281
     1
  3
TEXT
360
2202
  0
DICTIONARY
  5
2206
330
2205
100
AcDbDictionary
280
     1
281
     1
  3
TEXT
360
2207
  0
DICTIONARY
  5
221C
330
221B
100
AcDbDictionary
280
     1
281
     1
  0
DICTIONARY
  5
221F
330
221E
100
AcDbDictionary
280
     1
281
     1
  3
TEXT
360
2220
  0
DICTIONARY
  5
2224
330
2223
100
AcDbDictionary
280
     1
281
     1
  3
TEXT
360
2225
  0
DICTIONARY
  5
2229
330
2228
100
AcDbDictionary
280
     1
281
     1
  3
TEXT
360
222A
  0
DICTIONARY
  5
2232
330
2231
100
AcDbDictionary
280
     1
281
     1
  0
DICTIONARY
  5
2234
330
2233
100
AcDbDictionary
280
     1
281
     1
  3
ACAD_FIELD
360
2235
  0
DICTIONARY
  5
223A
330
2239
100
AcDbDictionary
280
     1
281
     1
  3
TEXT
360
223B
  0
DICTIONARY
  5
223F
330
223E
100
AcDbDictionary
280
     1
281
     1
  3
TEXT
360
2240
  0
DICTIONARY
  5
2248
330
2247
100
AcDbDictionary
280
     1
281
     1
  0
DICTIONARY
  5
224A
330
2249
100
AcDbDictionary
280
     1
281
     1
  3
ACAD_FIELD
360
224B
  0
DICTIONARY
  5
2250
330
224F
100
AcDbDictionary
280
     1
281
     1
  3
TEXT
360
2251
  0
DICTIONARY
  5
2255
330
2254
100
AcDbDictionary
280
     1
281
     1
  3
TEXT
360
2256
  0
DICTIONARY
  5
225E
330
225D
100
AcDbDictionary
280
     1
281
     1
  0
DICTIONARY
  5
2260
330
225F
100
AcDbDictionary
280
     1
281
     1
  3
ACAD_FIELD
360
2261
  0
DICTIONARY
  5
2266
330
2265
100
AcDbDictionary
280
     1
281
     1
  3
TEXT
360
2267
  0
DICTIONARY
  5
226B
330
226A
100
AcDbDictionary
280
     1
281
     1
  3
TEXT
360
226C
  0
DICTIONARY
  5
2274
330
2273
100
AcDbDictionary
280
     1
281
     1
  0
DICTIONARY
  5
2276
330
2275
100
AcDbDictionary
280
     1
281
     1
  3
ACAD_FIELD
360
2277
  0
DICTIONARY
  5
227C
330
227B
100
AcDbDictionary
280
     1
281
     1
  3
TEXT
360
227D
  0
DICTIONARY
  5
2281
330
2280
100
AcDbDictionary
280
     1
281
     1
  3
TEXT
360
2282
  0
DICTIONARY
  5
1846
330
1845
100
AcDbDictionary
280
     0
281
     1
  3
ACDB_ANNOTATIONSCALES
360
1847
  0
DICTIONARY
  5
1836
330
1835
100
AcDbDictionary
280
     0
281
     1
  3
ACDB_ANNOTATIONSCALES
360
1837
  0
DICTIONARY
  5
1855
330
1854
100
AcDbDictionary
280
     0
281
     1
  3
ACDB_ANNOTATIONSCALES
360
1856
  0
DICTIONARY
  5
1864
330
1863
100
AcDbDictionary
280
     0
281
     1
  3
ACDB_ANNOTATIONSCALES
360
1865
  0
DICTIONARY
  5
1874
330
1873
100
AcDbDictionary
280
     0
281
     1
  3
ACDB_ANNOTATIONSCALES
360
1875
  0
DICTIONARY
  5
41B5
330
41B4
100
AcDbDictionary
280
     0
281
     1
  3
ACDB_ANNOTATIONSCALES
360
41B6
  0
DICTIONARY
  5
16E1
330
16E0
100
AcDbDictionary
280
     0
281
     1
  3
ACDB_ANNOTATIONSCALES
360
16E2
  0
DICTIONARY
  5
16B1
330
16B0
100
AcDbDictionary
280
     0
281
     1
  3
ACDB_ANNOTATIONSCALES
360
16B2
  0
DICTIONARY
  5
16C1
330
16C0
100
AcDbDictionary
280
     0
281
     1
  3
ACDB_ANNOTATIONSCALES
360
16C2
  0
DICTIONARY
  5
414F
330
414E
100
AcDbDictionary
280
     0
281
     1
  3
ACDB_ANNOTATIONSCALES
360
4150
  0
DICTIONARY
  5
16D1
330
16D0
100
AcDbDictionary
280
     0
281
     1
  3
ACDB_ANNOTATIONSCALES
360
16D2
  0
DICTIONARY
  5
161D
330
161C
100
AcDbDictionary
280
     0
281
     1
  3
ACDB_ANNOTATIONSCALES
360
161E
  0
DICTIONARY
  5
15C9
330
15C8
100
AcDbDictionary
280
     0
281
     1
  3
ACDB_ANNOTATIONSCALES
360
15CA
  0
DICTIONARY
  5
16F2
330
16F1
100
AcDbDictionary
280
     0
281
     1
  3
ACDB_ANNOTATIONSCALES
360
16F3
  0
DICTIONARY
  5
275C
330
275B
100
AcDbDictionary
280
     0
281
     1
  3
ACDB_ANNOTATIONSCALES
360
275D
  0
DICTIONARY
  5
276D
330
276C
100
AcDbDictionary
280
     0
281
     1
  3
ACDB_ANNOTATIONSCALES
360
276E
  0
DICTIONARY
  5
2790
330
278F
100
AcDbDictionary
280
     0
281
     1
  3
ACDB_ANNOTATIONSCALES
360
2791
  0
DICTIONARY
  5
4185
330
4184
100
AcDbDictionary
280
     0
281
     1
  3
ACDB_ANNOTATIONSCALES
360
4186
  0
DICTIONARY
  5
418C
330
418B
100
AcDbDictionary
280
     0
281
     1
  3
ACDB_ANNOTATIONSCALES
360
418D
  0
DICTIONARY
  5
27DE
330
27DD
100
AcDbDictionary
280
     0
281
     1
  3
ACDB_ANNOTATIONSCALES
360
27DF
  0
DICTIONARY
  5
277F
330
277E
100
AcDbDictionary
280
     0
281
     1
  3
ACDB_ANNOTATIONSCALES
360
2780
  0
DICTIONARY
  5
5290
330
528F
100
AcDbDictionary
280
     0
281
     1
  3
ACDB_ANNOTATIONSCALES
360
5291
  0
DICTIONARY
  5
527F
330
527E
100
AcDbDictionary
280
     0
281
     1
  3
ACDB_ANNOTATIONSCALES
360
5280
  0
DICTIONARY
  5
52A1
330
52A0
100
AcDbDictionary
280
     0
281
     1
  3
ACDB_ANNOTATIONSCALES
360
52A2
  0
DICTIONARY
  5
1782
330
1781
100
AcDbDictionary
280
     0
281
     1
  3
ACDB_ANNOTATIONSCALES
360
1783
  0
DICTIONARY
  5
1713
330
1712
100
AcDbDictionary
280
     0
281
     1
  3
ACDB_ANNOTATIONSCALES
360
1714
  0
DICTIONARY
  5
1702
330
1701
100
AcDbDictionary
280
     0
281
     1
  3
ACDB_ANNOTATIONSCALES
360
1703
  0
DICTIONARY
  5
2C52
330
2C51
100
AcDbDictionary
280
     0
281
     1
  3
ACDB_ANNOTATIONSCALES
360
2C53
  0
DICTIONARY
  5
2E33
330
2E32
100
AcDbDictionary
280
     0
281
     1
  3
ACDB_ANNOTATIONSCALES
360
2E34
  0
DICTIONARY
  5
2E3B
330
2E3A
100
AcDbDictionary
280
     0
281
     1
  3
ACDB_ANNOTATIONSCALES
360
2E3C
  0
DICTIONARY
  5
2E43
330
2E42
100
AcDbDictionary
280
     0
281
     1
  3
ACDB_ANNOTATIONSCALES
360
2E44
  0
DICTIONARY
  5
3246
330
3245
100
AcDbDictionary
280
     0
281
     1
  3
ACDB_ANNOTATIONSCALES
360
3247
  0
DICTIONARY
  5
3253
330
3252
100
AcDbDictionary
280
     0
281
     1
  3
ACDB_ANNOTATIONSCALES
360
3254
  0
DICTIONARY
  5
3456
330
3455
100
AcDbDictionary
280
     0
281
     1
  3
ACDB_ANNOTATIONSCALES
360
3457
  0
DICTIONARY
  5
367B
330
367A
100
AcDbDictionary
280
     0
281
     1
  3
ACDB_ANNOTATIONSCALES
360
367C
  0
DICTIONARY
  5
3A16
330
3A15
100
AcDbDictionary
280
     0
281
     1
  3
ACDB_ANNOTATIONSCALES
360
3A17
  0
DICTIONARY
  5
3A4A
330
3A49
100
AcDbDictionary
280
     0
281
     1
  3
ACDB_ANNOTATIONSCALES
360
3A4B
  0
DICTIONARY
  5
3A4F
330
3A4E
100
AcDbDictionary
280
     0
281
     1
  3
ACDB_ANNOTATIONSCALES
360
3A50
  0
DICTIONARY
  5
3C9D
330
3C9C
100
AcDbDictionary
280
     0
281
     1
  3
ACDB_ANNOTATIONSCALES
360
3C9E
  0
DICTIONARY
  5
3CA2
330
3CA1
100
AcDbDictionary
280
     0
281
     1
  3
ACDB_ANNOTATIONSCALES
360
3CA3
  0
DICTIONARY
  5
3CA7
330
3CA6
100
AcDbDictionary
280
     0
281
     1
  3
ACDB_ANNOTATIONSCALES
360
3CA8
  0
DICTIONARY
  5
413B
330
413A
100
AcDbDictionary
280
     0
281
     1
  3
ACDB_ANNOTATIONSCALES
360
413C
  0
DICTIONARY
  5
41CD
330
41CC
100
AcDbDictionary
280
     0
281
     1
  3
ACDB_ANNOTATIONSCALES
360
41CE
  0
DICTIONARY
  5
41E2
330
41E1
100
AcDbDictionary
280
     0
281
     1
  3
ACDB_ANNOTATIONSCALES
360
41E3
  0
DICTIONARY
  5
4E15
330
4E14
100
AcDbDictionary
280
     0
281
     1
  3
ACDB_ANNOTATIONSCALES
360
4E16
  0
DICTIONARY
  5
575C
330
575B
100
AcDbDictionary
280
     0
281
     1
  3
ACDB_ANNOTATIONSCALES
360
575D
  0
DICTIONARY
  5
5761
330
5760
100
AcDbDictionary
280
     0
281
     1
  3
ACDB_ANNOTATIONSCALES
360
5762
  0
DICTIONARY
  5
5766
330
5765
100
AcDbDictionary
280
     0
281
     1
  3
ACDB_ANNOTATIONSCALES
360
5767
  0
DICTIONARY
  5
5D0C
330
5D0B
100
AcDbDictionary
280
     0
281
     1
  3
ACDB_ANNOTATIONSCALES
360
5D0D
  0
DICTIONARY
  5
5D11
330
5D10
100
AcDbDictionary
280
     0
281
     1
  3
ACDB_ANNOTATIONSCALES
360
5D12
  0
DICTIONARY
  5
5D19
330
5D18
100
AcDbDictionary
280
     0
281
     1
  3
ACDB_ANNOTATIONSCALES
360
5D1A
  0
DICTIONARY
  5
5D2F
330
5D2E
100
AcDbDictionary
280
     0
281
     1
  3
ACDB_ANNOTATIONSCALES
360
5D30
  0
DICTIONARY
  5
5D34
330
5D33
100
AcDbDictionary
280
     0
281
     1
  3
ACDB_ANNOTATIONSCALES
360
5D35
  0
DICTIONARY
  5
600A
330
6009
100
AcDbDictionary
280
     0
281
     1
  3
ACDB_ANNOTATIONSCALES
360
600B
  0
DICTIONARY
  5
65CF
330
65CE
100
AcDbDictionary
280
     0
281
     1
  3
ACDB_ANNOTATIONSCALES
360
65D0
  0
DICTIONARY
  5
65D9
330
65D8
100
AcDbDictionary
280
     0
281
     1
  3
ACDB_ANNOTATIONSCALES
360
65DA
  0
DICTIONARY
  5
65E1
330
65E0
100
AcDbDictionary
280
     0
281
     1
  3
ACDB_ANNOTATIONSCALES
360
65E2
  0
DICTIONARY
  5
9576
330
9575
100
AcDbDictionary
280
     0
281
     1
  3
ACDB_ANNOTATIONSCALES
360
9577
  0
DICTIONARY
  5
957B
330
957A
100
AcDbDictionary
280
     0
281
     1
  3
ACDB_ANNOTATIONSCALES
360
957C
  0
DICTIONARY
  5
9580
330
957F
100
AcDbDictionary
280
     0
281
     1
  3
ACDB_ANNOTATIONSCALES
360
9581
  0
DICTIONARY
  5
9585
330
9584
100
AcDbDictionary
280
     0
281
     1
  3
ACDB_ANNOTATIONSCALES
360
9586
  0
DICTIONARY
  5
958B
330
958A
100
AcDbDictionary
280
     0
281
     1
  3
ACDB_ANNOTATIONSCALES
360
958C
  0
DICTIONARY
  5
971B
330
971A
100
AcDbDictionary
280
     0
281
     1
  3
ACDB_ANNOTATIONSCALES
360
971C
  0
DICTIONARY
  5
9A12
330
9A11
100
AcDbDictionary
280
     0
281
     1
  3
ACDB_ANNOTATIONSCALES
360
9A13
  0
DICTIONARY
  5
9A1D
330
9A1C
100
AcDbDictionary
280
     0
281
     1
  3
ACDB_ANNOTATIONSCALES
360
9A1E
  0
DICTIONARY
  5
9A22
330
9A21
100
AcDbDictionary
280
     0
281
     1
  3
ACDB_ANNOTATIONSCALES
360
9A23
  0
DICTIONARY
  5
9A27
330
9A26
100
AcDbDictionary
280
     0
281
     1
  3
ACDB_ANNOTATIONSCALES
360
9A28
  0
DICTIONARY
  5
9A2D
330
9A2C
100
AcDbDictionary
280
     0
281
     1
  3
ACDB_ANNOTATIONSCALES
360
9A2E
  0
DICTIONARY
  5
9A33
330
9A32
100
AcDbDictionary
280
     0
281
     1
  3
ACDB_ANNOTATIONSCALES
360
9A34
  0
DICTIONARY
  5
2190
330
218F
100
AcDbDictionary
280
     1
281
     1
  3
ASDK_XREC_ANNOTATION_SCALE_INFO
360
2191
  0
DICTIONARY
  5
2382
330
2381
100
AcDbDictionary
280
     1
281
     1
  3
ASDK_XREC_ANNOTATION_SCALE_INFO
360
2509
  3
ASDK_XREC_VIEWS
360
2383
  0
DICTIONARY
  5
2385
330
2384
100
AcDbDictionary
280
     1
281
     1
  3
ASDK_XREC_ANNOTATION_SCALE_INFO
360
2686
  3
ASDK_XREC_VIEWS
360
2386
  0
DICTIONARY
  5
2390
330
238F
100
AcDbDictionary
280
     1
281
     1
  3
TEXT
360
2391
  0
DICTIONARY
  5
23EA
330
23E9
100
AcDbDictionary
280
     1
281
     1
  3
AcDbRepData
360
23EB
  3
AppDataCache
360
23EC
  0
DICTIONARY
  5
23F0
330
23EF
100
AcDbDictionary
280
     1
281
     1
  0
DICTIONARY
  5
23F5
330
23F4
100
AcDbDictionary
280
     1
281
     1
  0
DICTIONARY
  5
23FA
330
23F9
100
AcDbDictionary
280
     1
281
     1
  0
DICTIONARY
  5
2401
330
2400
100
AcDbDictionary
280
     1
281
     1
  3
AcDbRepData
360
2402
  3
AppDataCache
360
2403
  0
DICTIONARY
  5
2407
330
2406
100
AcDbDictionary
280
     1
281
     1
  0
DICTIONARY
  5
240C
330
240B
100
AcDbDictionary
280
     1
281
     1
  0
DICTIONARY
  5
2411
330
2410
100
AcDbDictionary
280
     1
281
     1
  0
DICTIONARY
  5
2418
330
2417
100
AcDbDictionary
280
     1
281
     1
  3
AcDbRepData
360
2419
  3
AppDataCache
360
241A
  0
DICTIONARY
  5
241E
330
241D
100
AcDbDictionary
280
     1
281
     1
  0
DICTIONARY
  5
2423
330
2422
100
AcDbDictionary
280
     1
281
     1
  0
DICTIONARY
  5
2428
330
2427
100
AcDbDictionary
280
     1
281
     1
  0
DICTIONARY
  5
242F
330
242E
100
AcDbDictionary
280
     1
281
     1
  3
AcDbRepData
360
2430
  3
AppDataCache
360
2431
  0
DICTIONARY
  5
2435
330
2434
100
AcDbDictionary
280
     1
281
     1
  0
DICTIONARY
  5
243A
330
2439
100
AcDbDictionary
280
     1
281
     1
  0
DICTIONARY
  5
243F
330
243E
100
AcDbDictionary
280
     1
281
     1
  0
DICTIONARY
  5
50F0
330
50EF
100
AcDbDictionary
280
     1
281
     1
  0
DICTIONARY
  5
50F2
330
50F1
100
AcDbDictionary
280
     1
281
     1
  0
DICTIONARY
  5
50F4
330
50F3
100
AcDbDictionary
280
     1
281
     1
  0
DICTIONARY
  5
50F6
330
50F5
100
AcDbDictionary
280
     1
281
     1
  0
DICTIONARY
  5
81C4
330
3DA
100
AcDbDictionary
280
     0
281
     1
  0
DICTIONARY
  5
3DB
330
3DA
100
AcDbDictionary
280
     0
281
     1
  0
DICTIONARY
  5
81C3
330
3DA
100
AcDbDictionary
280
     0
281
     1
1001
ACAD
1000
<All
  0
DICTIONARY
  5
E6
330
10
100
AcDbDictionary
280
     1
281
     1
  3
ADSK_XREC_LAYER_RECONCILED
360
E7
  0
DICTIONARY
  5
366
330
365
100
AcDbDictionary
280
     1
281
     1
  3
ADSK_XREC_LAYER_RECONCILED
360
367
  0
DICTIONARY
  5
369
330
368
100
AcDbDictionary
280
     1
281
     1
  3
ADSK_XREC_LAYER_RECONCILED
360
36A
  0
DICTIONARY
  5
1659
330
87
100
AcDbDictionary
280
     1
281
     1
  3
ACAD_ROUNDTRIP_2008_TABLESTYLE_CELLSTYLEMAP
360
CE97
  0
DICTIONARY
  5
2235
330
2234
100
AcDbDictionary
280
     1
281
     1
  3
TEXT
360
2236
  0
DICTIONARY
  5
224B
330
224A
100
AcDbDictionary
280
     1
281
     1
  3
TEXT
360
224C
  0
DICTIONARY
  5
2261
330
2260
100
AcDbDictionary
280
     1
281
     1
  3
TEXT
360
2262
  0
DICTIONARY
  5
2277
330
2276
100
AcDbDictionary
280
     1
281
     1
  3
TEXT
360
2278
  0
DICTIONARY
  5
1847
330
1846
100
AcDbDictionary
280
     0
281
     1
  0
DICTIONARY
  5
1837
330
1836
100
AcDbDictionary
280
     0
281
     1
  0
DICTIONARY
  5
1856
330
1855
100
AcDbDictionary
280
     0
281
     1
  0
DICTIONARY
  5
1865
330
1864
100
AcDbDictionary
280
     0
281
     1
  0
DICTIONARY
  5
1875
330
1874
100
AcDbDictionary
280
     0
281
     1
  0
DICTIONARY
  5
41B6
330
41B5
100
AcDbDictionary
280
     0
281
     1
  0
DICTIONARY
  5
16E2
330
16E1
100
AcDbDictionary
280
     0
281
     1
  0
DICTIONARY
  5
16B2
330
16B1
100
AcDbDictionary
280
     0
281
     1
  0
DICTIONARY
  5
16C2
330
16C1
100
AcDbDictionary
280
     0
281
     1
  0
DICTIONARY
  5
4150
330
414F
100
AcDbDictionary
280
     0
281
     1
  0
DICTIONARY
  5
16D2
330
16D1
100
AcDbDictionary
280
     0
281
     1
  0
DICTIONARY
  5
161E
330
161D
100
AcDbDictionary
280
     0
281
     1
  0
DICTIONARY
  5
15CA
330
15C9
100
AcDbDictionary
280
     0
281
     1
  0
DICTIONARY
  5
16F3
330
16F2
100
AcDbDictionary
280
     0
281
     1
  0
DICTIONARY
  5
275D
330
275C
100
AcDbDictionary
280
     0
281
     1
  0
DICTIONARY
  5
276E
330
276D
100
AcDbDictionary
280
     0
281
     1
  0
DICTIONARY
  5
2791
330
2790
100
AcDbDictionary
280
     0
281
     1
  0
DICTIONARY
  5
4186
330
4185
100
AcDbDictionary
280
     0
281
     1
  0
DICTIONARY
  5
418D
330
418C
100
AcDbDictionary
280
     0
281
     1
  0
DICTIONARY
  5
27DF
330
27DE
100
AcDbDictionary
280
     0
281
     1
  0
DICTIONARY
  5
2780
330
277F
100
AcDbDictionary
280
     0
281
     1
  0
DICTIONARY
  5
5291
330
5290
100
AcDbDictionary
280
     0
281
     1
  0
DICTIONARY
  5
5280
330
527F
100
AcDbDictionary
280
     0
281
     1
  0
DICTIONARY
  5
52A2
330
52A1
100
AcDbDictionary
280
     0
281
     1
  0
DICTIONARY
  5
1783
330
1782
100
AcDbDictionary
280
     0
281
     1
  0
DICTIONARY
  5
1714
330
1713
100
AcDbDictionary
280
     0
281
     1
  0
DICTIONARY
  5
1703
330
1702
100
AcDbDictionary
280
     0
281
     1
  0
DICTIONARY
  5
2C53
330
2C52
100
AcDbDictionary
280
     0
281
     1
  0
DICTIONARY
  5
2E34
330
2E33
100
AcDbDictionary
280
     0
281
     1
  0
DICTIONARY
  5
2E3C
330
2E3B
100
AcDbDictionary
280
     0
281
     1
  0
DICTIONARY
  5
2E44
330
2E43
100
AcDbDictionary
280
     0
281
     1
  0
DICTIONARY
  5
3247
330
3246
100
AcDbDictionary
280
     0
281
     1
  0
DICTIONARY
  5
3254
330
3253
100
AcDbDictionary
280
     0
281
     1
  0
DICTIONARY
  5
3457
330
3456
100
AcDbDictionary
280
     0
281
     1
  0
DICTIONARY
  5
367C
330
367B
100
AcDbDictionary
280
     0
281
     1
  0
DICTIONARY
  5
3A17
330
3A16
100
AcDbDictionary
280
     0
281
     1
  0
DICTIONARY
  5
3A4B
330
3A4A
100
AcDbDictionary
280
     0
281
     1
  0
DICTIONARY
  5
3A50
330
3A4F
100
AcDbDictionary
280
     0
281
     1
  0
DICTIONARY
  5
3C9E
330
3C9D
100
AcDbDictionary
280
     0
281
     1
  0
DICTIONARY
  5
3CA3
330
3CA2
100
AcDbDictionary
280
     0
281
     1
  0
DICTIONARY
  5
3CA8
330
3CA7
100
AcDbDictionary
280
     0
281
     1
  0
DICTIONARY
  5
413C
330
413B
100
AcDbDictionary
280
     0
281
     1
  0
DICTIONARY
  5
41CE
330
41CD
100
AcDbDictionary
280
     0
281
     1
  0
DICTIONARY
  5
41E3
330
41E2
100
AcDbDictionary
280
     0
281
     1
  0
DICTIONARY
  5
4E16
330
4E15
100
AcDbDictionary
280
     0
281
     1
  0
DICTIONARY
  5
575D
330
575C
100
AcDbDictionary
280
     0
281
     1
  0
DICTIONARY
  5
5762
330
5761
100
AcDbDictionary
280
     0
281
     1
  0
DICTIONARY
  5
5767
330
5766
100
AcDbDictionary
280
     0
281
     1
  0
DICTIONARY
  5
5D0D
330
5D0C
100
AcDbDictionary
280
     0
281
     1
  0
DICTIONARY
  5
5D12
330
5D11
100
AcDbDictionary
280
     0
281
     1
  0
DICTIONARY
  5
5D1A
330
5D19
100
AcDbDictionary
280
     0
281
     1
  0
DICTIONARY
  5
5D30
330
5D2F
100
AcDbDictionary
280
     0
281
     1
  0
DICTIONARY
  5
5D35
330
5D34
100
AcDbDictionary
280
     0
281
     1
  0
DICTIONARY
  5
600B
330
600A
100
AcDbDictionary
280
     0
281
     1
  0
DICTIONARY
  5
65D0
330
65CF
100
AcDbDictionary
280
     0
281
     1
  0
DICTIONARY
  5
65DA
330
65D9
100
AcDbDictionary
280
     0
281
     1
  0
DICTIONARY
  5
65E2
330
65E1
100
AcDbDictionary
280
     0
281
     1
  0
DICTIONARY
  5
9577
330
9576
100
AcDbDictionary
280
     0
281
     1
  0
DICTIONARY
  5
957C
330
957B
100
AcDbDictionary
280
     0
281
     1
  0
DICTIONARY
  5
9581
330
9580
100
AcDbDictionary
280
     0
281
     1
  0
DICTIONARY
  5
9586
330
9585
100
AcDbDictionary
280
     0
281
     1
  0
DICTIONARY
  5
958C
330
958B
100
AcDbDictionary
280
     0
281
     1
  0
DICTIONARY
  5
971C
330
971B
100
AcDbDictionary
280
     0
281
     1
  0
DICTIONARY
  5
9A13
330
9A12
100
AcDbDictionary
280
     0
281
     1
  0
DICTIONARY
  5
9A1E
330
9A1D
100
AcDbDictionary
280
     0
281
     1
  0
DICTIONARY
  5
9A23
330
9A22
100
AcDbDictionary
280
     0
281
     1
  0
DICTIONARY
  5
9A28
330
9A27
100
AcDbDictionary
280
     0
281
     1
  0
DICTIONARY
  5
9A2E
330
9A2D
100
AcDbDictionary
280
     0
281
     1
  0
DICTIONARY
  5
9A34
330
9A33
100
AcDbDictionary
280
     0
281
     1
  0
DICTIONARY
  5
23EC
330
23EA
100
AcDbDictionary
280
     1
281
     1
  3
ACAD_ENHANCEDBLOCKDATA
360
23ED
  0
DICTIONARY
  5
2403
330
2401
100
AcDbDictionary
280
     1
281
     1
  3
ACAD_ENHANCEDBLOCKDATA
360
2404
  0
DICTIONARY
  5
241A
330
2418
100
AcDbDictionary
280
     1
281
     1
  3
ACAD_ENHANCEDBLOCKDATA
360
241B
  0
DICTIONARY
  5
2431
330
242F
100
AcDbDictionary
280
     1
281
     1
  3
ACAD_ENHANCEDBLOCKDATA
360
2432
  0
DICTIONARY
  5
2458
330
2189
100
AcDbDictionary
280
     1
281
     1
  3
ADSK_XREC_LAYOUTTHUMBNAIL
360
2459
  0
DICTIONARY
  5
23ED
330
23EC
100
AcDbDictionary
280
     1
281
     1
  3
80
360
23EE
  0
DICTIONARY
  5
2404
330
2403
100
AcDbDictionary
280
     1
281
     1
  3
80
360
2405
  0
DICTIONARY
  5
241B
330
241A
100
AcDbDictionary
280
     1
281
     1
  3
80
360
241C
  0
DICTIONARY
  5
2432
330
2431
100
AcDbDictionary
280
     1
281
     1
  3
80
360
2433
  0
ACDBDICTIONARYWDFLT
  5
E
330
C
100
AcDbDictionary
280
     0
281
     1
  3
Normal
360
F
100
AcDbDictionaryWithDefault
340

  0
SCALE
  5
BB
330
B6
100
AcDbScale
 70
     0
300
1:10
140
1.0
141
10.0
290
     0
  0
SCALE
  5
BC
330
B6
100
AcDbScale
 70
     0
300
1:16
140
1.0
141
16.0
290
     0
  0
SCALE
  5
BD
330
B6
100
AcDbScale
 70
     0
300
1:20
140
1.0
141
20.0
290
     0
  0
SCALE
  5
BE
330
B6
100
AcDbScale
 70
     0
300
1:30
140
1.0
141
30.0
290
     0
  0
SCALE
  5
BF
330
B6
100
AcDbScale
 70
     0
300
1:40
140
1.0
141
40.0
290
     0
  0
SCALE
  5
C0
330
B6
100
AcDbScale
 70
     0
300
1:50
140
1.0
141
50.0
290
     0
  0
SCALE
  5
C1
330
B6
100
AcDbScale
 70
     0
300
1:100
140
1.0
141
100.0
290
     0
  0
SCALE
  5
C2
330
B6
100
AcDbScale
 70
     0
300
2:1
140
2.0
141
1.0
290
     0
  0
SCALE
  5
C3
330
B6
100
AcDbScale
 70
     0
300
4:1
140
4.0
141
1.0
290
     0
  0
SCALE
  5
C4
330
B6
100
AcDbScale
 70
     0
300
8:1
140
8.0
141
1.0
290
     0
  0
SCALE
  5
C5
330
B6
100
AcDbScale
 70
     0
300
10:1
140
10.0
141
1.0
290
     0
  0
SCALE
  5
C6
330
B6
100
AcDbScale
 70
     0
300
100:1
140
100.0
141
1.0
290
     0
  0
SCALE
  5
C7
330
B6
100
AcDbScale
 70
     0
300
1/128" = 1'-0"
140
0.0078
141
12.0
290
     0
  0
SCALE
  5
C8
330
B6
100
AcDbScale
 70
     0
300
1/64" = 1'-0"
140
0.0156
141
12.0
290
     0
  0
SCALE
  5
C9
330
B6
100
AcDbScale
 70
     0
300
1/32" = 1'-0"
140
0.0313
141
12.0
290
     0
  0
SCALE
  5
CA
330
B6
100
AcDbScale
 70
     0
300
1/16" = 1'-0"
140
0.0625
141
12.0
290
     0
  0
SCALE
  5
CB
330
B6
100
AcDbScale
 70
     0
300
3/32" = 1'-0"
140
0.0938
141
12.0
290
     0
  0
SCALE
  5
CC
330
B6
100
AcDbScale
 70
     0
300
1/8" = 1'-0"
140
0.125
141
12.0
290
     0
  0
SCALE
  5
CD
330
B6
100
AcDbScale
 70
     0
300
3/16" = 1'-0"
140
0.1875
141
12.0
290
     0
  0
SCALE
  5
CE
330
B6
100
AcDbScale
 70
     0
300
1/4" = 1'-0"
140
0.25
141
12.0
290
     0
  0
SCALE
  5
CF
330
B6
100
AcDbScale
 70
     0
300
3/8" = 1'-0"
140
0.375
141
12.0
290
     0
  0
SCALE
  5
D0
330
B6
100
AcDbScale
 70
     0
300
1/2" = 1'-0"
140
0.5
141
12.0
290
     0
  0
SCALE
  5
D1
330
B6
100
AcDbScale
 70
     0
300
3/4" = 1'-0"
140
0.75
141
12.0
290
     0
  0
SCALE
  5
D2
330
B6
100
AcDbScale
 70
     0
300
1" = 1'-0"
140
1.0
141
12.0
290
     0
  0
SCALE
  5
D3
330
B6
100
AcDbScale
 70
     0
300
1-1/2" = 1'-0"
140
1.5
141
12.0
290
     0
  0
SCALE
  5
D4
330
B6
100
AcDbScale
 70
     0
300
3" = 1'-0"
140
3.0
141
12.0
290
     0
  0
SCALE
  5
D5
330
B6
100
AcDbScale
 70
     0
300
6" = 1'-0"
140
6.0
141
12.0
290
     0
  0
SCALE
  5
D6
330
B6
100
AcDbScale
 70
     0
300
1'-0" = 1'-0"
140
12.0
141
12.0
290
     0
  0
VISUALSTYLE
  5
A5
330
99
100
AcDbVisualStyle
  0
VISUALSTYLE
  5
A9
330
99
100
AcDbVisualStyle
  0
VISUALSTYLE
  5
A2
330
99
100
AcDbVisualStyle
  0
VISUALSTYLE
  5
A4
330
99
100
AcDbVisualStyle
  0
VISUALSTYLE
  5
A8
330
99
100
AcDbVisualStyle
  0
VISUALSTYLE
  5
9A
330
99
100
AcDbVisualStyle
  0
VISUALSTYLE
  5
9B
330
99
100
AcDbVisualStyle
  0
VISUALSTYLE
  5
9C
330
99
100
AcDbVisualStyle
  0
VISUALSTYLE
  5
9D
330
99
100
AcDbVisualStyle
  0
VISUALSTYLE
  5
A7
330
99
100
AcDbVisualStyle
  0
VISUALSTYLE
  5
A3
330
99
100
AcDbVisualStyle
  0
VISUALSTYLE
  5
A6
330
99
100
AcDbVisualStyle
  0
XRECORD
  5
FF
330
C
100
AcDbXrecord
280
     1
 90
        1
330
87
330
9EA
330
9ED
330
9EE
330
A2C
330
A43
330
AC3
330
AC5
330
AC6
330
AC7
330
ACA
330
BF8
330
BF9
330
BFA
330
BFB
330
C16
330
C17
330
C18
330
C25
330
C27
330
C28
330
C2B
330
E2F
330
E30
330
E31
330
E32
330
EF1
330
EF3
330
2C50
330
2E31
330
2E39
330
2E41
330
323C
330
3249
330
3454
330
3679
330
3A14
330
3A48
330
3A4D
330
3C9B
330
3CA0
330
3CA5
330
4139
330
41CB
330
41E0
330
4E13
330
575A
330
575F
330
5764
330
5D0A
330
5D0F
330
5D17
330
5D2D
330
5D32
330
6008
330
65CD
330
65D7
330
65DF
330
9574
330
9579
330
957E
330
9583
330
9589
330
9719
330
9A10
330
9A1B
330
9A20
330
9A25
330
9A2B
330
9A31
  0
FIELDLIST
  5
974
330
C
100
AcDbIdSet
 90
       66
330
21C9
330
21CA
330
21CE
330
21CF
330
21D3
330
21D4
330
21D8
330
21D9
330
21DD
330
21DE
330
21E2
330
21E3
330
21E7
330
21E8
330
21EC
330
21ED
330
21F1
330
21F2
330
21F6
330
21F7
330
21F8
330
21F9
330
21FD
330
21FE
330
2202
330
2203
330
2207
330
2208
330
2209
330
220A
330
2220
330
2221
330
2225
330
2226
330
222A
330
222B
330
2236
330
2237
330
223B
330
223C
330
2240
330
2241
330
224C
330
224D
330
2251
330
2252
330
2256
330
2257
330
2262
330
2263
330
2267
330
2268
330
226C
330
226D
330
2278
330
2279
330
227D
330
227E
330
2282
330
2283
330
2391
330
2392
330
2394
330
2395
330
2396
100
AcDbFieldList
  0
MLEADERSTYLE
  5
3234
330
D7
100
AcDbMLeaderStyle
170
     1
171
     1
172
     0
 90
        2
 40
0.0
 41
0.0
173
     1
 91
        0
340
3CC
 92
       -2
290
     1
 42
0.09
291
     1
 43
0.36
  3
Standard
341
14
 44
0.1875
174
     1
178
     1
175
     1
176
     0
 93
        0
 45
0.0625
292
     0
297
     0
 46
0.18
 94
        0
 47
1.0
 49
1.0
140
1.0
293
     1
141
0.0
294
     1
177
     0
142
1.0
295
     1
296
     1
143
0.125
1001
ACAD_MLEADERVER
1070
     2
  0
MLEADERSTYLE
  5
2A67
330
D7
100
AcDbMLeaderStyle
170
     2
171
     1
172
     0
 90
        2
 40
0.0
 41
0.0
173
     1
 91
        0
340
3CC
 92
       -2
290
     1
 42
0.09
291
     1
 43
0.36
  3
Standard
341
14
 44
0.1875
174
     1
178
     1
175
     1
176
     0
 93
        0
 45
0.0625
292
     0
297
     0
 46
0.18
 94
        0
 47
1.0
 49
1.0
140
1.0
293
     1
141
0.0
294
     1
177
     0
142
1.0
295
     1
296
     0
143
0.125
1001
ACAD_MLEADERVER
1070
     2
  0
MLEADERSTYLE
  5
D8
330
D7
100
AcDbMLeaderStyle
170
     2
171
     1
172
     0
 90
        2
 40
0.0
 41
0.0
173
     1
 91
        0
340
11
 92
       -2
290
     1
 42
0.09
291
     1
 43
0.36
  3
Standard
341
14
 44
0.18
174
     1
178
     1
175
     1
176
     0
 93
        0
 45
0.18
292
     0
297
     0
 46
0.18
 94
        0
 47
1.0
 49
1.0
140
1.0
293
     1
141
0.0
294
     1
177
     0
142
1.0
295
     0
296
     0
143
0.125
1001
ACAD_MLEADERVER
1070
     2
  0
MLINESTYLE
  5
18
330
17
100
AcDbMlineStyle
  2
STANDARD
 70
     0
  3

 62
   256
 51
90.0
 52
90.0
 71
     2
 49
0.5
 62
   256
  6
BYLAYER
 49
-0.5
 62
   256
  6
BYLAYER
  0
ACDBPLACEHOLDER
  5
F
330
E
  0
SCALE
  5
B7
330
B6
100
AcDbScale
 70
     0
300
1:1
140
1.0
141
1.0
290
     1
  0
SCALE
  5
B8
330
B6
100
AcDbScale
 70
     0
300
1:2
140
1.0
141
2.0
290
     0
  0
SCALE
  5
B9
330
B6
100
AcDbScale
 70
     0
300
1:4
140
1.0
141
4.0
290
     0
  0
SCALE
  5
BA
330
B6
100
AcDbScale
 70
     0
300
1:8
140
1.0
141
8.0
290
     0
  0
VISUALSTYLE
  5
9F
330
99
100
AcDbVisualStyle
  0
VISUALSTYLE
  5
A1
330
99
100
AcDbVisualStyle
  0
VISUALSTYLE
  5
A0
330
99
100
AcDbVisualStyle
  0
VISUALSTYLE
  5
9E
330
99
100
AcDbVisualStyle
  0
SORTENTSTABLE
  5
219D
330
219C
100
AcDbSortentsTable
330
219B
  0
ACAD_EVALUATION_GRAPH
  5
220E
330
220D
100
AcDbEvalGraph
  0
ACAD_PROXY_OBJECT
  5
2213
100
AcDbProxyObject
 90
        0
 91
      500
 95
      255
 71
     0
 97
        0
 70
     1
 93
       40
310
FFFFFD1B464F1D85C11B4665E180303713E4953D3A8FC008902A24E67E0BF90000000000001F17F4
  0
ACAD_PROXY_OBJECT
  5
2214
100
AcDbProxyObject
 90
        0
 91
      500
 95
      255
 71
     0
 97
        0
 70
     1
 93
       10
310
FFFFFD1B464F1D85E150
  0
ACAD_PROXY_OBJECT
  5
2215
100
AcDbProxyObject
 90
        0
 91
      500
 95
      255
 71
     0
 97
        0
 70
     1
 93
       10
310
FFFFFD1B464F1D860150
  0
ACAD_PROXY_OBJECT
  5
2216
100
AcDbProxyObject
 90
        0
 91
      500
 95
      255
 71
     0
 97
        0
 70
     1
 93
       71
310
FFFFFD1B464F1D86211B4660702C845DE6480D00707D5AFE3BECDCBF901950541021C0B211779920340707D5AFE3BECDCBFCED4424C924F0240F8D88287171CEABF40501406600
  0
SORTENTSTABLE
  5
2217
330
220D
100
AcDbSortentsTable
330
220C
331
221A
  5
165
331
2227
  5
176
331
221D
  5
16C
331
221B
  5
167
331
222C
  5
163
331
2222
  5
171
  0
ACAD_PROXY_OBJECT
  5
2218
100
AcDbProxyObject
 90
        0
 91
      500
 95
        0
 71
     0
 97
        0
 70
     0
  0
DIMASSOC
  5
41F1
330
41E1
100
AcDbDimAssoc
330
41E0
 90
        1
 70
     0
 71
     0
  1
AcDbOsnapPointRef
 72
     1
331
979
 73
     2
 91
        0
301

 40
1.0
 10
0.0
 20
0.0
 30
200000000000000000000000000000000000000000000000000.0
 74
     0
 92
        0
302

 75
     0
  0
DIMASSOC
  5
601A
330
6009
100
AcDbDimAssoc
330
6008
 90
        3
 70
     0
 71
     0
  1
AcDbOsnapPointRef
 72
     6
331
CED
 73
     2
 91
        0
301

 40
0.0491
 10
0.0
 20
0.0
 30
0.0
 74
     0
 92
        0
302

 75
     0
  1
AcDbOsnapPointRef
 72
   128
 73
     0
 91
        0
301

 40
0.0
 10
1.0
 20
0.0
 30
0.0
 74
     0
 92
340787221
302

 75
     0
  0
DIMASSOC
  5
9588
330
9584
100
AcDbDimAssoc
330

 90
        1
 70
     0
 71
     0
  1
AcDbOsnapPointRef
 72
     1
 73
     2
 91
        0
301

 40
1.0
 10
0.0
 20
0.0
 30
200000000000000000000000000000000000000000000000000.0
 74
     0
 92
        0
302

 75
     0
  0
DIMASSOC
  5
958E
330
958A
100
AcDbDimAssoc
330

 90
        1
 70
     0
 71
     0
  1
AcDbOsnapPointRef
 72
     1
 73
     2
 91
        0
301

 40
1.0
 10
0.0
 20
0.0
 30
200000000000000000000000000000000000000000000000000.0
 74
     0
 92
       12
302

 75
     0
  0
DIMASSOC
  5
9A2A
330
9A26
100
AcDbDimAssoc
330

 90
        1
 70
     0
 71
     0
  1
AcDbOsnapPointRef
 72
     1
 73
     2
 91
        0
301

 40
1.0
 10
0.0
 20
0.0
 30
200000000000000000000000000000000000000000000000000.0
 74
     0
 92
        0
302

 75
     0
  0
DIMASSOC
  5
9A30
330
9A2C
100
AcDbDimAssoc
330

 90
        1
 70
     0
 71
     0
  1
AcDbOsnapPointRef
 72
    13
 73
     2
 91
        0
301

 40
0.0
 10
0.0
 20
0.0
 30
200000000000000000000000000000000000000000000000000.0
 74
     0
 92
        0
302

 75
     0
  0
DIMASSOC
  5
9A36
330
9A32
100
AcDbDimAssoc
330

 90
        1
 70
     0
 71
     0
  1
AcDbOsnapPointRef
 72
     1
 73
     2
 91
        0
301

 40
1.0
 10
0.0
 20
0.0
 30
200000000000000000000000000000000000000000000000000.0
 74
     0
 92
        0
302

 75
     0
  0
XRECORD
  5
2389
330
2388
100
AcDbXrecord
280
     1
 90
        1
340
D4
  0
XRECORD
  5
238A
330
2388
100
AcDbXrecord
280
     1
290
     1
291
     1
292
     0
330
0
102
{AcDbXrefObjectId
330
0
 90
        0
 91
-1651179008
102
}
  0
XRECORD
  5
250D
330
238C
100
AcDbXrecord
280
     1
 90
        1
340
CE
  0
XRECORD
  5
238D
330
238C
100
AcDbXrecord
280
     1
290
     1
291
     1
292
     0
330
0
102
{AcDbXrefObjectId
330
0
 90
        0
 91
-1223753728
102
}
  0
XRECORD
  5
36D
330
36C
100
AcDbXrecord
280
     1
290
     1
  0
XRECORD
  5
370
330
36F
100
AcDbXrecord
280
     1
290
     1
  0
XRECORD
  5
373
330
372
100
AcDbXrecord
280
     1
290
     1
  0
XRECORD
  5
376
330
375
100
AcDbXrecord
280
     1
290
     1
  0
XRECORD
  5
379
330
378
100
AcDbXrecord
280
     1
290
     1
  0
XRECORD
  5
37C
330
37B
100
AcDbXrecord
280
     1
290
     1
  0
XRECORD
  5
37F
330
37E
100
AcDbXrecord
280
     1
290
     1
  0
XRECORD
  5
382
330
381
100
AcDbXrecord
280
     1
290
     1
  0
XRECORD
  5
385
330
384
100
AcDbXrecord
280
     1
290
     1
  0
XRECORD
  5
388
330
387
100
AcDbXrecord
280
     1
290
     1
  0
XRECORD
  5
38B
330
38A
100
AcDbXrecord
280
     1
290
     1
  0
XRECORD
  5
38E
330
38D
100
AcDbXrecord
280
     1
290
     1
  0
XRECORD
  5
391
330
390
100
AcDbXrecord
280
     1
290
     1
  0
XRECORD
  5
394
330
393
100
AcDbXrecord
280
     1
290
     1
  0
XRECORD
  5
39A
330
399
100
AcDbXrecord
280
     1
290
     1
  0
XRECORD
  5
39D
330
39C
100
AcDbXrecord
280
     1
290
     1
  0
XRECORD
  5
3A0
330
39F
100
AcDbXrecord
280
     1
290
     1
  0
XRECORD
  5
3A3
330
3A2
100
AcDbXrecord
280
     1
290
     1
  0
XRECORD
  5
3A6
330
3A5
100
AcDbXrecord
280
     1
290
     1
  0
XRECORD
  5
3A9
330
3A8
100
AcDbXrecord
280
     1
290
     1
  0
XRECORD
  5
3AC
330
3AB
100
AcDbXrecord
280
     1
290
     1
  0
XRECORD
  5
3BE
330
3BD
100
AcDbXrecord
280
     1
290
     1
  0
XRECORD
  5
3C1
330
3C0
100
AcDbXrecord
280
     1
290
     1
  0
XRECORD
  5
3C4
330
3C3
100
AcDbXrecord
280
     1
290
     1
  0
XRECORD
  5
3C7
330
3C6
100
AcDbXrecord
280
     1
290
     1
  0
XRECORD
  5
2288
330
2287
100
AcDbXrecord
280
     1
290
     1
  0
XRECORD
  5
228B
330
228A
100
AcDbXrecord
280
     1
290
     1
  0
XRECORD
  5
228E
330
228D
100
AcDbXrecord
280
     1
290
     1
  0
XRECORD
  5
2291
330
2290
100
AcDbXrecord
280
     1
290
     1
  0
XRECORD
  5
2294
330
2293
100
AcDbXrecord
280
     1
290
     1
  0
XRECORD
  5
2297
330
2296
100
AcDbXrecord
280
     1
290
     1
  0
XRECORD
  5
229A
330
2299
100
AcDbXrecord
280
     1
290
     1
  0
XRECORD
  5
229D
330
229C
100
AcDbXrecord
280
     1
290
     1
  0
XRECORD
  5
22A0
330
229F
100
AcDbXrecord
280
     1
290
     1
  0
XRECORD
  5
22A3
330
22A2
100
AcDbXrecord
280
     1
290
     1
  0
XRECORD
  5
22A6
330
22A5
100
AcDbXrecord
280
     1
290
     1
  0
XRECORD
  5
22A9
330
22A8
100
AcDbXrecord
280
     1
290
     1
  0
XRECORD
  5
50C6
330
50C5
100
AcDbXrecord
280
     1
290
     1
  0
XRECORD
  5
CE9A
330
CE99
100
AcDbXrecord
280
     1
 70
     1
340
CE
340
1247
 70
    -1
  0
XRECORD
  5
CE9D
330
CE9C
100
AcDbXrecord
280
     1
 70
     1
340
D0
340
1247
 70
    -1
  0
XRECORD
  5
CEA0
330
CE9F
100
AcDbXrecord
280
     1
 70
     1
340
CE
340
1246
 70
    -1
  0
XRECORD
  5
CEA3
330
CEA2
100
AcDbXrecord
280
     1
 70
     1
340
D0
340
1246
 70
    -1
  0
XRECORD
  5
CEA6
330
CEA5
100
AcDbXrecord
280
     1
 70
     1
340
D4
340
1246
 70
    -1
  0
MATERIAL
  5
97
330
72
100
AcDbMaterial
  1

 90
        0
 91
        0
 92
        0
272
     0
273
     0
  0
MATERIAL
  5
96
330
72
100
AcDbMaterial
  1

 90
        0
 91
        0
 92
        0
272
     0
273
     0
  0
MATERIAL
  5
98
330
72
100
AcDbMaterial
  1

 90
        0
 91
        0
 92
        0
272
     0
273
     0
  0
SORTENTSTABLE
  5
116
330
115
100
AcDbSortentsTable
330
114
  0
FIELD
  5
21C9
330
21C8
100
AcDbField
  1
_text
  2
%<\_FldIdx 0>%
 90
        1
360
21CA
 97
        0
 91
       63
 92
        0
 94
        9
 95
        2
 96
        0
300

 93
        2
  6
ACFD_FIELDTEXT_ATTDEF
 93
        0
 90
        1
 91
        1
 94
        0
300

302

  6
ACFD_FIELDTEXT_CHECKSUM
 93
        2
 90
        2
140
350.0
 94
        0
300

302

  7
ACFD_FIELD_VALUE
 93
        3
 90
        0
 94
        0
300

302

301

 98
        0
  0
FIELD
  5
21CE
330
21CD
100
AcDbField
  1
_text
  2
%<\_FldIdx 0>%
 90
        1
360
21CF
 97
        0
 91
       63
 92
        0
 94
        9
 95
        2
 96
        0
300

 93
        2
  6
ACFD_FIELDTEXT_ATTDEF
 93
        0
 90
        1
 91
        1
 94
        0
300

302

  6
ACFD_FIELDTEXT_CHECKSUM
 93
        2
 90
        2
140
2650.0
 94
        0
300

302

  7
ACFD_FIELD_VALUE
 93
        3
 90
        0
 94
        0
300

302

301

 98
        0
  0
FIELD
  5
21D3
330
21D2
100
AcDbField
  1
_text
  2
%<\_FldIdx 0>%
 90
        1
360
21D4
 97
        0
 91
       63
 92
        0
 94
        9
 95
        2
 96
        0
300

 93
        2
  6
ACFD_FIELDTEXT_ATTDEF
 93
        0
 90
        1
 91
        1
 94
        0
300

302

  6
ACFD_FIELDTEXT_CHECKSUM
 93
        2
 90
        2
140
210.0
 94
        0
300

302

  7
ACFD_FIELD_VALUE
 93
        3
 90
        0
 94
        0
300

302

301

 98
        0
  0
FIELD
  5
21D8
330
21D7
100
AcDbField
  1
_text
  2
%<\_FldIdx 0>%
 90
        1
360
21D9
 97
        0
 91
       63
 92
        0
 94
        9
 95
        2
 96
        0
300

 93
        2
  6
ACFD_FIELDTEXT_ATTDEF
 93
        0
 90
        1
 91
        1
 94
        0
300

302

  6
ACFD_FIELDTEXT_CHECKSUM
 93
        2
 90
        2
140
210.0
 94
        0
300

302

  7
ACFD_FIELD_VALUE
 93
        3
 90
        0
 94
        0
300

302

301

 98
        0
  0
FIELD
  5
21DD
330
21DC
100
AcDbField
  1
_text
  2
%<\_FldIdx 0>%
 90
        1
360
21DE
 97
        0
 91
       63
 92
        0
 94
        9
 95
        2
 96
        0
300

 93
        2
  6
ACFD_FIELDTEXT_ATTDEF
 93
        0
 90
        1
 91
        1
 94
        0
300

302

  6
ACFD_FIELDTEXT_CHECKSUM
 93
        2
 90
        2
140
350.0
 94
        0
300

302

  7
ACFD_FIELD_VALUE
 93
        3
 90
        0
 94
        0
300

302

301

 98
        0
  0
FIELD
  5
21E2
330
21E1
100
AcDbField
  1
_text
  2
%<\_FldIdx 0>%
 90
        1
360
21E3
 97
        0
 91
       63
 92
        0
 94
        9
 95
        2
 96
        0
300

 93
        2
  6
ACFD_FIELDTEXT_ATTDEF
 93
        0
 90
        1
 91
        1
 94
        0
300

302

  6
ACFD_FIELDTEXT_CHECKSUM
 93
        2
 90
        2
140
350.0
 94
        0
300

302

  7
ACFD_FIELD_VALUE
 93
        3
 90
        0
 94
        0
300

302

301

 98
        0
  0
FIELD
  5
21E7
330
21E6
100
AcDbField
  1
_text
  2
%<\_FldIdx 0>%
 90
        1
360
21E8
 97
        0
 91
       63
 92
        0
 94
        9
 95
        2
 96
        0
300

 93
        2
  6
ACFD_FIELDTEXT_ATTDEF
 93
        0
 90
        1
 91
        1
 94
        0
300

302

  6
ACFD_FIELDTEXT_CHECKSUM
 93
        2
 90
        2
140
350.0
 94
        0
300

302

  7
ACFD_FIELD_VALUE
 93
        3
 90
        0
 94
        0
300

302

301

 98
        0
  0
FIELD
  5
21EC
330
21EB
100
AcDbField
  1
_text
  2
%<\_FldIdx 0>%
 90
        1
360
21ED
 97
        0
 91
       63
 92
        0
 94
        9
 95
        2
 96
        0
300

 93
        2
  6
ACFD_FIELDTEXT_ATTDEF
 93
        0
 90
        1
 91
        1
 94
        0
300

302

  6
ACFD_FIELDTEXT_CHECKSUM
 93
        2
 90
        2
140
350.0
 94
        0
300

302

  7
ACFD_FIELD_VALUE
 93
        3
 90
        0
 94
        0
300

302

301

 98
        0
  0
FIELD
  5
21F1
330
21F0
100
AcDbField
  1
_text
  2
%<\_FldIdx 0>%
 90
        1
360
21F2
 97
        0
 91
       63
 92
        0
 94
        9
 95
        2
 96
        0
300

 93
        2
  6
ACFD_FIELDTEXT_ATTDEF
 93
        0
 90
        1
 91
        1
 94
        0
300

302

  6
ACFD_FIELDTEXT_CHECKSUM
 93
        2
 90
        2
140
350.0
 94
        0
300

302

  7
ACFD_FIELD_VALUE
 93
        3
 90
        0
 94
        0
300

302

301

 98
        0
  0
FIELD
  5
21F6
330
21F5
100
AcDbField
  1
_text
  2
%<\_FldIdx 0>%,  %<\_FldIdx 1>%  %<\_FldIdx 2>%
 90
        3
360
21F7
360
21F8
360
21F9
 97
        0
 91
       63
 92
        0
 94
        9
 95
        2
 96
        0
300

 93
        2
  6
ACFD_FIELDTEXT_ATTDEF
 93
        0
 90
        1
 91
        1
 94
        0
300

302

  6
ACFD_FIELDTEXT_CHECKSUM
 93
        2
 90
        2
140
5286.0
 94
        0
300

302

  7
ACFD_FIELD_VALUE
 93
        3
 90
        0
 94
        0
300

302

301

 98
        0
  0
FIELD
  5
21FD
330
21FC
100
AcDbField
  1
_text
  2
%<\_FldIdx 0>%
 90
        1
360
21FE
 97
        0
 91
       63
 92
        0
 94
        9
 95
        2
 96
        0
300

 93
        2
  6
ACFD_FIELDTEXT_ATTDEF
 93
        0
 90
        1
 91
        1
 94
        0
300

302

  6
ACFD_FIELDTEXT_CHECKSUM
 93
        2
 90
        2
140
350.0
 94
        0
300

302

  7
ACFD_FIELD_VALUE
 93
        3
 90
        0
 94
        0
300

302

301

 98
        0
  0
FIELD
  5
2202
330
2201
100
AcDbField
  1
_text
  2
%<\_FldIdx 0>%
 90
        1
360
2203
 97
        0
 91
       63
 92
        0
 94
        9
 95
        2
 96
        0
300

 93
        2
  6
ACFD_FIELDTEXT_ATTDEF
 93
        0
 90
        1
 91
        1
 94
        0
300

302

  6
ACFD_FIELDTEXT_CHECKSUM
 93
        2
 90
        2
140
350.0
 94
        0
300

302

  7
ACFD_FIELD_VALUE
 93
        3
 90
        0
 94
        0
300

302

301

 98
        0
  0
FIELD
  5
2207
330
2206
100
AcDbField
  1
_text
  2
%<\_FldIdx 0>%,  %<\_FldIdx 1>%  %<\_FldIdx 2>%
 90
        3
360
2208
360
2209
360
220A
 97
        0
 91
       63
 92
        0
 94
        9
 95
        2
 96
        0
300

 93
        2
  6
ACFD_FIELDTEXT_ATTDEF
 93
        0
 90
        1
 91
        1
 94
        0
300

302

  6
ACFD_FIELDTEXT_CHECKSUM
 93
        2
 90
        2
140
5286.0
 94
        0
300

302

  7
ACFD_FIELD_VALUE
 93
        3
 90
        0
 94
        0
300

302

301

 98
        0
  0
ACAD_PROXY_OBJECT
  5
220F
100
AcDbProxyObject
 90
        0
 91
      500
 95
      255
 71
     0
 97
        0
 70
     1
 93
       68
310
FFFFFD1B464F1D85411B4668C0DC4F9254F4EA3F002240A89399F82FE0C3DE4C9056F40900008902A24E67E0BF9015C1015C1015610156170562A100A5FF34D1373AFEAA
  0
ACAD_PROXY_OBJECT
  5
2210
100
AcDbProxyObject
 90
        0
 91
      500
 95
      255
 71
     0
 97
        0
 70
     1
 93
       40
310
FFFFFD1B464F1D85611B466581680C3DE4C9056F40900008902A24E67E0BF90000000000001F07F4
  0
ACAD_PROXY_OBJECT
  5
2211
100
AcDbProxyObject
 90
        0
 91
      500
 95
      255
 71
     0
 97
        0
 70
     1
 93
       10
310
FFFFFD1B464F1D858150
  0
ACAD_PROXY_OBJECT
  5
2212
100
AcDbProxyObject
 90
        0
 91
      500
 95
      255
 71
     0
 97
        0
 70
     1
 93
       10
310
FFFFFD1B464F1D85A150
  0
FIELD
  5
2220
330
221F
100
AcDbField
  1
_text
  2
%<\_FldIdx 0>%
 90
        1
360
2221
 97
        0
 91
       63
 92
        0
 94
        9
 95
        2
 96
        0
300

 93
        2
  6
ACFD_FIELDTEXT_ATTDEF
 93
        0
 90
        1
 91
        1
 94
        0
300

302

  6
ACFD_FIELDTEXT_CHECKSUM
 93
        2
 90
        2
140
4195.0
 94
        0
300

302

  7
ACFD_FIELD_VALUE
 93
        3
 90
        0
 94
        0
300

302

301

 98
        0
  0
FIELD
  5
2225
330
2224
100
AcDbField
  1
_text
  2
%<\_FldIdx 0>%
 90
        1
360
2226
 97
        0
 91
       63
 92
        0
 94
        9
 95
        2
 96
        0
300

 93
        2
  6
ACFD_FIELDTEXT_ATTDEF
 93
        0
 90
        1
 91
        1
 94
        0
300

302

  6
ACFD_FIELDTEXT_CHECKSUM
 93
        2
 90
        2
140
3462.0
 94
        0
300

302

  7
ACFD_FIELD_VALUE
 93
        3
 90
        0
 94
        0
300

302

301

 98
        0
  0
FIELD
  5
222A
330
2229
100
AcDbField
  1
_text
  2
%<\_FldIdx 0>%
 90
        1
360
222B
 97
        0
 91
       63
 92
        0
 94
        9
 95
        2
 96
        0
300

 93
        2
  6
ACFD_FIELDTEXT_ATTDEF
 93
        0
 90
        1
 91
        1
 94
        0
300

302

  6
ACFD_FIELDTEXT_CHECKSUM
 93
        2
 90
        2
140
9440.0
 94
        0
300

302

  7
ACFD_FIELD_VALUE
 93
        3
 90
        0
 94
        0
300

302

301

 98
        0
  0
FIELD
  5
223B
330
223A
100
AcDbField
  1
_text
  2
%<\_FldIdx 0>%
 90
        1
360
223C
 97
        0
 91
       63
 92
        0
 94
        9
 95
        2
 96
        0
300

 93
        2
  6
ACFD_FIELDTEXT_ATTDEF
 93
        0
 90
        1
 91
        1
 94
        0
300

302

  6
ACFD_FIELDTEXT_CHECKSUM
 93
        2
 90
        2
140
3462.0
 94
        0
300

302

  7
ACFD_FIELD_VALUE
 93
        3
 90
        0
 94
        0
300

302

301

 98
        0
  0
FIELD
  5
2240
330
223F
100
AcDbField
  1
_text
  2
%<\_FldIdx 0>%
 90
        1
360
2241
 97
        0
 91
       63
 92
        0
 94
        9
 95
        2
 96
        0
300

 93
        2
  6
ACFD_FIELDTEXT_ATTDEF
 93
        0
 90
        1
 91
        1
 94
        0
300

302

  6
ACFD_FIELDTEXT_CHECKSUM
 93
        2
 90
        2
140
9440.0
 94
        0
300

302

  7
ACFD_FIELD_VALUE
 93
        3
 90
        0
 94
        0
300

302

301

 98
        0
  0
FIELD
  5
2251
330
2250
100
AcDbField
  1
_text
  2
%<\_FldIdx 0>%
 90
        1
360
2252
 97
        0
 91
       63
 92
        0
 94
        9
 95
        2
 96
        0
300

 93
        2
  6
ACFD_FIELDTEXT_ATTDEF
 93
        0
 90
        1
 91
        1
 94
        0
300

302

  6
ACFD_FIELDTEXT_CHECKSUM
 93
        2
 90
        2
140
3462.0
 94
        0
300

302

  7
ACFD_FIELD_VALUE
 93
        3
 90
        0
 94
        0
300

302

301

 98
        0
  0
FIELD
  5
2256
330
2255
100
AcDbField
  1
_text
  2
%<\_FldIdx 0>%
 90
        1
360
2257
 97
        0
 91
       63
 92
        0
 94
        9
 95
        2
 96
        0
300

 93
        2
  6
ACFD_FIELDTEXT_ATTDEF
 93
        0
 90
        1
 91
        1
 94
        0
300

302

  6
ACFD_FIELDTEXT_CHECKSUM
 93
        2
 90
        2
140
9440.0
 94
        0
300

302

  7
ACFD_FIELD_VALUE
 93
        3
 90
        0
 94
        0
300

302

301

 98
        0
  0
FIELD
  5
2267
330
2266
100
AcDbField
  1
_text
  2
%<\_FldIdx 0>%
 90
        1
360
2268
 97
        0
 91
       63
 92
        0
 94
        9
 95
        2
 96
        0
300

 93
        2
  6
ACFD_FIELDTEXT_ATTDEF
 93
        0
 90
        1
 91
        1
 94
        0
300

302

  6
ACFD_FIELDTEXT_CHECKSUM
 93
        2
 90
        2
140
3462.0
 94
        0
300

302

  7
ACFD_FIELD_VALUE
 93
        3
 90
        0
 94
        0
300

302

301

 98
        0
  0
FIELD
  5
226C
330
226B
100
AcDbField
  1
_text
  2
%<\_FldIdx 0>%
 90
        1
360
226D
 97
        0
 91
       63
 92
        0
 94
        9
 95
        2
 96
        0
300

 93
        2
  6
ACFD_FIELDTEXT_ATTDEF
 93
        0
 90
        1
 91
        1
 94
        0
300

302

  6
ACFD_FIELDTEXT_CHECKSUM
 93
        2
 90
        2
140
9440.0
 94
        0
300

302

  7
ACFD_FIELD_VALUE
 93
        3
 90
        0
 94
        0
300

302

301

 98
        0
  0
FIELD
  5
227D
330
227C
100
AcDbField
  1
_text
  2
%<\_FldIdx 0>%
 90
        1
360
227E
 97
        0
 91
       63
 92
        0
 94
        9
 95
        2
 96
        0
300

 93
        2
  6
ACFD_FIELDTEXT_ATTDEF
 93
        0
 90
        1
 91
        1
 94
        0
300

302

  6
ACFD_FIELDTEXT_CHECKSUM
 93
        2
 90
        2
140
3462.0
 94
        0
300

302

  7
ACFD_FIELD_VALUE
 93
        3
 90
        0
 94
        0
300

302

301

 98
        0
  0
FIELD
  5
2282
330
2281
100
AcDbField
  1
_text
  2
%<\_FldIdx 0>%
 90
        1
360
2283
 97
        0
 91
       63
 92
        0
 94
        9
 95
        2
 96
        0
300

 93
        2
  6
ACFD_FIELDTEXT_ATTDEF
 93
        0
 90
        1
 91
        1
 94
        0
300

302

  6
ACFD_FIELDTEXT_CHECKSUM
 93
        2
 90
        2
140
9440.0
 94
        0
300

302

  7
ACFD_FIELD_VALUE
 93
        3
 90
        0
 94
        0
300

302

301

 98
        0
  0
XRECORD
  5
2191
330
2190
100
AcDbXrecord
280
     1
 90
        1
340
B7
  0
XRECORD
  5
2509
330
2382
100
AcDbXrecord
280
     1
 90
        1
340
CE
  0
XRECORD
  5
2383
330
2382
100
AcDbXrecord
280
     1
290
     1
291
     1
292
     0
330
0
102
{AcDbXrefObjectId
330
0
 90
        0
 91
-2104163840
102
}
  0
XRECORD
  5
2686
330
2385
100
AcDbXrecord
280
     1
 90
        1
340
D0
  0
XRECORD
  5
2386
330
2385
100
AcDbXrecord
280
     1
290
     1
291
     1
292
     0
330
0
102
{AcDbXrefObjectId
330
0
 90
        0
 91
-1936391680
102
}
  0
FIELD
  5
2391
330
2390
100
AcDbField
  1
_text
  2
Filename: %<\_FldIdx 0>%   Plotted: %<\_FldIdx 1>%   Plot Device: %<\_FldIdx 2>%   Page Setup: %<\_FldIdx 3>%   Plotted by: %<\_FldIdx 4>%
 90
        5
360
2392
360
2394
360
2395
360
2396
 97
        0
 91
       63
 92
        0
 94
       13
 95
        2
 96
        0
300

 93
        1
  6
ACFD_FIELDTEXT_CHECKSUM
 93
        2
 90
        2
140
1132241.0
 94
        0
300

302

  7
ACFD_FIELD_VALUE
 93
        3
 90
        0
 94
        0
300

302

301

 98
        0
  0
FIELD
  5
2396
330
2391
100
AcDbField
  1
AcVar
  2
\AcVar Login \f "%tc4"
 90
        0
 97
        0
 91
       63
 92
        0
 94
       59
 95
        2
 96
        0
300

 93
        1
  6
Variable
 93
        0
 90
        4
  1
Login
 94
        0
300

302

  7
ACFD_FIELD_VALUE
 93
        4
 90
        4
  1
Autodesk
 94
        0
300
%tc4
302
Autodesk
301
Autodesk
 98
        8
  0
ACAD_PROXY_OBJECT
  5
23EB
100
AcDbProxyObject
 90
        0
 91
      500
 95
        0
 71
     0
 97
        0
 70
     0
  0
ACAD_PROXY_OBJECT
  5
2402
100
AcDbProxyObject
 90
        0
 91
      500
 95
        0
 71
     0
 97
        0
 70
     0
  0
ACAD_PROXY_OBJECT
  5
2419
100
AcDbProxyObject
 90
        0
 91
      500
 95
        0
 71
     0
 97
        0
 70
     0
  0
ACAD_PROXY_OBJECT
  5
2430
100
AcDbProxyObject
 90
        0
 91
      500
 95
        0
 71
     0
 97
        0
 70
     0
  0
XRECORD
  5
E7
330
E6
100
AcDbXrecord
280
     1
290
     1
  0
XRECORD
  5
367
330
366
100
AcDbXrecord
280
     1
290
     1
  0
XRECORD
  5
36A
330
369
100
AcDbXrecord
280
     1
290
     1
  0
FIELD
  5
21CA
330
21C9
100
AcDbField
  1
AcSm
  2
\AcSm Sheet.Number \f "%tc1"
 90
        0
 97
        0
 91
       63
 92
        0
 94
       43
 95
       32
 96
      335
300

 93
        4
  6
SheetSetCompName
 93
        2
 90
        0
 94
        4
300

302

  6
SheetSetPropertyName
 93
       12
 90
       76
 94
1342603270
300

302

  6

 93
  1916953
 90
295960576
 94
-738117575
300

302

  6

 93
537317382
 90
-2145632231
 94
1150287872
300

302

  7
ACFD_FIELD_VALUE
 93
        0
 90
        0
 94
        0
300
%tc1
302

301
####
 98
        0
  0
FIELD
  5
21CF
330
21CE
100
AcDbField
  1
AcSm
  2
\AcSm SheetSet.Set Date \f "%tc1"
 90
        0
 97
        0
 91
       63
 92
        0
 94
       59
 95
       32
 96
      335
300

 93
        2
  6
SheetSetCompName
 93
        0
 90
        4
  1
SheetSet
 94
        0
300

302

  6
SheetSetPropertyName
 93
        0
 90
        4
  1
Set Date
 94
        0
300

302

  7
ACFD_FIELD_VALUE
 93
        0
 90
        4
  1
JAN.  2003
 94
        0
300
%tc1
302

301
JAN.  2003
 98
       10
  0
FIELD
  5
21D4
330
21D3
100
AcDbField
  1
AcSm
  2
\AcSm Sheet.Checked By \f "%tc1"
 90
        0
 97
        0
 91
       63
 92
        0
 94
       43
 95
       32
 96
      335
300

 93
        3
  6
SheetSetCompName
 93
        2
 90
        0
 94
        4
300

302

  6
SheetSetPropertyName
 93
       12
 90
       76
 94
1342603270
300

302

  6

 93
  1916953
 90
295960576
 94
-1610544039
300

302

  7
ACFD_FIELD_VALUE
 93
        0
 90
        0
 94
        0
300
%tc1
302

301
###
 98
        0
  0
FIELD
  5
21D9
330
21D8
100
AcDbField
  1
AcSm
  2
\AcSm Sheet.Drawn By \f "%tc1"
 90
        0
 97
        0
 91
       63
 92
        0
 94
       43
 95
       32
 96
      335
300

 93
        3
  6
SheetSetCompName
 93
        2
 90
        0
 94
        4
300

302

  6
SheetSetPropertyName
 93
       12
 90
       76
 94
1342603270
300

302

  6

 93
  1916953
 90
295960576
 94
-939454391
300

302

  7
ACFD_FIELD_VALUE
 93
        0
 90
        0
 94
        0
300
%tc1
302

301
###
 98
        0
  0
FIELD
  5
21DE
330
21DD
100
AcDbField
  1
AcSm
  2
\AcSm Sheet.Sheet Content 1 \f "%tc1"
 90
        0
 97
        0
 91
       63
 92
        0
 94
       43
 95
       32
 96
      335
300

 93
        4
  6
SheetSetCompName
 93
        2
 90
        0
 94
        4
300

302

  6
SheetSetPropertyName
 93
       12
 90
       76
 94
1342603270
300

302

  6

 93
  1916953
 90
295960576
 94
-1610527615
300

302

  6

 93
1342590982
 90
   524317
 94
  7274563
300

302

  7
ACFD_FIELD_VALUE
 93
        0
 90
        0
 94
        0
300
%tc1
302

301
####
 98
        0
  0
FIELD
  5
21E3
330
21E2
100
AcDbField
  1
AcSm
  2
\AcSm Sheet.Sheet Content 2 \f "%tc1"
 90
        0
 97
        0
 91
       63
 92
        0
 94
       43
 95
       32
 96
      335
300

 93
        4
  6
SheetSetCompName
 93
        2
 90
        0
 94
        4
300

302

  6
SheetSetPropertyName
 93
       12
 90
       76
 94
1342603270
300

302

  6

 93
  1916953
 90
295960576
 94
-1610527615
300

302

  6

 93
1342590982
 90
   524317
 94
  7274563
300

302

  7
ACFD_FIELD_VALUE
 93
        0
 90
        0
 94
        0
300
%tc1
302

301
####
 98
        0
  0
FIELD
  5
21E8
330
21E7
100
AcDbField
  1
AcSm
  2
\AcSm SheetSet.Project Name \f "%tc1"
 90
        0
 97
        0
 91
       63
 92
        0
 94
       43
 95
       32
 96
      335
300

 93
        4
  6
SheetSetCompName
 93
        2
 90
        0
 94
        4
300

302

  6
SheetSetPropertyName
 93
       18
 90
       76
 94
1342603270
300

302

  6

 93
  1916953
 90
  6619219
 94
      208
300

302

  6

 93
1091174400
 90
469800006
 94
        0
300

302

  7
ACFD_FIELD_VALUE
 93
        0
 90
        0
 94
        0
300
%tc1
302

301
####
 98
        0
  0
FIELD
  5
21ED
330
21EC
100
AcDbField
  1
AcSm
  2
\AcSm SheetSet.Project Phase \f "%tc1"
 90
        0
 97
        0
 91
       63
 92
        0
 94
       43
 95
       32
 96
      335
300

 93
        4
  6
SheetSetCompName
 93
        2
 90
        0
 94
        4
300

302

  6
SheetSetPropertyName
 93
       18
 90
       76
 94
1342603270
300

302

  6

 93
  1916953
 90
  6619219
 94
      208
300

302

  6

 93
1091174400
 90
469767239
 94
        0
300

302

  7
ACFD_FIELD_VALUE
 93
        0
 90
        0
 94
        0
300
%tc1
302

301
####
 98
        0
  0
FIELD
  5
21F2
330
21F1
100
AcDbField
  1
AcSm
  2
\AcSm SheetSet.Project Street \f "%tc1"
 90
        0
 97
        0
 91
       63
 92
        0
 94
       43
 95
       32
 96
      335
300

 93
        4
  6
SheetSetCompName
 93
        2
 90
        0
 94
        4
300

302

  6
SheetSetPropertyName
 93
       18
 90
       76
 94
1342603270
300

302

  6

 93
  1916953
 90
  6619219
 94
      208
300

302

  6

 93
1091174400
 90
469800007
 94
        0
300

302

  7
ACFD_FIELD_VALUE
 93
        0
 90
        0
 94
        0
300
%tc1
302

301
####
 98
        0
  0
FIELD
  5
21F7
330
21F6
100
AcDbField
  1
AcSm
  2
\AcSm SheetSet.Project City \f "%tc1"
 90
        0
 97
        0
 91
       63
 92
        0
 94
       43
 95
       32
 96
      335
300

 93
        4
  6
SheetSetCompName
 93
        2
 90
        0
 94
        4
300

302

  6
SheetSetPropertyName
 93
       18
 90
       76
 94
1342603270
300

302

  6

 93
  1916953
 90
  6619219
 94
      208
300

302

  6

 93
1091174400
 90
469800006
 94
        0
300

302

  7
ACFD_FIELD_VALUE
 93
        0
 90
        0
 94
        0
300
%tc1
302

301
####
 98
        0
  0
FIELD
  5
21F8
330
21F6
100
AcDbField
  1
AcSm
  2
\AcSm SheetSet.Project State \f "%tc1"
 90
        0
 97
        0
 91
       63
 92
        0
 94
       43
 95
       32
 96
      335
300

 93
        4
  6
SheetSetCompName
 93
        2
 90
        0
 94
        4
300

302

  6
SheetSetPropertyName
 93
       18
 90
       76
 94
1342603270
300

302

  6

 93
  1916953
 90
  6619219
 94
      208
300

302

  6

 93
1091174400
 90
469767239
 94
        0
300

302

  7
ACFD_FIELD_VALUE
 93
        0
 90
        0
 94
        0
300
%tc1
302

301
####
 98
        0
  0
FIELD
  5
21F9
330
21F6
100
AcDbField
  1
AcSm
  2
\AcSm SheetSet.Project ZIP \f "%tc1"
 90
        0
 97
        0
 91
       63
 92
        0
 94
       43
 95
       32
 96
      335
300

 93
        4
  6
SheetSetCompName
 93
        2
 90
        0
 94
        4
300

302

  6
SheetSetPropertyName
 93
       18
 90
       76
 94
1342603270
300

302

  6

 93
  1916953
 90
  6619219
 94
      208
300

302

  6

 93
1091174400
 90
469767238
 94
        0
300

302

  7
ACFD_FIELD_VALUE
 93
        0
 90
        0
 94
        0
300
%tc1
302

301
####
 98
        0
  0
FIELD
  5
21FE
330
21FD
100
AcDbField
  1
AcSm
  2
\AcSm SheetSet.Client Name \f "%tc1"
 90
        0
 97
        0
 91
       63
 92
        0
 94
       43
 95
       32
 96
      335
300

 93
        4
  6
SheetSetCompName
 93
        2
 90
        0
 94
        4
300

302

  6
SheetSetPropertyName
 93
       18
 90
       76
 94
1342603270
300

302

  6

 93
  1916953
 90
  6619219
 94
      208
300

302

  6

 93
1091174400
 90
465571910
 94
1694525696
300

302

  7
ACFD_FIELD_VALUE
 93
        0
 90
        0
 94
        0
300
%tc1
302

301
####
 98
        0
  0
FIELD
  5
2203
330
2202
100
AcDbField
  1
AcSm
  2
\AcSm SheetSet.Client Street \f "%tc1"
 90
        0
 97
        0
 91
       63
 92
        0
 94
       43
 95
       32
 96
      335
300

 93
        4
  6
SheetSetCompName
 93
        2
 90
        0
 94
        4
300

302

  6
SheetSetPropertyName
 93
       18
 90
       76
 94
1342603270
300

302

  6

 93
  1916953
 90
  6619219
 94
      208
300

302

  6

 93
1091174400
 90
465571911
 94
1694525696
300

302

  7
ACFD_FIELD_VALUE
 93
        0
 90
        0
 94
        0
300
%tc1
302

301
####
 98
        0
  0
FIELD
  5
2208
330
2207
100
AcDbField
  1
AcSm
  2
\AcSm SheetSet.Client City \f "%tc1"
 90
        0
 97
        0
 91
       63
 92
        0
 94
       43
 95
       32
 96
      335
300

 93
        4
  6
SheetSetCompName
 93
        2
 90
        0
 94
        4
300

302

  6
SheetSetPropertyName
 93
       18
 90
       76
 94
1342603270
300

302

  6

 93
  1916953
 90
  6619219
 94
      208
300

302

  6

 93
1091174400
 90
465571910
 94
1694525696
300

302

  7
ACFD_FIELD_VALUE
 93
        0
 90
        0
 94
        0
300
%tc1
302

301
####
 98
        0
  0
FIELD
  5
2209
330
2207
100
AcDbField
  1
AcSm
  2
\AcSm SheetSet.Client State \f "%tc1"
 90
        0
 97
        0
 91
       63
 92
        0
 94
       43
 95
       32
 96
      335
300

 93
        4
  6
SheetSetCompName
 93
        2
 90
        0
 94
        4
300

302

  6
SheetSetPropertyName
 93
       18
 90
       76
 94
1342603270
300

302

  6

 93
  1916953
 90
  6619219
 94
      208
300

302

  6

 93
1091174400
 90
465604678
 94
1694525696
300

302

  7
ACFD_FIELD_VALUE
 93
        0
 90
        0
 94
        0
300
%tc1
302

301
####
 98
        0
  0
FIELD
  5
220A
330
2207
100
AcDbField
  1
AcSm
  2
\AcSm SheetSet.Client ZIP \f "%tc1"
 90
        0
 97
        0
 91
       63
 92
        0
 94
       43
 95
       32
 96
      335
300

 93
        4
  6
SheetSetCompName
 93
        2
 90
        0
 94
        4
300

302

  6
SheetSetPropertyName
 93
       18
 90
       76
 94
1342603270
300

302

  6

 93
  1916953
 90
  6619219
 94
      208
300

302

  6

 93
1091174400
 90
465604677
 94
1694525696
300

302

  7
ACFD_FIELD_VALUE
 93
        0
 90
        0
 94
        0
300
%tc1
302

301
####
 98
        0
  0
FIELD
  5
2221
330
2220
100
AcDbField
  1
AcSm
  2
\AcSm ?View.Number \f "%tc1"
 90
        0
 97
        0
 91
       63
 92
        0
 94
       27
 95
        2
 96
        0
300

 93
        2
  6
SheetSetCompName
 93
        0
 90
        4
  1
?View
 94
        0
300

302

  6
SheetSetPropertyName
 93
        0
 90
        4
  1
Number
 94
        0
300

302

  7
ACFD_FIELD_VALUE
 93
        0
 90
        4
  1
ViewNumber
 94
        0
300
%tc1
302

301

 98
       10
  0
FIELD
  5
2226
330
2225
100
AcDbField
  1
AcSm
  2
\AcSm ?View.Title \f "%tc1"
 90
        0
 97
        0
 91
       63
 92
        0
 94
       27
 95
        2
 96
        0
300

 93
        2
  6
SheetSetCompName
 93
        0
 90
        4
  1
?View
 94
        0
300

302

  6
SheetSetPropertyName
 93
        0
 90
        4
  1
Title
 94
        0
300

302

  7
ACFD_FIELD_VALUE
 93
        0
 90
        4
  1
ViewTitle
 94
        0
300
%tc1
302

301

 98
        9
  0
FIELD
  5
222B
330
222A
100
AcDbField
  1
AcSm
  2
\AcSm ?View.ViewportScale \f "%lu4%pr8%ct2%qf2816 = 1'-0\""
 90
        0
 97
        0
 91
       63
 92
        0
 94
       27
 95
        2
 96
        0
300

 93
        2
  6
SheetSetCompName
 93
        0
 90
        4
  1
?View
 94
        0
300

302

  6
SheetSetPropertyName
 93
        0
 90
        4
  1
ViewportScale
 94
        0
300

302

  7
ACFD_FIELD_VALUE
 93
        0
 90
        4
  1
ViewportScale
 94
        0
300
%lu4%pr8%ct2%qf2816 = 1'-0\"
302

301

 98
       13
  0
FIELD
  5
2236
330
2235
100
AcDbField
  1
_text
  2
%<\_FldIdx 0>%
 90
        1
360
2237
 97
        0
 91
       63
 92
        0
 94
        9
 95
        2
 96
        0
300

 93
        2
  6
ACFD_FIELDTEXT_ATTDEF
 93
        0
 90
        1
 91
        1
 94
        0
300

302

  6
ACFD_FIELDTEXT_CHECKSUM
 93
        2
 90
        2
140
4195.0
 94
        0
300

302

  7
ACFD_FIELD_VALUE
 93
        3
 90
        0
 94
        0
300

302

301

 98
        0
  0
FIELD
  5
223C
330
223B
100
AcDbField
  1
AcSm
  2
\AcSm ?View.Title \f "%tc1"
 90
        0
 97
        0
 91
       63
 92
        0
 94
       27
 95
        2
 96
        0
300

 93
        2
  6
SheetSetCompName
 93
        0
 90
        4
  1
?View
 94
        0
300

302

  6
SheetSetPropertyName
 93
        0
 90
        4
  1
Title
 94
        0
300

302

  7
ACFD_FIELD_VALUE
 93
        0
 90
        4
  1
ViewTitle
 94
        0
300
%tc1
302

301

 98
        9
  0
FIELD
  5
2241
330
2240
100
AcDbField
  1
AcSm
  2
\AcSm ?View.ViewportScale \f "%lu4%pr8%ct2%qf2816 = 1'-0\""
 90
        0
 97
        0
 91
       63
 92
        0
 94
       27
 95
        2
 96
        0
300

 93
        2
  6
SheetSetCompName
 93
        0
 90
        4
  1
?View
 94
        0
300

302

  6
SheetSetPropertyName
 93
        0
 90
        4
  1
ViewportScale
 94
        0
300

302

  7
ACFD_FIELD_VALUE
 93
        0
 90
        4
  1
ViewportScale
 94
        0
300
%lu4%pr8%ct2%qf2816 = 1'-0\"
302

301

 98
       13
  0
FIELD
  5
224C
330
224B
100
AcDbField
  1
_text
  2
%<\_FldIdx 0>%
 90
        1
360
224D
 97
        0
 91
       63
 92
        0
 94
        9
 95
        2
 96
        0
300

 93
        2
  6
ACFD_FIELDTEXT_ATTDEF
 93
        0
 90
        1
 91
        1
 94
        0
300

302

  6
ACFD_FIELDTEXT_CHECKSUM
 93
        2
 90
        2
140
4195.0
 94
        0
300

302

  7
ACFD_FIELD_VALUE
 93
        3
 90
        0
 94
        0
300

302

301

 98
        0
  0
FIELD
  5
2252
330
2251
100
AcDbField
  1
AcSm
  2
\AcSm ?View.Title \f "%tc1"
 90
        0
 97
        0
 91
       63
 92
        0
 94
       27
 95
        2
 96
        0
300

 93
        2
  6
SheetSetCompName
 93
        0
 90
        4
  1
?View
 94
        0
300

302

  6
SheetSetPropertyName
 93
        0
 90
        4
  1
Title
 94
        0
300

302

  7
ACFD_FIELD_VALUE
 93
        0
 90
        4
  1
ViewTitle
 94
        0
300
%tc1
302

301

 98
        9
  0
FIELD
  5
2257
330
2256
100
AcDbField
  1
AcSm
  2
\AcSm ?View.ViewportScale \f "%lu4%pr8%ct2%qf2816 = 1'-0\""
 90
        0
 97
        0
 91
       63
 92
        0
 94
       27
 95
        2
 96
        0
300

 93
        2
  6
SheetSetCompName
 93
        0
 90
        4
  1
?View
 94
        0
300

302

  6
SheetSetPropertyName
 93
        0
 90
        4
  1
ViewportScale
 94
        0
300

302

  7
ACFD_FIELD_VALUE
 93
        0
 90
        4
  1
ViewportScale
 94
        0
300
%lu4%pr8%ct2%qf2816 = 1'-0\"
302

301

 98
       13
  0
FIELD
  5
2262
330
2261
100
AcDbField
  1
_text
  2
%<\_FldIdx 0>%
 90
        1
360
2263
 97
        0
 91
       63
 92
        0
 94
        9
 95
        2
 96
        0
300

 93
        2
  6
ACFD_FIELDTEXT_ATTDEF
 93
        0
 90
        1
 91
        1
 94
        0
300

302

  6
ACFD_FIELDTEXT_CHECKSUM
 93
        2
 90
        2
140
4195.0
 94
        0
300

302

  7
ACFD_FIELD_VALUE
 93
        3
 90
        0
 94
        0
300

302

301

 98
        0
  0
FIELD
  5
2268
330
2267
100
AcDbField
  1
AcSm
  2
\AcSm ?View.Title \f "%tc1"
 90
        0
 97
        0
 91
       63
 92
        0
 94
       27
 95
        2
 96
        0
300

 93
        2
  6
SheetSetCompName
 93
        0
 90
        4
  1
?View
 94
        0
300

302

  6
SheetSetPropertyName
 93
        0
 90
        4
  1
Title
 94
        0
300

302

  7
ACFD_FIELD_VALUE
 93
        0
 90
        4
  1
ViewTitle
 94
        0
300
%tc1
302

301

 98
        9
  0
FIELD
  5
226D
330
226C
100
AcDbField
  1
AcSm
  2
\AcSm ?View.ViewportScale \f "%lu4%pr8%ct2%qf2816 = 1'-0\""
 90
        0
 97
        0
 91
       63
 92
        0
 94
       27
 95
        2
 96
        0
300

 93
        2
  6
SheetSetCompName
 93
        0
 90
        4
  1
?View
 94
        0
300

302

  6
SheetSetPropertyName
 93
        0
 90
        4
  1
ViewportScale
 94
        0
300

302

  7
ACFD_FIELD_VALUE
 93
        0
 90
        4
  1
ViewportScale
 94
        0
300
%lu4%pr8%ct2%qf2816 = 1'-0\"
302

301

 98
       13
  0
FIELD
  5
2278
330
2277
100
AcDbField
  1
_text
  2
%<\_FldIdx 0>%
 90
        1
360
2279
 97
        0
 91
       63
 92
        0
 94
        9
 95
        2
 96
        0
300

 93
        2
  6
ACFD_FIELDTEXT_ATTDEF
 93
        0
 90
        1
 91
        1
 94
        0
300

302

  6
ACFD_FIELDTEXT_CHECKSUM
 93
        2
 90
        2
140
4195.0
 94
        0
300

302

  7
ACFD_FIELD_VALUE
 93
        3
 90
        0
 94
        0
300

302

301

 98
        0
  0
FIELD
  5
227E
330
227D
100
AcDbField
  1
AcSm
  2
\AcSm ?View.Title \f "%tc1"
 90
        0
 97
        0
 91
       63
 92
        0
 94
       27
 95
        2
 96
        0
300

 93
        2
  6
SheetSetCompName
 93
        0
 90
        4
  1
?View
 94
        0
300

302

  6
SheetSetPropertyName
 93
        0
 90
        4
  1
Title
 94
        0
300

302

  7
ACFD_FIELD_VALUE
 93
        0
 90
        4
  1
ViewTitle
 94
        0
300
%tc1
302

301

 98
        9
  0
FIELD
  5
2283
330
2282
100
AcDbField
  1
AcSm
  2
\AcSm ?View.ViewportScale \f "%lu4%pr8%ct2%qf2816 = 1'-0\""
 90
        0
 97
        0
 91
       63
 92
        0
 94
       27
 95
        2
 96
        0
300

 93
        2
  6
SheetSetCompName
 93
        0
 90
        4
  1
?View
 94
        0
300

302

  6
SheetSetPropertyName
 93
        0
 90
        4
  1
ViewportScale
 94
        0
300

302

  7
ACFD_FIELD_VALUE
 93
        0
 90
        4
  1
ViewportScale
 94
        0
300
%lu4%pr8%ct2%qf2816 = 1'-0\"
302

301

 98
       13
  0
FIELD
  5
2392
330
2391
100
AcDbField
  1
AcVar
  2
\AcVar Filename \f "%fn6"
 90
        0
 97
        0
 91
       63
 92
        0
 94
       59
 95
        2
 96
        0
300

 93
        1
  6
Variable
 93
        0
 90
        4
  1
Filename
 94
        0
300

302

  7
ACFD_FIELD_VALUE
 93
        4
 90
        4
  1
\\interop2\public\Mallika\Raptor\SampleFiles_Saved_SpagoFCS\Architectural - Annotation Scaling and Multileaders.dwg
 94
        0
300
%fn6
302
Architectural - Annotation Scaling and Multileaders.dwg
301
Architectural - Annotation Scaling and Multileaders.dwg
 98
       55
  0
FIELD
  5
2394
330
2391
100
AcDbField
  1
AcVar
  2
\AcVar DeviceName \f "%tc4"
 90
        0
 97
        0
 91
       63
 92
        0
 94
       59
 95
        2
 96
        0
300

 93
        1
  6
Variable
 93
        0
 90
        4
  1
DeviceName
 94
        0
300

302

  7
ACFD_FIELD_VALUE
 93
        4
 90
        4
  1
DWF6 ePlot.pc3
 94
        0
300
%tc4
302
DWF6 EPlot.pc3
301
DWF6 EPlot.pc3
 98
       14
  0
FIELD
  5
2395
330
2391
100
AcDbField
  1
AcVar
  2
\AcVar PageSetupName \f "%tc4"
 90
        0
 97
        0
 91
       63
 92
        0
 94
       59
 95
        2
 96
        0
300

 93
        1
  6
Variable
 93
        0
 90
        4
  1
PageSetupName
 94
        0
300

302

  7
ACFD_FIELD_VALUE
 93
        4
 90
        4
  1

 94
        0
300
%tc4
302

301
----
 98
        4
  0
XRECORD
  5
2459
330
2458
100
AcDbXrecord
280
     1
310
28000000B40000007800000001000800000000006054000000000000000000000001000000000000FFFFFF0000000000FFFFFF000000000000000000000000000000000000000000000000000000000000000000330000006600000099000000CC000000FF00000000330000333300006633000099330000CC330000FF3300
310
0000660000336600006666000099660000CC660000FF66000000990000339900006699000099990000CC990000FF99000000CC000033CC000066CC000099CC0000CCCC0000FFCC000000FF000033FF000066FF000099FF0000CCFF0000FFFF000000003300330033006600330099003300CC003300FF003300003333003333
310
33006633330099333300CC333300FF33330000663300336633006666330099663300CC663300FF66330000993300339933006699330099993300CC993300FF99330000CC330033CC330066CC330099CC3300CCCC3300FFCC330000FF330033FF330066FF330099FF3300CCFF3300FFFF330000006600330066006600660099
310
006600CC006600FF00660000336600333366006633660099336600CC336600FF33660000666600336666006666660099666600CC666600FF66660000996600339966006699660099996600CC996600FF99660000CC660033CC660066CC660099CC6600CCCC6600FFCC660000FF660033FF660066FF660099FF6600CCFF6600
310
FFFF660000009900330099006600990099009900CC009900FF00990000339900333399006633990099339900CC339900FF33990000669900336699006666990099669900CC669900FF66990000999900339999006699990099999900CC999900FF99990000CC990033CC990066CC990099CC9900CCCC9900FFCC990000FF99
310
0033FF990066FF990099FF9900CCFF9900FFFF99000000CC003300CC006600CC009900CC00CC00CC00FF00CC000033CC003333CC006633CC009933CC00CC33CC00FF33CC000066CC003366CC006666CC009966CC00CC66CC00FF66CC000099CC003399CC006699CC009999CC00CC99CC00FF99CC0000CCCC0033CCCC0066CC
310
CC0099CCCC00CCCCCC00FFCCCC0000FFCC0033FFCC0066FFCC0099FFCC00CCFFCC00FFFFCC000000FF003300FF006600FF009900FF00CC00FF00FF00FF000033FF003333FF006633FF009933FF00CC33FF00FF33FF000066FF003366FF006666FF009966FF00CC66FF00FF66FF000099FF003399FF006699FF009999FF00CC
310
99FF00FF99FF0000CCFF0033CCFF0066CCFF0099CCFF00CCCCFF00FFCCFF0000FFFF0033FFFF0066FFFF0099FFFF00CCFFFF00FFFFFF00000000000D0D0D001A1A1A00282828003535350043434300505050005D5D5D006B6B6B00787878008686860093939300A1A1A100AEAEAE00BBBBBB00C9C9C900D6D6D600E4E4E400
310
F1F1F100FFFFFF0000000000000000000000000000000000000000000000000000000000000000000000000000000000EFEFE2E2E2E2E2E2E2E2E2E2E2E2E2E2E2E2E2E2E2E2E2E2E2E2E2E2E2E2E2E2E2E2E2E2E2E2E2E2E2E2E2E2E2E2E2E2E2E2E2E2E2E2E2E2E2E2E2E2E2E2E2E2E2E2E2E2E2E2E2E2E2E2E2E2E2E2E2
310
E2E2E2E2E2E2E2E2E2E2E2E2E2E2E2E2E2E2E2E2E2E2E2E2E2E2E2E2E2E2E2E2E2E2E2E2E2E2E2E2E2E2E2E2E2E2E2E2E2E2E2E2E2E2E2E2E2E2E2E2E2E2E2E2E2E2E2E2E2E2E2E2E2E2E2E2E2E2E2E2E2E2E2E2E2E2E2E2E2E2E2E2E2E2E2E2E2E2E2E2EFBEBEBEBEBEBEE2E2E2E2E2E2E2E2E2E2E2E2E2E2E2E2E2E2E2E2
310
E2E2E2E2E2E2E2E2E2E2E2E2E2E2E2E2E2E2E2E2E2E2E2E2E2E2E2E2E2E2E2E2E2E2E2E2E2E2E2E2E2E2E2E2E2E2E2E2E2E2E2E2E2E2E2E2E2E2E2E2E2E2E2E2E2E2E2E2E2E2E2E2E2E2E2E2E2E2E2E2E2E2E2E2E2E2E2E2E2E2E2E2E2E2E2E2E2E2E2E2E2E2E2E2E2E2E2E2E2E2E2E2E2E2E2E2E2E2E2E2E2E2E2E2E2E2E2
310
E2E2E2E2E2E2E2E2E2E2E2E2E2E2E2E2E2E2E2BEBEBEBEBEBEE2EFBEF5F5F5F5F5F5F5F5F5F5F5F5F5F5F5F5F5F5F5F5F5F5F5F5F5F5F5F5F5F5F5F5F5F5F5F5F5F5F5F5F5F5F5F5F5F5F5F5F5F5F5F5F5F5F5F5F5F5F5F5F5F5F5F5F5F5F5F5F5F5F5F5F5F5F5F5F5F5F5F5F5F5F5F5F5F5F5F5F5F5F5F5F5F5F5F5F5F5F5
310
F5F5F5F5F5F5F5F5F5F5F5F5F5F5F5F5F5F5F5F5F5F5F5F5F5F5F5F5F5F5F5F5F5F5F5F5F5F5F5F5F5F5F5F5F5F5F5F5F5F5F5F5F5F5F5F5F5F5F5F5F5F5F5F5F5F5F5F5F5F5F5F5F5F5F5F5F5BEE2EFBEF5F5F5F5F5F5F5F5F5F5F5F5F5F5F5F5F5F5F5F5F5F5F5F5F5F5F5F5F5F5F5F5F5F5F5F5F5F5F5F5F5F5F5F5F5F5
310
F5F5F5F5F5F5F5F5F5F5F5F5F5F5F5F5F5F5F5F5F5F5F5F5F5F5F5F5F5F5F5F5F5F5F5F5F5F5F5F5F5F5F5F5F5F5F5F5F5F5F5F5F5F5F5F5F5F5F5F5F5F5F5F5F5F5F5F5F5F5F5F5F5F5F5F5F5F5F5F5F5F5F5F5F5F5F5F5F5F5F5F5F5F5F5F5F5F5F5F5F5F5F5F5F5F5F5F5F5F5F5F5F5F5F5F5F5F5F5F5F5F5F5F5F5F5F5
310
F5F5F5BEE2EFBEE2E2E2E2E2E2E2E2E2F5F5F5F5F5F5F5F5F5E2E2E2E2E2E2E2E2E2E2E2E2E2E2E2E2F5F5F5F5F5F5F5F5F5E2E2E2E2E2E2E2E2E2E2E2E2E2E2E2E2F5F5F5F5F5F5F5F5F5E2E2E2E2E2E2E2E2E2E2E2E2E2E2E2E2F5F5F5F5F5F5F5F5F5E2E2E2E2E2E2E2E2E2E2E2E2E2E2E2E2F5F5F5F5F5F5F5F5F5E2E2
310
E2E2E2E2E2E2E2E2E2E2E2E2E2E2F5F5F5F5F5F5F5F5F5E2E2E2E2E2E2E2E2E2E2E2E2E2E2E2E2F5F5F5F5F5F5F5F5F5E2E2E2E2E2E2E2E2BEE2EFBEE2F5E2F5F5F5F5F5F5F5F5F5F5F5F5F5F5F5F5F5F5F5F5F5F5F5F5F5F5F5F5F5F5F5F5F5F5F5F5F5F5F5F5F5F5F5F5F5F5F5F5F5F5F5F5F5F5F5F5F5F5F5F5F5F5F5F5
310
F5F5F5F5F5F5F5F5F5F5F5F5F5F5F5F5F5F5F5F5F5F5F5F5F5F5F5F5F5F5F5F5F5F5F5F5F5F5F5F5F5F5F5F5F5F5F5F5F5F5F5F5F5F5F5F5F5F5F5F5F5F5F5F5F5F5F5F5F5F5F5F5F5F5F5F5F5F5F5F5F5F5F5F5F5F5F5F5F5F5F5BEBEBEBEBEBEBEF5F5F5F5F5F5F5F5F5F5E2BEE2EFBEE2F5E2F5C3C3C3C3C3C3C3C3C3C3
310
C3C3C3C3C3C3C3C3C3C3C3C3C3C3C3C3C3C3C3C3C3C3C3C3C3C3C3C3C3C3C3C3C3C3C3C3C3C3C3C3C3C3C3C3C3C3C3C3C3C3C3C3C3C3C3C3C3C3C3C3C3C3C3C3C3C3C3C3C3C3C3C3C3C3C3C3C3C3C3C3C3C3C3C3C3C3C3C3C3C3C3C3C3C3C3C3C3C3C3C3C3C3C3C3C3C3C3C3C3C3C3C3C3C3C3C3C3C3C3C3C3C3C3C3C3C3C3
310
C3C3C3C3C3C3C3C3C3C3F5F5F5F5F5F5F5BEBEBEBEBEBEBEF5F5F5F5F5F5F5F5F5F5E2BEE2EFE2E2F5E2F5C3F5F5F5F5F5F5F5F5F5F5F5F5F5F5F5F5F5F5F5F5F5F5F5F5F5F5F5F5F5F5F5F5F5F5F5F5F5F5F5F5F5F5F5F5F5F5F5F5F5F5F5F5F5F5F5F5F5F5F5F5F5F5F5F5F5F5F5F5F5F5F5F5F5F5F5F5F5F5F5F5F5F5F5
310
F5F5F5F5F5F5F5F5F5F5F5F5F5F5F5F5F5F5F5F5F5F5F5F5F5F5F5F5F5F5F5F5F5F5F5F5F5F5F5F5F5F5F5F5F5F5F5F5F5F5F5F5F5F5F5F5F5F5F5F5F5F5C3F5F5F5F5F5F5F5BEBEBEBEBEBEBEF5F5F5F5F5F5F5F5F5F5E2E2E2EFE2E2F5E2F1C3F5F5F5F5F5F5F5F5F5F5F5F5F5F5F5F5F5F5F5F5F5F5F5F5F5F5F5F5F5F5
310
F5F5F5F5F5F5F5F5F5F5F5F5F5F5F5F5F5F5F5F5F5F5F5F5F5F5F5F5F5F5F5F5F5F5F5F5F5F5F5F5F5F5F5F5F5F5F5F5F5F5F5F5F5F5F5F5F5F5F5F5F5F5F5F5F5F5F5F5F5F5F5F5F5F5F5F5F5F5F5F5F5F5F5F5F5F5F5F5F5F5F5F5F5F5F5F5F5F5F5F5F5F5F5F5F5F5F5F5F5F5F5F5F5F5F5C3F5F5F5F5F5F5F5BEBEBEBE
310
BEBEBEF5F5F5F5F5F5F5F5F5F5E2E2E2EFE2E2F5E2F1C3F5F5F5F5F5F5F5F5F5F5F5F5F5F5F5F5F5F5F5F5F5F5F5F5F5F5F5F5F5F5F5F5F5F5F5F5F5F5F5F5F5F5F5F5F5F5F5F5F5F5F5F5F5F5F5F5F5F5F5F5F5F5F5F5F5F5F5F5F5F5F5F5F5F5F5F5F5F5F5F5F5F5F5F5F5F5F5F5F5F5F5F5F5F5F5F5F5F5F5F5F5F5F5F5
310
F5F5F5F5F5F5F5F5F5F5F5F5F5F5F5F5F5F5F5F5F5F5F5F5F5F5F5F5F5F5F5F5F5F5F5F5F5F5F5F5F5C30F0F0F0F0F0F0F0FF5F5F5F5F5F5F5F5F5F5F5F5F5F5F5F5E2E2E2EFE2E2F5E2F1C3F5F5F5F5F5F5F5F5F5F5F5F5F5F5F5F5F5F5F5F5F5F5F5F5F5F5F5F5F5F5F5F5F5F5F5F5F5F5F5F5F5F5F5F5F5F5F5F5F5F5F5
310
F5F5F5F5F5F5F5F5F5F5F5F5F5F5F5F5F5F5F5F5F5F5F5F5F5F5F5F5F5F5F5F5F5F5F5F5F5F5F5F5F5F5F5F5F5F5F5F5F5F5F5F5F5F5F5F5F5F5F5F5F5F5F5F5F5F5F5F5F5F5F5F5F5F5F5F5F5F5F5F5F5F5F5F5F5F5F5F5F5F5F5F5F5F5C30F0F0F0F0F0F0F0FF5F5F5F5F5F5F5F5F5F5F5F5F5F5F5F5E2E2E2EFE2E2F5E2
310
F1C3F5F5F5F5F5F5F5F5F5F5F5F5F5F5F5F5F5F5F5F5F5F5F5F5F5F5F5F5F5F5F5F5F5F5F5F5F5F5F5F5F5F5F5F5F5F5F5F5F5F5F5F5F5F5F5F5F5F5F5F5F5F5F5F5F5F5F5F5F5F5F5F5F5F5F5F5F5F5F5F5F5F5F5F5F5F5F5F5F5F5F5F5F5F5F5F5F5F5F5F5F5F5F5F5F5F5F5F5F5F5F5F5F5F5F5F5F5F5F5F5F5F5F5F5F5
310
F5F5F5F5F5F5F5F5F5F5F5F5F5F5F5F5F5F5F5F5C3F5F5F50FF5F5F5F5F5F5F5BEBEBEBEBEF5F5F5F5F5F5F5F5E2E2E2EFE2E2F5E2F1C3F5F5F5F5F5F5F5F5F5F5F5F5F5F5F5F5F5F5F5F5F5F5F5F5F5F5F5F5F5F5F5F5F5F5F5F5F5F5F5F5F5F5F5F5F5F5F5F5F5F5F5F5F5F5F5F5F5F5F5F5F5F5F5F5F5F5F5F5F5F5F5F5
310
F5F5F5F5F5F5F5F5F5F5F5F5F5F5F5F5F5F5F5F5F5F5F5F5F5F5F5F5F5F5F5F5F5F5F5F5F5F5F5F5F5F5F5F5F5F5F5F5F5F5F5F5F5F5F5F5F5F5F5F5F5F5F5F5F5F5F5F5F5F5F5F5F5C30F0F0F0FF5F5F5F5F5F5F5F5F5F5F5F5F5F5F5F5F5F5F5F5E2E2E2EFE2F5F5E2F1C3F5F5F5F5F5F5F5F5F5F5F5F5F5F5F5F5F5F5F5
310
F5F5F5F5F5F5F5F5F5F5F5F5F5F5F5F5F5F5F5F5F5F5F5F5F5F5F5F5F5F5F5F5F5F5F5F5F5F5F5F5F5F5F5F5F5F5F5F5F5F5F5F5F5F5F5F5F5F5F5F5F5F5F5F5F5F5F5F5F5F5F5F5F5F5F5F5F5F5F5F5F5F5F5F5F5F5F5F5F5F5F5F5F5F5F5F5F5F5F5F5F5F5F5F5F5F5F5F5F5F5F5F5F5F5F5F5F5F5F5F5F5F5F5F5F5F5C3
310
F5F5F5F5F5F5F5F5F5F5F5F5F5F5F5F5F5F5F5F5F5F5F5F5F5E2E2EFE2F5F5E2F1C3F5F5F5F5F5F5F5F5F5F5F5F5F5F5F5F5F5F5F5F5F5F5F5F5F5F5F5F5F5F5F5F5F5F5F5F5F5F5F5F5F5F5F5F5F5F5F5F5F5F5F5F5F5F5F5F5F5F5F5F5F5F5F5F5F5F5F5F5F5F5F5F5F5F5F5F5F5F5F5F5F5F5F5F5F5F5F5F5F5F5F5F5F5
310
F5F5F5F5F5F5F5F5F5F5F5F5F5F5F5F5F5F5F5F5F5F5F5F5F5F5F5F5F5F5F5F5F5F5F5F5F5F5F5F5F5F5F5F5F5F5F5F5F5F5F5F5C30F0F0F0F0F0F0F0FF5F5F5BEBEF5F5F5F5F5F5F5F5F5F5F5F5E2E2EFE2F5F5E2F1C3F5F5F5F5F5F5F5F5F5F5F5F5F5F5F5F5F5F5F5F5F5F5F5F5F5F5F5F5F5F5F5F5F5F5F5F5F5F5F5F5
310
F5F5F5F5F5F5F5F5F5F5F5F5F5F5F5F5F5F5F5F5F5F5F5F5F5F5F5F5F5F5F5F5F5F5F5F5F5F5F5F5F5F5F5F5F5F5F5F5F5F5F5F5F5F5F5F5F5F5F5F5F5F5F5F5F5F5F5F5F5F5F5F5F5F5F5F5F5F5F5F5F5F5F5F5F5F5F5F5F5F5F5F5F5F5F5F5F5F5F5F5F5F5F5F5F5C3F50FF50FF50F0FF5F5F5F5F5F5F5F5F5F5F5F5F5F5
310
F5F5F5F5E2E2EFE2F5F5E2F1C3F5F5F5F5F5F5F5F5F5F5F5F5F5F5F5F5F5F5F5F5F5F5F5F5F5F5F5F5F5F5F5F5F5F5F5F5F5F5F5F5F5F5F5F5F5F5F5F5F5F5F5F5F5F5F5F5F5F5F5F5F5F5F5F5F5F5F5F5F5F5F5F5F5F5F5F5F5F5F5F5F5F5F5F5F5F5F5F5F5F5F5F5F5F5F5F5F5F5F5F5F5F5F5F5F5F5F5F5F5F5F5F5F5F5
310
F5F5F5F5F5F5F5F5F5F5F5F5F5F5F5F5F5F5F5F5F5F5F5F5F5F5F5F5F5F5F5C30F0F0F0F0F0F0FF5F5F5F5BEBEF5F5F5F5F5F5F5F5F5F5F5F5E2E2EFE2F5F5E2F1C3F5F5F5F5F5F5F5F5F5F5F5F5F5F5F5F5F5F5F5F5F5F5F5F5F5F5F5F5F5F5F5F5F5F5F5F5F5F5F5F5F5F5F5F5F5F5F5F5F5F5F5F5F5F5F5F5F5F5F5F5F5
310
F5F5F5F5F5F5F5F5F5F5F5F5F5F5F5F5F5F5F5F5F5F5F5F5F5F5F5F5F5F5F5F5F5F5F5F5F5F5F5F5F5F5F5F5F5F5F5F5F5F5F5F5F5F5F5F5F5F5F5F5F5F5F5F5F5F5F5F5F5F5F5F5F5F5F5F5F5F5F5F5F5F5F5F5C30F0F0F0F0F0F0FF5F5F5F5F5F5F5F5F5F5F5F5F5F5F5F5F5F5E2E2EFE2F5F5E2F1C3F5F5F5F5F5F5F5F5
310
F5F5F5F5F5F5F5F5F5F5F5F5F5F5F5F5F5F5F5F5F5F5F5F5F5F5F5F5F5F5F5F5F5F5F5F5F5F5F5F5F5F5F5F5F5F5F5F5F5F5F5F5F5F5F5F5F5F5F5F5F5F5F5F5F5F5F5F5F5F5F5F5F5F5F5F5F5F5F5F5F5F5F5F5F5F5F5F5F5F5F5F5F5F5F5F5F5F5F5F5F5F5F5F5F5F5F5F5F5F5F5F5F5F5F5F5F5F5F5F5F5F5F5F5F5F5F5
310
F5F5F5F5F5F5F5F5F5F5C3F5F5F5F5F5F5F5F5F5F5F5F5F5F5F5F5F5F5F5F5F5F5F5F5F5E2E2EFE2F5F5E2F1C3F5F5F5F5F5F5F5F5F5F5F5F5F5F5F5F5F5F5F5F5F5F5F5F5F5F5F5F5F5F5F5F5F5F5F5F5F5F5F5F5F5F5F5F5F5F5F5F5F5F5F5F5F5F5F5F5F5F5F5F5F5F5F5F5F5F5F5F5F5F5F5F5F5F5F5F5F5F5F5F5F5F5
310
F5F5F5F5F5F5F5F5F5F5F5F5F5F5F5F5F5F5F5F5F5F5F5F50F0F0F0F0F0F0F0FF5F5F5F5F5F5F5F5F5F5F5F5F5F5F5F5F5F5F5F5F5F5F5F5F5F5F5F5F5F5F5C3F5F5F5F5F5F5F5F5F5F5F5F5F5F5F5F5F5F5F5F5F5F5F5F5F5E2E2EFE2F5F5E2F5C3F5F5F5F5F5F5F5F5F5F5F5F5F5F5F5F5F5F5F5F5F5F5F5F5F5F5F5F5F5
310
F5F5F5F5F5F5F5F5F5F5F5F5F5F5F5F5F5F5F5F5F5F5F5F5F5F5F5F5F5F5F5F5F5F5F5F5F5F5F5F5F5F5F5F5F5F5F5F5F5F5F5F5F5F5F5F5F5F5F5F5F5F5F5F5F5F5F5F5F5F5F5F5F5F5F5F5F50F0F0F0F0F0F0F0F0F0F0F0F0FF5F5F5F5F5F5F5F5F5F5F5F5F5F5F5F5F5F5F5F5F5F5F5F5F5F5C3F5F5F5F5F5F5F5F5F5F5
310
F5F5F5F5F5F5F5F5F5F5F5F5F5F5F5E2E2EFE2F5F5E2F1C3F5F5F5F5F5F5F5F5F5F5F5F5F5F5F5F5F5F5F5F5F5F5F5F5F5F5F5F5F5F5F5F5F5F5F5F5F5F5F5F5F5F5F5F5F5F5F5F5F5F5F5F5F5F5F5F5F5F5F5F5F5F5F5F5F5F5F5F5F5F5F5F5F5F5F5F5F5F5F5F5F5F5F5F5F5F5F5F5F5F5F5F5F5F5F5F5F5F5F5F5F5F5F5
310
F5F5F50F0F0F0F0F0F0F0F0F0F0F0F0FF5F5F5F5F5F5F5F5F5F5F5F5F5F5F5F5F5F5F5F5F5F5F5F5F5F5C3F5F5F5F5F5F5F5F5F5F5F5F5F5F5F5F5F5F5F5F5F5F5F5F5F5E2E2EFE2F5F5E2F1C3F5F5F5F5F5F5F5F5F5F5F5F5F5F5F5F5F5F5F5F5F5F5F5F5F5F5F5F5F5F5F5F5F5F5F5F5F5F5F5F5F5F5F5F5F5F5F5F5F5F5
310
F5F5F5F5F5F5F5F5F5F5F5F5F5F5F5F5F5F5F5F5F5F5F5F5F5F5F5F5F5F5F5F5F5F5F5F5F5F5F5F5F5C2C2C2C2C2C2C2C2C2C2C2C2C2C2C2C20FC2C2C2C2C2C2C2C2C2C2C2C2C2C2C2C2C2C2C2C2C2C2C2C2C2C2C2C2C2C2C2C2C2F5F5F5F5C3F5F5F5F5F5F5F5F5F5F5F5F5F5F5F5F5F5F5F5F5F5F5F5F5F5E2E2EFE2F5F5
310
E2F1C3F5F5F5F5F5F5F5F5F5F5F5F5F5F5F5F5F5F5F5F5F5F5F5F5F5F5F5F5F5F5F5F5F5F5F5F5F5F5F5F5F5F5F5F5F5F5F5F5F5F5F5F5F5F5F5F5F5F5F5F5F5F5F5F5F5F5F5F5F5F5F5F5F5F5F5F5F5F5F5F5F5F5F5F5F5F5F5F5F5F5F5C2F5F5F5F5F5F5F5F5F5F5F5F5F5F5F5F5F5F5F5F5F5F5F5F5F5F5F5F5F5F5F5F5
310
F5F5F5F5F5F5F5F5F5F5F5F5F5F5F5F5C2F5F5F5F5C3F5F5F5F5F5F5F5F5F5F5F5F5F5F5F5F5F5F5F5F5F5F5F5F5F5E2E2EFE2E2F5E2F1C3F5F5F5F5F5F5F5F5F5F5F5F5F5F5F5F5F5F5F5F5F5F5F5F5F5F5F5F5F5F5F5F5F5F5F5F5F5F5F5F5F5F5F5F5F5F5F5F5F5F5F5F5F5F5F5F5F5F5F5F5F5F5F5F5F5F5F5F5F5F5F5
310
F5F5F5F5F5F5F5F5F5F5F5F5F5F5F5F5F5F5F5F5C2F5F5F5F5F5F5F5F5F5F5F5F5F5F5F5F5F5F5F5F5F5F5F5F5F5F5F5F5F5F5F5F5F5F5F5F5F5F5F5F5F5F5F5F5F5F5F5F5C2F5F5F5F5C3F5F5F5F5F5F5F5F5F5F5F5F5F5F5F5F5F5F5F5F5F5F5F5F5E2E2E2EFE2E2F5E2F1C3F5F5F5F5F5F5F5F5F5F5F5F5F5F5F5F5F5F5
310
F5F5F5F5F5F5F5F5F5F5F5F5F5F5F5F5F5F5F5F5F5F5F5F5F5F5F5F5F5F5F5F5F5F5F5F5F5F5F5F5F5F5F5F5F5F5F5F5F5F5F5F5F5F5F5F5F5F5F5F5F5F5F5F5F5F5F5F5F5F5F5F5F5C2F5F5F5F5F5F5F5F5F5F5F5F5F5F5F5F5F5F5F5F5F5F50F0F0F0FF5F5F5F5F5F5F5F5F5F5F5F5F5F5F5F5F5F5F5F5F5F5C2F5F5F5F5
310
C3F5F5F5F5F5F5F5F5F5F5F5F5F5F5F5F5F5F5F5F5F5F5F5F5E2E2E2EFE2E2F5E2F5C3F5F5F5F5F5F5F5F5F5F5F5F5F5F5F5F5F5F5F5F5F5F5F5F5F5F5F5F5F5F5F5F5F5F5F5F5F5F5F5F5F5F5F5F5F5F5F5F5F5F5F5F5F5F5F5F5F5F5F5F5F5F5F5F5F5F5F5F5F5F5F5F5F5F5F5F5F5F5F5F5F5F5F5F5F5F5F5F5F5F5F5C2
310
F5F5F5F5F5F5F5F5F5F5F5F5F5F5F5F5F5F50F0F0F0FF5F5F5F50FBE0F0FF5F5F5F5F5F5F5F5F5F5F5F5F5F5F5F5F5F5C2F5F5F5F5C3F5F5BEBEBEBEBEF5F5F5F5F5F5F5F5F5F5F5F5F5F5F5F5F5E2E2E2EFE2E2F5E2F5C3F5F5F5F5F5F5F5F5F5F5F5F5F5F5F5F5F5F5F5F5F5F5F5F5F5F5F5F5F5F5F5F5F5F5F5F5F5F5F5
310
F5F5F5F5F5F5F5F5F5F5F5F5F5F5F5F5F5F5F5F5F5F5F5F5F5F5F5F5F5F5F5F5F5F5F5F5F5F5F5F5F5F5F5F5F5F5F5F5F5F5F5F5C2F5F5F5F5F5F5F5F5F5F5F5F5F5F5F5F50FBE0FF5F5F5F5F5F5BEBEF5F5F50F0FF5F5F5F5F5F5F5F5F5F5F5F5F5F5F5F5C2F5F5F5F5C3F5F5BEBEBEBEBEF5F5F5F5F5F5F5F5F5F5F5F5F5
310
F5F5F5F5E2E2E2EFE2E2F5E2F1C3F5F5F5F5F5F5F5F5F5F5F5F5F5F5F5F5F5F5F5F5F5F5F5F5F5F5F5F5F5F5F5F5F5F5F5F5F5F5F5F5F5F5F5F5F5F5F5F5F5F5F5F5F5F5F5F5F5F5F5F5F5F5F5F5F5F5F5F5F5F5F5F5F5F5F5F5F5F5F5F5F5F5F5F5F5F5F5F5F5F5F5C2F5F5F5F5F5F5F5F5F5F5F5F5F5F5F50FBEF5BEF5F5
310
F5F5BEBEF5F5F5F5F5F50F0FF5F5F5F5F5F5F5F5F5F5F5F5F5F5F5C2F5F5F5F5C3F5F5BEBEBEBEBEBEBEBEBEBEF5F5F5F5F5F5F5F5F5F5F5F5E2E2E2EFE2E2F5E2F1C3F5F5F5F5F5F5F5F5F5F5F5F5F5F5F5F5F5F5F5F5F5F5F5F5F5F5F5F5F5F5F5F5F5F5F5F5F5F5F5F5F5F5F5F5F5F5F5F5F5F5F5F5F5F5F5F5F5F5F5F5
310
F5F5F5F5F5F5F5F5F5F5F5F5F5F5F5F5F5F5F5F5F5F5F5F5F5F5F5F5F5F5F5C2F5F5F5F5F5F5F5F5F5F5F5F5F5F50F0FF5BEBEF5F5BEBEF5F5F5F5F5F5F5F5F50F0FF5F5F5F5F5F5F5F5F5F5F5F5F5F5C2F5F5F5F5C3F5F5F5F5F5F5F5F5F5F5F5F5F5F5F5F5F5F5F5F5F5F5F5F5E2E2E2EFE2E2F5E2F1C3F5F5F5F5F5F5F5
310
F5F5F5F5F5F5F5F5F5F5F5F5F5F5F5F5F5F5F5F5F5F5F5F5F5F5F5F5F5F5F5F5F5F5F5F5F5F5F5F5F5F5F5F5F5F5F5F5F5F5F5F5F5F5F5F5F5F5F5F5F5F5F5F5F5F5F5F5F5F5F5F5F5F5F5F5F5F5F5F5F5F5F5F5C2F5F5F5F5F5F5F5F5F5F5F5F5F50F0FF5BEBEF5BEBEBEF5F5F5F5F5F5F5F5F5F5F50F0FF5F5F5F5F5F5F5
310
F5F5F5F5F5F5C2F5F5F5F5C30F0F0F0F0FF5F5F5F5F5F5F5F5F5F5F5F5F5F5F5F5F5F5F5E2E2E2EFE2E2F5E2F1C3F5F5F5F5F5F5F5F5F5F5F5F5F5F5F5F5F5F5F5F5F5F5F5F5F5F5F5F5F5F5F5F5F5F5F5F5F5F5F5F5F5F5F5F5F5F5F5F5F5F5F5F5F5F5F5F5F5F5F5F5F5F5F5F5F5F5F5F5F5F5F5F5F5F5F5F5F5F5F5F5F5
310
F5F5F5F5F5F5F5F5F5F5C2F5F5F5F5F5F5F5F5F5F5F5F5F50FF5F5BEF50FBEBEF5F5F5F5F5F5F5F5F5F5BEBEBE0FF5F5F5F5F5F5F5F5F5F5F5F5F5C2F5F5F5F5C3F5F5F5F5F5F5F5F5F5F5F5F5F5F5F5F5F5F5F5F5F5F5F5F5E2E2E2EFE2E2F5E2F5C3F5F5F5F5F5F5F5F5F5F5F5F5F5F5F5F5F5F5F5F5F5F5F5F5F5F5F5F5
310
F5F5F5F5F5F5F5F5F5F5F5F5F5F5F5F5F5F5F5F5F5F5F5F5F5F5F5F5F5F5F5F5F5F5F5F5F5F5F5F5F5F5F5F5F5F5F5F5F5F5F5F5F5F5F5F5F5F5F5F5F5F5F5C2F5F5F5F5F5F5F5F5F5F5F5F50FF5F5F5F50FBEBEBEF5F5F5F5F5F5F5F5F5BEBEF5F5F50FF5F5F5F5F5F5F5F5F5F5F5F5C2F5F5F5F5C3F5F5F5F5F5F5F5F5F5
310
F5F5F5F5F5F5F5F5F5F5F5F5F5F5F5E2E2E2EFE2E2F5E2F5C3F5F5F5F5F5F5F5F5F5F5F5F5F5F5F5F5F5F5F5F5F5F5F5F5F5F5F5F5F5F5F5F5F5F5F5F5F5F5F5F5F5F5F5F5F5F5F5F5F5F5F5F5F5F5F5F5F5F5F5F5F5F5F5F5F5F5F5F5F5F5F5F5F5F5F5F5F5F5F5F5F5F5F5F5F5F5F5F5F5F5F5C2F5F5F5F5F5F5F5F5F5F5
310
F5F50FF5F5F50FF5BEBEF5BEF5F5F5F5F5F5BEBEBEF5F5F5F50FF5F5F5F5F5F5F5F5F5F5F5F5C2F5F5F5F5C3F5F5BEBEBEBEBEBEBEBEBEBEBEBEBEBEF5F5F5F5F5F5F5F5E2E2E2EFE2E2F5E2F1C3F5F5F5F5F5F5F5F5F5F5F5F5F5F5F5F5F5F5F5F5F5F5F5F5F5F5F5F5F5F5F5F5F5F5F5F5F5F5F5F5F5F5F5F5F5F5F5F5F5
310
F5F5F5F5F5F5F5F5F5F5F5F5F5F5F5F5F5F5F5F5F5F5F5F5F5F5F5F5F5F5F5F5F5F5F5F5F5F5F5F5F5F5C2F5F5F5F5F5F5F5F5F5F5F50F0FF5F5F50FF5BEF5BEF5BEF5F5F5F5BE0F0FF5F5F5F5F5F50FF5F5F5F5F5F5F5F5F5F5F5C2F5F5F5F5C3F5F5BEBEBEBEBEBEBEBEBEBEBEBEBEBEF5F5F5F5F5F5F5F5E2E2E2EFE2E2
310
F5E2F1C3F5F5F5F5F5F5F5F5F5F5F5F5F5F5F5F5F5F5F5F5F5F5F5F5F5F5F5F5F5F5F5F5F5F5F5F5F5F5F5F5F5F5F5F5F5F5F5F5F5F5F5F5F5F5F5F5F5F5F5F5F5F5F5F5F5F5F5F5F5F5F5F5F5F5F5F5F5F5F5F5F5F5F5F5F5F5F5F5F5F5F5C2F5F5F5F5F5F5F5F5F5F5F50FF5F5F50FF5F5F5BEBEBEBEF5F5F5BEF5F5F50F
310
F5F5F5F5F50FF5F5F5F5F5F5F5F5F5F5F5C2F5F5F5F5C3F5F5BEBEBEBEBEBEBEBEF5F5F5F5F5F5F5F5F5F5F5F5F5F5E2E2E2EFE2E2F5E2F5C3F5F5F5F5F5F5F5F5F5F5F5F5F5F5F5F5F5F5F5F5F5F5F5F5F5F5F5F5F5F5F5F5F5F5F5F5F5F5F5F5F5F5F5F5F5F5F5F5F5F5F5F5F5F5F5F5F5F5F5F5F5F5F5F5F5F5F5F5F5F5
310
F5F5F5F5F5F5F5F5F5F5F5F5F5F5F5F5F5F5F5F5F5C2F5F5F5F5F5F5F50F0F0F0F0F0F0F0FF5F5F5F5BEF5BEF5BEBEBEF5F5F5F5F50FF5F5F5F50FF5F5F5F5F5F5F5F5F5F5F5C2F5F5F5F5C3F5F5BEBEBEBEBEBEBEBEBEBEBEBEBEBEBEBEBEF5F5F5F5F5E2E2E2EFE2E2F5E2F5C3F5F5F5F5F5F5F5F5F5F5F5F5F5F5F5F5F5
310
F5F5F5F5F5F5F5F5F5F5F5F5F5F5F5F5F5F5F5F5F5F5F5F5F5F5F5F5F5F5F5F5F5F5F5F5F5F5F5F5F5F5F5F5F5F5F5F5F5F5F5F5F5F5F5F5F5F5F5F5F5F5F5F5F5F5F5F5F5F5F5F5F5F5C2F5F5F5F5F5F5F5F5F5F5F50FF5F5F5F5F5F5F5F5BEF5BEBEBEF5F5F5F5F5F5F50FF5F5F50FF5F5F5F5F5F5F5F5F5F5F5C2F5F5F5
310
F5C3F5F5BEBEBEBEBEBEBEBEBEBEBEBEBEBEBEBEBEF5F5F5F5F5E2E2E2EFE2E2F5E2F1C3F5F5F5F5F5F5F5F5F5F5F5F5F5F5F5F5F5F5F5F5F5F5F5F5F5F5F5F5F5F5F5F5F5F5F5F5F5F5F5F5F5F5F5F5F5F5F5F5F5F5F5F5F5F5F5F5F5F5F5F5F5F5F5F5F5F5F5F5F5F5F5F5F5F5F5F5F5F5F5F5F5F5F5F5F5F5F5F5F5F5F5
310
C2F5F5F5F5F5F5F5F5F5F5F50FF5F5F5F5F5F5F5F5F5BEBEBEBEF5F5F5F5F5F5F5F50FBEBE0FF5F5F5F5F5F5F5F5F5F5F5C2F5F5F5F5C30F0F0F0FF5F5F5F5F5F5F5F5F5F5F5F5F5F5F5F5F5F5F5F5E2E2E2EFE2E2F5E2F1C3F5F5F5F5F5F5F5F5F5F5F5F5F5F5F5F5F5F5F5F5F5F5F5F5F5F5F5F5F5F5F5F5F5F5F5F5F5F5
310
F5F5F5F5F5F5F5F5F5F5F5F5F5F5F5F5F5F5F5F5F5F5F5F5F5F5F5F5F5F5F5F5F5F5F5F5F5F5F5F5F5F5F5F5F5F5F5F5F5F5F5F5F5C2F5F5F5F5F5F5F5F5F5F5F50FF5F5F5F5F5F5F5F5F5BEF5BEF5BEF5F5F5F5F5F5F5BE0FF50F0F0F0F0F0F0F0F0F0F0F0FC2F5F5F5F5C30F0F0F0FF5F5F5F5F5F5F5F5F5F5F5F5F5F5F5
310
F5F5F5F5F5E2E2E2EFE2E2F5F1F1C3F5F5F5F5F5F5F5F5F5F5F5F5F5F5F5F5F5F5F5F5F5F5F5F5F5F5F5F5F5F5F5F5F5F5F5F5F5F5F5F5F5F5F5F5F5F5F5F5F5F5F5F5F5F5F5F5F5F5F5F5F5F5F5F5F5F5F5F5F5F5F5F5F5F5F5F5F5F5F5F5F5F5F5F5F5F5F5F5F5F5F5C2F5F5F5F5F5F5F5F5F5F5F50FF5F5F5F5F5F5F5F5
310
F5F5BEBEBEF5BEF5F5F5F5BEBEF5F50F0F0F0F0F0F0F0F0F0F0F0F0FC2F5F5F5F5C3F5F5F5F5F5F5F5F5F5F5F5F5F5F5F5F5F5F5F5F5F5F5F5F5E2E2E2EFE2F5F5F5F5C3F5F5F5F5F5F5F5F5F5F5F5F5F5F5F5F5F5F5F5F5F5F5F5F5F5F5F5F5F5F5F5F5F5F5F5F5F5F5F5F5F5F5F5F5F5F5F5F5F5F5F5F5F5F5F5F5F5F5F5
310
F5F5F5F5F5F5F5F5F5F5F5F5F5F5F5F5F5F5F5F5F5F5F5F5F5F5F5F5F5F5F5F5C2F5F5F5F5F5F5F5F5F5F5F50FF5F5F5F5F5F5F5F5BEBEBEBEBEBEBEF5F5F5BEF5F5F5F5F50FF5F5F5F5F5F5F5F5F5F5F5C2F5F5F5F5C3F5F5F5F5F5F5F5F5F5F5F5F5F5F5F5F5F5F5F5F5F5F5F5F5F5E2E2EFE2F5F5F5F5C3F5F5F5F5F5F5
310
F5F5F5F5F5F5F5F5F5F5F5F5F5F5F5F5F5F5F5F5F5F5F5F5F5F5F5F5F5F5F5F5F5F5F5F5F5F5F5F5F5F5F5F5F5F5F5F5F5F5F5F5F5F5F5F5F5F5F5F5F5F5F5F5F5F5F5F5F5F5F5F5F5F5F5F5F5F5F5F5F5F5F5F5F5C2F5F5F5F5F5F5F5F5F5F5F5F50FF5F5F5F5F5F5F5F5BE0FBE0F0FF5BEBEBEF5F5F5F5F5F50FF5F5F5F5
310
F5F5F5F5F5F5F5C2F5F5F5F5C3F5F5F5F5F5F5F5F5F5F5F5F5F5F5F5F5F5F5F5F5F5F5F5F5F5E2E2EFE2F5F5F5F5C3F5F5F5F5F5F5F5F5F5F5F5F5F5F5F5F5F5F5F5F5F5F5F5F5F5F5F5F5F5F5F5F5F5F5F5F5F5F5F5F5F5F5F5F5F5F5F5F5F5F5F5F5F5F5F5F5F5F5F5F5F5F5F5F5F5F5F5F5F5F5F5F5F5F5F5F5F5F5F5F5
310
F5F5F5F5F5F5F5F5F5F5F5C2F5F5F5F5F5F5F5F5F5F5F5F50FF5F5F5F5F5F5F5F5BEBE0FBEBE0FBEBEF5F5F5F5F5F50FF5F5F5F5F5F5F5F5F5F5F5F5C2F5F5F5F5C3F5F5F5F5F5F5F5F5F5F5F5F5F5F5F5F5F5F5F5F5F5F5F5F5F5E2E2EFE2F5F5F5F5C3F5F5F5F5F5F5F5F5F5F5F5F5F5F5F5F5F5F5F5F5F5F5F5F5F5F5F5
310
F5F5F5F5F5F5F5F5F5F5F5F5F5F5F5F5F5F5F5F5F5F5F5F5F5F5F5F5F5F5F5F5F5F5F5F5F5F5F5F5F5F5F5F5F5F5F5F5F5F5F5F5F5F5F5F5F5F5F5F5F5F5F5F5C2F5F5F5F5F5F5F5F5F5F5F5F50F0FF5F5F5F5F5F5F5F5F5F50FF5BE0FBEF5F5F5F5F50F0FF5F5F5F5F5F5F5F5F5F5F5F5C2F5F5F5F5C3F5F5F5F5F5F5F5F5
310
F5F5F5F5F5F5F5F5F5F5F5F5F5F5F5F5F5E2E2EFE2F5F5F5F5C3F5F5F5F5F5F5F5F5F5F5F5F5F5F5F5F5F5F5F5F5F5F5F5F5F5F5F5F5F5F5F5F5F5F5F5F5F5F5F5F5F5F5F5F5F5F5F5F5F5F5F5F5F5F5F5F5F5F5F5F5F5F5F5F5F5F5F5F5F5F5F5F5F5F5F5F5F5F5F5F5F5F5F5F5F5F5F5F5F5F5F5C2F5F5F5F5F5F5F5F5F5
310
F5F5F5F50FF5F5F5F5F5F5F5F5F5F5F50FF5BE0FBEF5F5F5F50FF5F5F5F5F5F5F5F5F5F5F5F5F5C2F5F5F5F5C3F5F5F5F5F5F5F5F5F5F5F5F5F5F5F5F5F5F5F5F5F5F5F5F5F5E2E2EFE2F5F5F5F5C3F5F5F5F5F5F5F5F5F5F5F5F5F5F5F5F5F5F5F5F5F5F5F5F5F5F5F5F5F5F5F5F5F5F5F5F5F5F5F5F5F5F5F5F5F5F5F5F5
310
F5F5F5F5F5F5F5F5F5F5F5F5F5F5F5F5F5F5F5F5F5F5F5F5F5F5F5F5F5F5F5F5F5F5F5F5F5F5F5F5F5F5F5C2F5F5F5F5F5F5F5F5F5F5F5F5F5F50FF5F5F5F5F5F5F5F5BEBEF50FBE0FF5BEF5F50FF5F5F5F5F5F5F5F5F5F5F5F5F5F5C2F5F5F5F5C3F5F5F5F5F5F5F5F5F5F5F5F5F5F5F5F5F5F5F5F5F5F5F5F5F5E2E2EFE2
310
F5F5F5F5C3F5F5F5F5F5F5F5F5F5F5F5F5F5F5F5F5F50F0FF5F5F5F5F5F5F5F5F5F5F5F5F5F5F5F5F5F5F5F5F5F5F5F5F5F5F5F5F5F5F5F5F5F5F5F5F5F5F5F5F5F5F5F5F5F5F5F5F5F5F5F5F5F5F5F5F5F5F5F5F5F5F5F5F5F5F5F5F5F5F5F5C2F5F5F5F5F5F5F5F5F5F5F5F5F5F5F50FF5F5F5F5F5F5BEF5F5F5F50FBE0F
310
BEF50F0FF5F5F5F5F5F5F5F5F5F5F5F5F5F5C2F5F5F5F5C3F5F5F5F5F5F5F5F5F5F5F5F5F5F5F5F5F5F5F5F5F5F5F5F5F5E2E2EFE2F5F5F5F5C3F5F5F5F5F5F5F5F5F5F5F5F5F5F5F5F5F50F0F0FF5F5F5F5F5F5F5F5F5F5F5F5F5F5F5F5F5F5F5F5F5F5F5F5F5F5F5F5F5F5F5F5F5F5F5F5F5F5F5F5F5F5F5F5F5F5F5F5F5
310
F5F5F5F5F5F5F5F5F5F5F5F5F5F5F5F5F5F5F5F5F5F5C2F5F5F5F5F5F5F5F5F5F5F5F5F5F5F5F50F0FF5F5BEBEF5F5F5F5F5F50FBE0FBEF50F0F0F0F0F0F0F0FF5F5F5F5F5F5F5C2F5F5F5F5C3F5F5F5F5F5F5F5F5F5F5F5F5F5F5F5F5F5F5F5F5F5F5F5F5F5E2E2EFE2F5F5F5F5C3F5F5F5F5F5F5F5F5F5F5F5F5F5F5F5F5
310
F50FF50F0F0F0F0F0F0F0F0F0F0FF5F5F5F5F5F5F5F5F5F5F5F5F5F5F5F5F5F5F5F5F5F5F5F5F5F5F5F5F5F5F5F5F5F5F5F5F5F5F5F5F5F5F5F5F5F5F5F5F5F5F5F5F5F5F5F5F5F5F5F5F5C2F5F5F5F5F5F5F5F5F5F5F5F5F5F5F5F5F5F50F0FF5F5F5F5F5F5F5F50F0FBE0F0F0F0F0F0F0F0F0F0FF5F5F5F5F5F5F5C2F5F5
310
F5F5C3F5F5F5F5F5F5F5F5F5F5F5F5F5F5F5F5F5F5F5F5F5F5F5F5F5E2E2EFE2F5F5F5F5C3F5F5F5F5F5F5F5F5F5F5F5F5F5F5F5F5F50F0F0FF5F5F5F5F5F5F5F5F5F5F5F5F5F5F5F5F5F5F5F5F5F5F5F5F5F5F5F5F5F5F5F5F5F5F5F5F5F5F5F5F5F5F5F5F5F5F5F5F5F5F5F5F5F5F5F5F5F5F5F5F5F5F5F5F5F5F5F5F5F5
310
F5C2F5F5F5F5F5F5F5F5F5F5F5F5F5F5F5F5F5F5F5F50F0F0F0F0F0F0F0FF5F50FF5F5F5F5F5F5F5F5F5F5F5F5F5F5F5F5F5C2F5F5F5F5C3F5F5BEBEBEBEBEBEBEBEBEBEBEBEBEBEF5F5F5F5F5F5F5F5F5E2E2EFE2F5F5F5F5C3F5F5F5F5F5F5C2C2C2C2C2C2C2C2C2C2C2C2C2C2C2C2C2C2C2C2C2C2C2C2C2C2C2C2C2C2C2
310
C2C2C2C2C2C2F5F5F5F5F5F5F5F5F5F5F5F5F5F5F5F5F5F5F5F5F5F5F5F5F5F5F5F5F5F5F5F5F5F5F5F5F5F5F5F5F5F5F5F5F5F5F5F5C2F5F5F5F5F5F5F5F5F5F5F5F5F5F5F5F5F5F5F5F5F5F5F5F5F5F5F5F5F5F5F50FF5F50F0F0F0F0F0FF5F5F5F5F5F5F5F5C2F5F5F5F5C3F5F5BEBEBEBEBEBEBEBEBEBEBEBEBEBEF5F5
310
F5F5F5F5F5F5F5E2E2EFE2E2F5F5F5C3F5F5F5F5F5F5C2F5F50FF5F5F5F5F5F5F5F5F5F5F5F5F5F5F5F5F5F5F5F5F5F5F5F5F5F5F50FF5F5F5F5C2F5F5F5F5F5F5F5F5F5F5F5F5F5F5F5F5F5F5F5F5F5F5F5F5F5F5F5F5F5F5F5F5F5F5F5F5F5F5F5F5F5F5F5F5F5F5F5F5C2F5F5F5F5F5F5F5F5F5F5F5F5F5F5F5F5F5F5F5
310
F5F5F5F5F5F5F5F5F5F5F5F5F50F0F0F0F0F0F0F0F0F0FF5F5F5F5F5F5C2F5F5F5F5C3F5F5BEBEBEBEBEBEBEBEF5F5F5F5F5F5F5F5F5F5F5F5F5F5E2E2E2EFE2E2F5F5F5C3F5F5F5F5F5F5C2F5F50FF5F5F5F5F5F5F5F5F5F5F5F5F5F5F5F5F5F5F5F5F5F5F5F5F5F5F50FF5F5F5F5C2F5F5F5F5F5F5F5F5F5F5F5F5F5F5F5
310
F5F50F0FF5F5F5F5F5F5F5F5F5F5F5F5F5F5F5F5F5F5F5F5F5F5F5F5F5F5F5F5F5C2F5F5F5F5F5F5F5F5F5F5F5F5F5F5F5F5F5F5F5F5F5F5F5F5F5F5F5F5F5F5F5F5F5F5F5F5F5F5F5F5F5F5F5F5F5F5F5F5C2F5F5F5F5C3F5F5BEBEBEBEBEBEBEBEBEBEBEBEF5F5F5F5F5F5F5F5F5F5E2E2E2EFE2E2F5F5F5C3F5F5F5F5F5
310
F5C2F5F50FF5F5F5F5F5F5F5F5F5F5F5F5F5F5F5F5F5F5F5F5F5F5F5F5F5F50F0FF5F5F5F5C2F5F5F5F5F5F5F5F5F5F5F5F5F5F5F5F50F0F0F0FF5F5F5F5F5F5F5F5F5F5F5F5F5F5F5F5F5F5F5F5F5F5F5F5F5F5F5F5C2C2C2C2C2C2C2C2C2C2C2C2C2C2C2C2C2C2C2C2C2C2C2C2C2C2C2C2C2C2C2C2C2C2C2C2C2C2C2C2C2
310
C2C2C2C2C2C2C2C2C2F5F5F5F5C3F5F5BEBEBEBEBEBEBEBEBEBEBEBEF5F5F5F5F5F5F5F5F5F5E2E2E2EFE2E2F5F5F5C3F5F5F5F5F5F5C2F5F50FF5F5F5F5F5F5F5F5F5F5F5F5F50FF50FF5F5F5F5F5F5F5F5F5F50F0FF5F5F5F5C2F5F5F5F5F5F5F5F5F5F5F5F5F5F5F5F50FF50F0F0F0F0F0F0F0F0F0F0F0FF5F5F5F5F5F5
310
F5F5F5F5F5F5F5F5F5F5F5F5F5F5F5F5F5F5F5F5F5F5F5F5F5F5F5F5F5F5F5F5F5F5F5F5F5F5F5F5F5F5F5F5F5F5F5F5F5F5F5F5F5F5F5F5F5F5F5F5F5F5F5F5F5F5C3F5F5BEBEBEBEBEBEBEBEBEBEBEBEBEBEBEBEBEBEBEBEBEF5E2E2E2EFE2E2F5F5F5C3F5F5F5F5F5F5C2F5F50F0F0F0F0F0F0F0F0F0F0F0F0F0F0F0F0F
310
0F0F0F0F0F0F0F0F0F0F0F0FF5F5F5F5C2F5F5F5F5F5F5F5F5F5F5F5F5F5F5F5F5F50F0FF5F5F5F5F5F5F5F5F5F5F5F5F5F5F5F5F5F5F5F5F5F5F5F5F5F5F5F5F5F5F5F5F5F5F5F5F5F5F5F5F5F5F5F5F5F5F5F5F5F5F5F5F5F5F5F5F5F5F5F5F5F5F5F5F5F5F5F5F5F5F5F5F5F5F5F5F5F5F5F5F5F5F5C30F0F0F0F0FF5F5
310
F5F5F5F5F5F5F5F5F5F5F5F5F5F5F5F5F5E2E2E2EFE2E2F5F5F5C3F5F5F5F5F5F5C2F5F50FF5F5F5F5F5F5F5F5F5F5F5F5F5F5F5F5F5F5F5F50F0F0F0F0F0F0F0FF5F5F5F5C2F5F5F5F5F5F5F5F5F5F5F5F5F5F5F5F5F5F5F5F5F5F5F5F5F5F5F5F5F5F5F5F5F5F5F5F5F5F5F5F5F5F5F5F5F5F5F5F5F5F5F5F5F5F5F5F5F5
310
F5F5F5F5F5F5F5F5F5F5F5F5F5F5F5F5F5F5F5F5F5F5F5F5F5F5F5F5F5F5F5F5F5F5F5F5F5F5F5F5F5F5F5F5F5C30F0F0F0F0FF5F5F5F5F5F5F5F5F5F5F5F5F5F5F5F5F5F5F5E2E2E2EFE2E2F5F5F5C3F5F5F5F5F5F5C2F5F50FF5F5F5F5F5F5F5F5F5F5F5F5F5F5F5F5F5F5F5F5F50FF5F5F5F50F0FF5F5F5F5C2F5F5F5F5
310
F5C2C2C2C2C2C2C2C2C2C2C2C2C2C2C2C2C2C2C2C2C2C2C2C2C2C2C2C2C2C2C2C2C2C2C2C2F5F5F5F5F5F5F5F5F5F5F5F5F5F5F5F5F5F5F5F5F5F5F5F5F5F5F5F5F5F5F5F5F5F5F5F5F5F5F5F5F5F5F5F5F5F5F5F5F5F5F5F5F5F5F5F5F5F5F5F5F5C3F5F5F5F5F5F5F5F5F5F5F5F5F5F5F5F5F5F5F5F5F5F5F5F5E2E2E2EF
310
E2E2F5F5F5C3F5F5F5F5F5F5C2F5F50FCCCCCCCCCCCCCCCCCCCCCCCCCCCCCCCCCCCCCCCCCC0FCCCCCCCCCCCCF5F5F5F5C2F5F5F5F5F5C2F5F5F5F5F5F5BACDCDBAF5F5F5F5F5F5F5F5F5F5F5F5BACDCDBAF5F5F5F5F5F5F5F5C2F5F5F5F5F5F5F5F5F5F5F5F5F5F5F5F5F5F5F5F5F5F5F5F5F5F5F5F5F5F5F5F5F5F5F5F5F5
310
F5F5F5F5F5F5F5F5F5F5F5F5F5F5F5F5F5F5F5F5F5F5F5F5C3F5F5F5F5F5F5F5F5F5F5F5F5F5F5F5F5F5F5F5F5F5F5F5F5E2E2E2EFE2E2F5F5F5C3F5F5F5F5F5F5C2F5F50FCCF5F5F5F5F5F5F5F5F5F5F5F5F5F5F5F5F5F5F5CD0FF5F5F5F5CCCCF5F5F5F5C2F5F5F5F5F5C2F5F5F5F5BABABABABABABABABABABABABABABA
310
BABABABABABABABABABABA0F0F0FF5C2F5F5F5F5F5F5F5F5F5F5F5F5F5F5F5F5F5F5F5F5F5F5F5F5F5F5F5F5F5F5F5F5F5F5F5F5F5F5F5F5F5F5F5F5F5F5F5F5F5F5F5F5F5F5F5F5F5F5F5F5F5C3F5F5F5F5F5F5F5F5F5F5F5F5F5F5F5F5F5F5F5F5F5F5F5F5E2E2E2EFE2E2F5F5F5C3F5F5F5F5F5F5C20FF50FCCCCCCCCCC
310
CCCCCCCCCCCCCCCCCCCCCCCCCCCCCCCD0FCCCCCCCCCCCCF50F0FF5C2F5F5F5F5F5C2F5F5F5F50F0F0F0F0FBABABA3C75BABABABABABABABABACCCCBABABABABABA0F0FF5C2F5F5F5F5F5F5F5F5F5F5F5F5F5F5F5F5F5F5F5F5F5F5F5F5F5F5F5F5F5F5F5F5F5F5F5F5F5F5F5F5F5F5F5F5F5F5F5F5F5F5F5F5F5F5F5F5F5F5
310
F5F5F5C3F5F5F5F5F5F5F5F5F5F5F5F5F5F5F5F5F5F5F5F5F5F5F5F5E2E2E2EFE2E2F5F5F5C3F5F5F5F5F5F5C20F0F0FBA2727272727272727CCCCCCCCCCCCCCCCCCCCCC750FCCCCCCCCBA0F0F0F0FF5C2F5F5F5F5F5C2F5F5F5F50F0FF5CCCCF5F5F5CC75F5F5F5F5F5F5F5CCCCBEBEF5F5F5F5F5F5F50FF5C2F5F5F5F5F5
310
F5F5F5F5F5F5F5F5F5F5F5F5F5F5F5F5F5F5F50F0F0F0F0F0F0F0FF5F5F5F5F5F5F5F5F5F5F5F5F5F5F5F5F5F5F5F5F5F5F5F5F5F5F5F5F5C3F5F5F5F5F5F5F5F5F5F5F5F5F5F5F5F5F5F5F5F5F5F5F5F5E2E2E2EFE2E2F5F5F5C3F5F5F5F5F5F5C20FF5CCBA27F5F527F5F5F527BEBECCCCCCF5F5F5F5F5F57575F5F5F5F5
310
BACC0F0F0FF5C2F5F5F5F5F5C2F5F5F5F50F0F0FCCCCF5F5F5CC75F5F5F5F5F5CCCCBEBEBEBEBEF5F5F5F5F5F50FF5C2F5F5F5F5F5F5F5F5F5F5F5F5F5F5F5F5F5F5F5F5F5F5F5F50F0F0F0F0F0F0F0F0F0F0F0FF5F5F5F5F5F5F5F5F5F5F5F5F5F5F5F5F5F5F5F5F5F5F5F5F5C3F5F5F5F5F5F5F5F5F5F5F5F5F5F5F5F5F5
310
F5F5F5F5F5F5F5E2E2E2EFE2E2F5F5F5C3F5F5F5F5F5F5C20FF5CCBA27F5F527E5E52727BEBEBEBECCCCCCF5F5F5F57575F5F5F5F5BACC0F0F0FF5C2F5F5F5F5F5C2F5F5F5F50F0F0FCCCCF5F5F5CC75F5F5F5F5CCF5BEBEBEBEBEBEF5F5F5F5F5F50FF5C2F5F5F5F5F5F5F5F5F5F5F5F5F5F5F5F5F5F5F5F5F5F5F5F50F0F
310
0F0F0F0F0F0F0F0F0F0FF5F5F5F5F5F5F5F5F5F5F5F5F5F5F5F5F5F5F5F5F5F5F5F5F5C30F0F0F0F0F0F0F0FF5F5F5F5F5F5F5F5F5F5F5F5F5F5F5F5E2E2E2EFE2E2F5F5F5C3F5F5F5F5F5F5C20FF5CCBA27F5F527F5F5F527BEF5BEBEBEBEE9CCF5F5F57575F5F5F5F5BACC0F0F0FF5C2F5F5F5F5F5C2F5F5F5F50F0F0FCC
310
CCF5F5F5CC75F5F5CCCCBEBEBEBEBEBEBEBEF5F5F5F5F5F50FF5C2F5F5F5F5F5F5F5C2C2C2C2C2C2C2C2C2C2C2C2C2C2C2C2C2C2C2C2C2C2C2C2C2C2C2C2C2C2C2C2C2C2C2C2C2C2C2C2C2C2C2C2C2C2C2C2C2C2C2C2C2F5282828280F0F28282828282828282828282828282828F5F5F5E2E2E2EFE2E2F5F5F5C3F5F5F5F5
310
F5F5C20FF5CCBA27272727E5E52727F5BEBEF5BEBEBECCCCCCF57575F5F5F5F5BACC0F0F0FF5C2F5F5F5F5F5C2F5F5F5F50F0F0FCCCCF5F5F5CC75CCCCCCBEBEBEBEBEBEBEBEF5F5F5F5F5F5F50FF5C2F5F5F5F5F5F5F5C2CCCCCCCCCCCCCCCCCCCCCCCCCCCCCCCCCCCCCCCCCCCCCCCCCCCCCCCCCCCCCCCCCCCCCCCCCCCCCC
310
CCCCCCCCCCCCCCCCCCCCCCCCC2F50F0F280F0F0F0FF5F5F5F5F5F5F5F5F5280F0FF5F528F5F5F5E2E2E2EFE2E2F5F5F5C3F5F5F5F5F5F5C20FF5CCCC27F5F527F5F5F527F5F5BEBEBEBEBEBEBEE9CC7575CCCCCCCCBACC0F0F0FF5C2F5F5F5F5F5C2F5F5F5F5F50FF5CCCCCCCCCCCCCCCCBEBEBEBEBEBE0FBE75E5F5F5F5F5
310
F5F50F0F0FC2F5F5F5F5F5F5F5C2F5F5F5F5F5F5F5F5F5F5F5F5F5F5F5F5F5F5F5F5F5F5F5F5F5F5F5F5F5F5F5F5F5F5F5F5F5F5F5F5F5F5F5F5F5F5F5F5CC0FCCC2F528282828282828282828282828282828282828282828F5F5F5E2E2E2EFE2E2F5F5F5C3F5F5F5F5F5F5C20FF5CCCC27F5F527E5E52727F5F5F5F5BEBE
310
BEBEBEBEBE7575CCCCCCCCBACCF50F0FF5C2F5F5F5F5F5C2F5F5F5F50F0F0F0F0FBABABABABEBEBEBEBEBEBEBE0FF5750F0F0FF5F5F5F50F0FF5C2F5F5F5F5F5F5F5C2F5F5F5F5F5F5F5F5F5F5F5F5F5F5F5F5F5F5F5F5F5F5F5F5F5F5F5F5F5F5F5F5F5F5F5F5F5CDCDF5F5F5F5F5F5F5F5F5CC0FCCC2F528282828282828
310
282828282828282828282828282828F5F5F5E2E2E2EFE2F5F5F5F5C3F5F5F5F5F5F5C20FF5CCCC27F5F527F5F5F527F5F5F5F5F5BEBEBEBEBEBE750F0F0F0F0F0F0F0F0F0FF5C2F5F5F5F5F5C2F5F5F5F5F5F5F5CCCCF5F5F5CCBEBEBEBEBEBEF5F5F50F0F0F0F0F0FF5F5F50F0F0FC2F5F5F5F5F5F5F5C2F5F5F5F5F5F5F5
310
F5F5F5F5F5F5F5F5F5F5F5F5F5F5F5F5F5F5F5F5F5F5F5F5F5F5F5F5F5F5CDCDF5F5F5F5F5F5F5F5F5CC0FCCC2F5C30F280F0F0F0F0F0F0F0FF5F5F5F5F5280F0F0F0F28F5F5F5F5E2E2EFE2F5F5F5F5C3F5F5F5F5F5F5C20FF5CCBA27272727E5E52727F5F5F5F5F5F5BEBEBEBEBEBEBEF5F5F5F5CCCCF5F50FF5C2F5F5F5
310
F5F5C2F5F5F5F5F5F5F50F0F0F0F0F0F0FBEBEBECCF5F5F5F5F5750F0F0FF5F5F5F5F50FF5C2F5F5F5F5F5F5F5C2CCCCCCCCCCCCCCCCCCCCCCCCCCCCCCCCCCCCCCCCCCCCCCCCCCCCCCCCCCCCCCCCCCCCCCCCCCCDCDCCCCCCCCCCCCCCCCCCCC0FCCC2F528282828282828282828282828282828282828282828F5F5F5F5E2E2
310
EFE2F5F5F5F5C3F5F5F5F5F5F5C20FF5CCBAF5F5F5F5F5F5F5F5F5F5F5F5F5F5F5E9BEBEBEBEBEF5F5F5F5CCCCF5F50FF5C2F5F5F5F5F5C2F5F5F50F0F0F0F0F0F0F0F0F0F0FBEBECCCCCCF5F5F5F575E50F0FF5F5F5F5F50FF5C2F5F5F5F5F5F5F5C227272727272727272727272727CCCCCCCCCCCCCCCCCCCCCCCCCCCCCC
310
CCCCCCCCCCCCCCCCCC7575CDCCCCCCCCCCCCCCCCCC7575C2F5C3F528F5F5F5F5F5F5F5F5F5F5F5F5F528F5F5F5F528F5F5F5F5E2E2EFE2F5F5F5F5C3F5F5F5F5F5F5C20FF5CCBAF5F5F5F5F5F5F5F5F5F5F5F5F5F5E9E9BEBEBEBEBEF5F5F5F5CCCCF5F50FF5C2F5F5F5F5F5C2F5F5F5F5F5F5F50FCCF50F0FBEBEBEBEBEBE
310
CCCCCCF5F575E50F0F0F0FF5F5F50FF5C2F5F5F5F5F5F5F5C2F5F5F5F5272727272727272727F5F5F5CCE9CCCCF5F5F5F5F5F5F5F5F5F5F5F5F5F5F5F5F57575CDF5F5F5F5F5F5F5F5F5BA75C2F528282828282828282828282828282828282828282828F5F5F5F5E2E2EFE2F5F5F5F5C3F5F5F5F5F5F5C20FF5CCBAF5F5F5
310
F5F5F5F5F5F5F5F5F5E9E9BEBEBEBEBEBE0FF5F5F5F50FCCF5F50FF5C2F5F5F5F5F5C2F5F5BEF5F5F5F50FBABABABACCBEBEBEBEBEBEBECCCCCC750FBABA0F0F0FBAF50FF5C2F5F5F5F5F5F5F5C22727272727E5F5F5F5F5F5270FF5F5F50FBEE9E9CCCCF5F5F5F5F5F5F5F5F5F5F5F5F5F5F57575F5F5F5F5F5F5F5F5F5F5
310
BA75C2F528282828282828282828282828282828282828282828F5F5F5F5E2E2EFE2F5F5F5F5C3F5F5F5F5F5F5C20FF5CCBA1B1B1B1B1B1B1B1B1B1BE9E9E9BEBEBEF5BEBEBE0FF5F5F5F50FCCF5F50FF5C2F5F5F5F5F5C2F5F5BED2D2D2D2D2BAF5F5F5F5E5F5BEF5BEBEBEBECCCC750FF5F5F5F5CCBAF50FF5C2F5F5F5F5
310
F5F5F5C2F5F5F52727E5E5F5F5F5F50F0F0FF5BE0FBECCE9E9E9CCF5F5F5F5F5F5F5F5F5F5F5F5F5F57575F5F5F5F5F5F5F5F5F5F5BA75C2F5C3F5F5F5F5F5F5F5F5F5F5F5F5F5F5F5F5F5F5F5F5F5F5F5F5F5E2E2EFE2F5F5F5F5C3F5F5F5F5F5F5C20FF5CCE5BABACCBABACCCCBABABEE9BEBEBEF5BEBEBEF5F50FF5F5F5
310
F50F75F5F50FF5C2F5F5F5F5F5C2F5F5BABABABABA7575BA0FBABABABABABEBEBABEBEBEBEBE0F0FBA7575BA0F0F0FF5C2F5F5F5F5F5F5F5C2F5F5F52727E5E5F5F5F5F50F0F0F0FBE0FBEBEBECCE9E9CCCCF5F5F5F5F5F5F5F5F5F5F5F57575F5F5F5F5F5F5F5F5F5F5BA75C2F5C3F5F5F5F5F5F5F5F5F5F5F5F5F5F5F5F5
310
F5F5F5F5F5F5F5F5F5E2E2EFE2F5F5F5F5C3F5F5F5F5F5F5C20F0F0F272727270F0F0F0F0F0F0FBEBEBEF5BEBEBEF5F5F50FF5F5F5F50F75F5F50FF5C2F5F5F5F5F5C2F5F5F5F5F5F5F57575F50FF5F5E5F5F5F5F5BEBEBEBE75BEF50F0F7575F5F50FF5F5C2F5F5F5F5F5F5F5C2F5F5F52727E5E5E5272727270FF50F0F0F
310
BEBEBEBECCE9E9E9CCF5F5F5F5F5F5F5F5F5F5F57575F5F5F5F5F5F5F5F5F5F5BA75C2F5C3F5F5F5F5F5F5F5F5F5F5F5F5F5F5F5F5F5F5F5F5F5F5F5F5F5E2E2EFE2F5F5F5F5C3F5F5F5F5F5F5C20FF5CC27F5F5F527F5F50F0F0F0FBEBEBE0FBEF5F5F5F5F50FF5F5F5F50FCCF5F50FF5C2F5F5F5F5F5C2F5F5F5F5F5F5F5
310
7575F5F50FF5E5F5F5F5F5F5F5BEF575BE0F0F0F7575F5F5F5F5F5C2F5F5F5F5F5F5F5C2F5F5F52727E5F5F5F5F5F52727F50F0F0FBEF5BEBEBEBECCE9E9CCCCF5F5F5F5F5F5F5F5F57575F5F5F5F5F5F5F5F5F5F5CC75C2F5C3F5F5F5F5F5F5F5F5F5F5F5F5F5F5F5F5F5F5F5F5F5F5F5F5F5E2E2EFE2F5F5F5F5C3F5F5F5
310
F5F5F5C20FF5CC27F5F5F527F5F50F0FF50FBEBEBEF50FF5F50F0F0F0FF5F5F5F50FCCF5F50FF5C2F5F5F5F5F5C2F5F5F5F5F5F5F57575F5F5F50F0F0F0FF5F5F5F5F5BE75BE0F0F0F7575F5F5F5F5F5C2F5F5F5F5F5F5F5C2F5F5F52727E5E5F5F5F5F527270FBEBE0FBEBEF5BEBEBE0F0F0F0FE9CCCCF5F5F5F5F5F5F575
310
75F5F5F5F5F5F5F5F5F5F5CC75C2F5C3F5F5F5F5F5F5F5F5F5F5F5F5F5F5F5F5F5F5F5F5F5F5F5F5F5E2E2EFE2F5F5F5F5C3F5F5F5F5F5F5C20FF5CC27F5F5F527F5F50F0F0F0FBEBEF5F5F50F0F0F0F0F0FF5F5F5F50FCCF50F0FF5C2F5F5F5F5F5C2F5F5F5F5F5F5F57575F5F5F5F5F5F5F5F5F5F5F5F5F575BEF50F0F75
310
75F5F5F5F5F5C2F5F5F5F5F5F5F5C2F5F5F52727E5E5F5F5F5F527270FBEBE0FBEBEBEBEF5BE0FBEBECCE9E9F5CCF5F5F5F5F5F57575F5F5F5F5F5F5F5F5F5F5BA75C2F5C3F5F5F5F5F5F5F5F5F5F5F5F5F5F5F5F5F5F5F5F5F5F5F5F5F5E2E2EFE2E2F5F5F5C3F5F5F5F5F5F5C20FF5CC27F5F5F527F5F50F0F0F0FF5F5F5
310
F5F5F5F50F0F0F0FF5F5F5F50FCCF50F0FF5C2F5F5F5F5F5C2F5F5F5F5F5F5F57575F5F5F5F5F5F5F5F5F5F5F5F5F575BE0F0FF57575F5F5F5F5F5C2F5F5F5F5F5F5F5C22727272727E5E5E527272727270FF5F50FBEF5BEBEBEBE0FBEBEBE0FCCE9E9CCCCF5F5F5F57575F5F5F5F5F5F5F5F5F5F5BA75C2F5C3F5F5F5F5F5
310
F5F5F5F5F5F5F5F5F5F5F5F5F5F5F5F5F5F5F5E2E2E2EFE2E2F5F5F5C3F5F5F5F5F5F5C20FF50F2727270F0F0F0FF5F5F50FF5F5F50F0F0FF50F0FF50FF5F5F5F50FCCF50F0FF5C2F5F5F5F5F5C2F5F5F5F5F5F5F57575F5F5F5F5F5F5F5F5F5F5F5F5F575F5F5F5F57575F5F5F5F5F5C2F5F5F5F5F5F5F5C22727272727E5
310
F5F5F5F5F527270FF5F50FF5BEBEBEBE0F0F0FBEBE0FBECCE9E9E9CCF5F5F57575F5F5F5F5F5F5F5F5F5F5BA75C2F5C3F5F5F5F5F5F5F5F5F5F5F5F5F5F5F5F5F5F5F5F5F5F5F5F5E2E2E2EFE2E2F5F5F5C3F5F5F5F5F5F5C20FF50F0F0F0F0F0F0F0F0F0F0F0F0F0F0F0F0F0F0F0F0F0F0F0F0F0F0F0F0FF50F0FF5C2F5F5
310
F5F5F5C2F5F5F5F5F5F5F57575F5F5F5F5F5F5F5F5F5F5F5F5F575F5F5F5F57575F5F5F5F5F5C2F5F5F5F5F5F5F5C2F5F5F52727E5E5F5F5F5F527270FF5F50FF5F5BEBEF50F0F0FBE0F0F0FBECCCCF5F5CCCCF57575F5F5F5F5F5F5F5F5F5F5BA75C2F5C3F5F5F5F5F5F5F5F5F5F5F5F5F5F5F5F5F5F5F5F5F5F5F5F5E2E2
310
E2EFE2E2F5F5F5C3F5F5F5F5F5F5C20FF50F2727F50F0F0F0FF5F5F50FF5F5F50F0F0F0FF5F5F50FF50F0F0F0FCCF50F0FF5C2F5F5F5F5F5C2F5F5F5F5F5F5F57575F5F5F5F5F5F5F5F5F5F5F5F5F575F5F5F5F57575F5F5F5F5F5C2F5F5F5F5F5F5F5C2F5F5F52727E5E5F5F5F5F527270FF5F50FF5F5F5F5BE0F0F0F0F0F
310
F50FBEBEBECCE9E9E9CC7575CCCCCCCCCCCCCCCCCCCCBA75C2F5C3F5F5F5F5F5F5F5F5F5F5F5F5F5F5F5F5F5F5F5F5F5F5F5F5E2E2E2EFE2E2F5F5F5C3F5F5F5F5F5F5C20FF5CC2727272727F5F5F5F5F5F5F5F5F5F5F5F5F5F5F5F5F5F5F5F5F575CCF50F0FF5C2F5F5F5F5F5C2F5F5F5F5F5F5F57575F5F5F5F5F5F5F5F5
310
F5F5F5F5F575F5F5F5F57575F5F5F5F5F5C2F5F5F5F5F5F5F5C2F5F5F52727E5E5E527272727270FF5F50FF5F5F5F5F5BE0FBE0F0F0F0FF5BEBEBECCCCE9E97575F5F5F5F5F5F5F5F5F5F5CCCCC2F5C3F5F5F5F5F5F5F5F5F5F5F5F5F5F5F5F5F5F5F5F5F5F5F5F5E2E2E2EFE2E2F5F5F5C3F5F5F5F5F5F5C20FF5CC272727
310
2727F5F5F5F5F5F5F5F5F5F5F5F5F5F5F5F5F5F5F5F5F575CCF5F50FF5C2F5F5F5F5F5C2F5F5F5F5F5F5F57575F5F5F5F5F5F5F5F5F5F5F5F5F575F5F5F5F57575F5F5F5F5F5C2F5F5F5F5F5F5F5C2F5F5F52727E5F5F5F5F5F527270F0F0F0FF5F5F5F5F5F50FBEBEF5BEBEBEBEF5BEBEBECCBE75DCBABABABABABABABABA
310
BACCCCC2F5C3F5F5F5F5F5F5F5F5F5F5F5F5F5F5F5F5F5F5F5F5F5F5F5F5E2E2E2EFE2E2F5F5F5C3F5F5F5F5F5F5C20FF5CCBAF5F5F5F5F5F5F5F5F5F5F5F5F5F5F5F5F5F5F5F5F5F5F5F5F575CCF5F50FF5C2F5F5F5F5F5C2F5F5F5F5F5F5F57575F5F5F5F5F5F5F5F5F5F5F5F5F575F5F5F5F57575F5F5F5F5F5C2F5F5F5
310
F5F5F5F5C2F5F5F52727E5E5F5F5F5F527270F0F0F0FF5F5F5F5F5F50F0F0F0FBEBEBEBEBEF5BEBEBEBE750F0F0F0F0F0F0F0F0F0F0FCCCCC2F5C3F5F5F5F5F5F5F5F5F5F5F5F5F5F5F5F5F5F5F5F5F5F5F5F5E2E2E2EFE2E2F5F5F5C3F5F5F5F5F5F5C20FF5CCBAF5F5F5F5F5F5F5F5F5F5F5F5F5F5F5F5F5F5F5F5F5F5F5
310
F5F575CCF5F50FF5C2F5F5F5F5F5C2F5F5F5F5F5F5F57575F5F5F5F5F5F5F5F5F5F5F5F5F575F5F5F5F57575F5F5F5F5F5C2F5F5F5F5F5F5F5C22727272727E5E5F5F5F5F52727F5F5F5F5F5F5F5F5F5F5F5F5F5F5BEBEF5BEBEBEBEF5BEBEBEBEF5F5F5F5F5F5F5F5F5F5CC75C2F5C3F5F5F5F5F5F5F5F5F5F5F5F5F5F5F5
310
F5F5F5F5F5F5F5F5F5E2E2E2EFE2E2F5F5F5C3F5F5F5F5F5F5C20FF50FBAF5F5F5F5F5F5F5F5F5F5F5F5F5F5F5F5F5F5F5F5F5F5F5F5F50FCCF5F50FF5C2F5F5F5F5F5C2F5F5F5F5F5F5F57575F5F5F5F5F5F5F5F5F5F5F5F5F575F5F5F5F57575F5F5F5F5F5C2F5F5F5F5F5F5F5C2F5F5F5F527E5E5E52727272727F5F5F5
310
F5F5F5F5F5F5F5F5F5F5F5F5F5BEBEF5BEBEBEBE0F0FBEF5F5F5F5F5F5F5F5F5F5CC75C2F5C3F5F5F5F5F5F5F5F5F5F5F5F5F5F5F5F5F5F5F5F5F5F5F5F5E2E2E2EFE2E2F5F5F5C3F5F5F5F5F5F5C20FF5CC0FF5F5F5F5F5F5F5F5F5F5F5F5F5F5F5F5F5F5F5F5F5F5F5F5F50FCCF5F50FF5C2F5F5F5F5F5C2F5F5F5F5F5F5
310
757575757575757575757575757575757575757575757575F5F5F5F5C2F5F5F5F5F5F5F5C227272727272727272727272727F5F5F5F5F5F5F5F5F5F5F5F5F5F5F5F5F5F5BEE9BEBEBE0F0F0FF5F50F0F0F0F0F0FF5F5CC75C2F5C3F5F5F5F5F5F5F5F5F5F5F5F5F5F5F5F5F5F5F5F5F5F5F5F5E2E2E2EFE2E2F5F5F5C3F5F5
310
F5F5F5F5C20FF5CCBA0F0F0F0F0F0F0F0F0FF5F5F5F5F5F50F0F0F0F0F0F0F0F0F0F75CCF5F50FF5C2F5F5F5F5F5C2F5F5F5F5F5F5D8D8D8D8D8D8D8D8D8D8D8D8D8D8D8D8D8D8D8D8D8D8D8D8F5F5F5F5C2F5F5F5F5F5F5F5C2F5F5F5F5F5F5F5F5F5F5F5F5F5F5F5F5F5F5F5F5F5F5F5F5F5F5F5F5F5F5E9E9BEBEBEF5F5
310
0F0F0F0F0F0F0F0F0F0F0F0FCC75C2F5C3F5F5F5F5F5F5F5F5F5F5F5F5F5F5F5F5F5F5F5F5F5F5F5F5E2E2E2EFE2E2F5F5F5C3F5F5F5F5F5F5C20FF50F0FF5F5F50F0F0F0F0F0FF5F5F5F5F5F50F0F0F0F0F0F0FF5F5F50F0FF5F50FF5C2F5F5F5F5F5C2F5F5F5F5F5F5F5F5F5F5F5F5F5F5F5F5F5F5F5F5F5F5F5F5F5F5F5
310
F5F5F5F5F5F5F5C2F5F5F5F5F5F5F5C2F5F5F5F5F5F5F5F5F5F5F5F5F5F5F5F5F5F5F5F5F5F5F5F5F5F5F5F5E9E9E9CCCCBEBEBEBE0F0FF5F50F0F0F0F0F0FF5F5CC75C2F5C3F5F5F5F5F5F5F5F5F5F5F5F5F5F5F5F5F5F5F5F5F5F5F5F5E2E2E2EFE2E2F5F5F5C3F5F5F5F5F5F5C20FF5CCCC0F0F0F0F0F0F0F0F0F0FF5F5
310
F5F50F0F0F0F0F0F0F0F0F0F0F75CCF5F50FF5C2F5F5F5F5F5C2C2C2C2C2C2C2C2C2C2C2C2C2C2C2C2C2C2C2C2C2C2C2C2C2C2C2C2C2C2C2C2C2C2C2C2F5F5F5F5F5F5F5C2F5F5F5F5F5F5F5F5F5F5F5F5F5F5F5F5F5F5F5F5F5F5F5F5F5F5CCCCE9E9E9F5BEBEBEBEBE0F0F0F0F0F0F0F0F0F0F0F0FCC75C2F5C3F5F5F5F5
310
F5F5F5F5F5F5F5F5F5F5F5F5F5F5F5F5F5F5F5F5E2E2E2EFE2E2F5F5F5C3F5F5F5F5F5F5C20FF5CC0FF5F5F5F5F5F5F5F5F5F5F5F5F5F5F5F5F5F5F5F5F5F5F5F5F50FCCF5F50FF5C2F5F5F5F5F5F5F5F5F5F5F5F5F5F5F5F5F5F5F5F5F5F5F5F5F5F5F5F5F5F5F5F5F5F5F5F5F5F5F5F5F5F5F5F5F5F5F5F5C2F5F5F5F5F5
310
F5F5F5F5F5F5F5F5F5F5F5F5F5F5F5F5F5F5F5CCE9E9E9E9CCBEBEBEBEF5BEBE0F0FBEF5F5F5F5F5F5F5F5F5CC75C2F5C3F5F5F5F5F5F5F5F5F5F5F5F5F5F5F5F5F5F5F5F5F5F5F5F5E2E2E2EFE2E2F5F5F5C3F5F5F5F5F5F5C20FF5CC0FF5F5F5F5F5F5F5F5F5F5F5F5F5F5F5F5F5F5F5F5F5F5F5F50F75CCF5F50FF5C2F5
310
F5F5F5F5F5F5F5F5F5F5F5F5F5F5F5F5F5F5F5F5F5F5F5F5F5F5F5F5F5F5F5F5F5F5F5F5F5F5F5F5F5F5F5F5F5F5F5C2F5F5F5F5F5F5F5F5F5F5F5F5F5F5F5F5F5F5F5F5F5F5F5E9E9E9E9CCF5BEBEBEF50F0F0F0F0F0F0FF5F50F0F0F0F0F0F0FCC75C2F5C3F5F5F5F5F5F5F5F5F5F5F5F5F5F5F5F5F5F5F5F5F5F5F5F5E2
310
E2E2EFE2E2F5F5F5C3F5F5F5F5F5F5C20FF5CCBA0F0F0F0F0F0F0F0F0F0F0FF5F50F0F0F0F0F0F0F0F0F0F0FF575CCF5F50FF5C2F5F5F5F5F5F5F5F5F5F5F5F5F5F5F5F5F5F5F5F5F5F5F5F5F5F5F5F5F5F5F5F5F5F5F5F5F5F5F5F5F5F5F5F5F5F5F5F5C2F5F5F5F5F5F5F5F5F5F5F5F5F5F5F5F5F5F5F5F5F5CCCCF5F5CC
310
F5BEBEBEF5BEBEF50F0FBE0F0FF50F0F0F0F0F0F0F0F0FCC75C2F5C3F5F5F5F5F5F5F5F5F5F5F5F5F5F5F5F5F5F5F5F5F5F5F5F5E2E2E2EFE2E2F5F5F5C3F5F5F5F5F5F5C20FF5CCBA1B1B1B1B1B1B1B1B1B1B1B1B1B1B1B1B1B1B1B1B1B1B1B1B1B75CCF5F50FF5C2F5F5F5F5F5F5F5F5F5F5F5F5F5F5F5F5F5F5F5F5F5F5
310
F5F5F5F5F5F5F5F5F5F5F5F5F5F5F5F5F5F5F5F5F5F5F5F5F5F5C2F5F5F5F5F5F5F5F5F5F5F5F5F5F5F5F5F5F5F5CCCCE9E90F0F0F0FBEBEF5BEF50FBE0F0FF5F50FF5F5F5F5F5F5F5F5F5F5CC75C2F5C3F5F5F5F5F5F5F5F5F5F5F5F5F5F5F5F5F5F5F5F5F5F5F5F5E2E2E2EFE2F5F5F5F5C3F5F5F5F5F5F5C20FF5CCBAF5
310
F5F5F5F5F5F5F5F5F5F5F5F5F5F5F5F5F5F5F5F5F5F5F5F575CCF5F50FF5C2F5F5F5F5F5F5F5F5F5F5F5F5F5F5F5F5F5F5F5F5F5F5F5F5F5F5F5F5F5F5F5F5F5F5F5F5F5F5F5F5F5F5F5F5F5F5F5F5C21B1B1B1B1B1B1B1B1B1B1B1B1B1B1B1B1BCCE9E9E9E9CCF5BE0FBEF5BEBEF5BE0F0FF5F5F5F50FF5F5F5F5F5F5F5F5
310
F5F5CC75C2F5C3F5F5F5F5F5F5F5F5F5F5F5F5F5F5F5F5F5F5F5F5F5F5F5F5F5E2E2EFE2F5F5F5F5C3F5F5F5F5F5F5C20FF5CCBAF5F5F5F5F5F5F5F5F5F5F5F5F5F5F5F5F5F5F5F5F5F5F5F5F575CCF5F50FF5C2F5F5F5F5F5F5F5F5F5F5F5F5F5F5F5F5F5F5F5F5F5F5F5F5F5F5F5F5F5F5F5F5F5F5F5F5F5F5F5F5F5F5F5
310
F5F5F5F5F5C2F5CCCCF5F5F5F5F5CCCCF5F5F5F5F5F5E9E9E9E9CCCCBEBEBE0FF5BEF5BEBEBEBE0F0FF5F5F5F5F5F5F5F5F5F5F5F5F5F5BA75C2F5C3F5F5F5F5F5F5F5F5F5F5F5F5F5F5F5F5F5F5F5F5F5F5F5F5F5E2E2EFE2F5F5F5F5C3F5F5F5F5F5F5C20FF50F0F0F0F0F0F0F0F0F0F0F0F0F0F0F0F0F0F0F0F0F0F0F0F
310
0F0F0F0F0FF5F50FF5C2F5F5F5F5F5F5F5F5F5F5F5F5F5F5F5F5F5F5F5F5F5F5F5F5F5F5F5F5F5F5F5F5F5F5F5F5F5F5F5F5F5F5F5F5F5F5F5F5C2BACCCCBABABABABACCCCBABABABABABABEE9E9E9F5BEBEBE0F0F0FF5BEF5BEF5F5F5F50F0F0F0F0F0F0F0F0F0F0FF5F5F57575C2F5C3F5F5F5F5F5F5F5F5F5F5F5F5F5F5
310
F5F5F5F5F5F5F5F5F5F5F5E2E2EFE2F5F5F5F5C3F5F5F5F5F5F5C20FF51BF5F5F5F5F5F5F5F5F5F5F5F5F5F5F5F5F5F5F5F5F5F5F5F5F5F5F51BF5F50FF5C2F5F5F5F5F5F5F5F5F5F5F5F5F5F5F5F5F5F5F5F5F5F5F5F5F5F5F5F5F5F5F5F5F5F5F5F5F5F5F5F5F5F5F5F5F5F5F5F5C227272727270F0F0F0F0F0F0F0F0F0F
310
0F0FBEF5BEBEBEF5BE0F0F0FBEBEBEF5F5F5F5F5F5F5F5F5F50F0F0F0F0F0FF5F5F57575C2F5C3F5F5F5F5F5F5F5F5F5F5F5F5F5F5F5F5F5F5F5F5F5F5F5F5F5E2E2EFE2F5F5F5F5C3F5F5F5F5F5F5C20F0F0F1B1B1B1B1B1B1B1B1B1B1B1B0F1B1B1B1B1B1B1B1B1B1B1B1B1B1B0F0F0F0FF5C2F5F5F5F5F5F5F5F5F5F5F5
310
F5F5F5F5F5F5F5F5F5F5F5F5F5F5F5F5F5F5F5F5F5F5F5F5F5F5F5F5F5F5F5F5F5F5F5F5F5C2F5F5F5F5270F0F0F0F0F0F0F0F0F0F0FBEBEBEBEBEF5BEF5BE0FBEBE0FF5F5F5F5F5F5F5F5F5F5F5F5F5F5F5F5F5F5F5F57575C2F5C3F5F5F5F5F5F5F5F5F5F5F5F5F5F5F5F5F5F5F5F5F5F5F5F5F5E2E2EFE2F5F5F5F5C3F5
310
F5F5F5F5F5C20FF5F5F5F5F5F5F5F5F5F5F5F5F5F50FF5F5F5F5F5F5F5F5F5F5F5F5F5F5F5F50F0FF5C2F5F5F5F5F5F5F5F5F5F5F5F5F5F5F5F5F5F5F5F5F5F5F5F5F5F5F5F5F5F5F5F5F5F5F5F5F5F5F5F5F5F5F5F5F5F5F5F5C2F5F5F5F52727F5F5F5F5F5F5F5F5F5F5BEF5BEF5BEBEF5BEF50FF5F5F50FF5F5F5F5F5F5
310
F5F5F5F5F5F5F5F5F5F5F5F5F57575C2F5C3F5F5F5F5F5F5F5F5F5F5F5F5F5F5F5F5F5F5F5F5F5F5F5F5F5E2E2EFE2F5F5F5F5C3F5F5F5F5F5F5C2F5F5F5F5F5F5F5F5F5F5F5F5F5F5F50FF5F5F5F5F5F5F5F5F5F5F5F5F5F5F5F5F5F5F5C2F5F5F5F5F5F5F5F5F5F5F5F5F5F5F5F5F5F5F5F5F5F5F5F5F5F5F5F5F5F5F5F5
310
F5F5F5F5F5F5F5F5F5F5F5F5F5F5F5F5C2F5F5F5F52727F5F5F5F5F5F5F5F5F5F5BEF5BEBEF5BEBE0F0F0F0FF5F5F50FF5F5F50F0F0F0F0FF5F5F5F5F5F5F5F5F5F57575C2F5C3F50F0F0F0F0F0F0FF5F5F5F5F50F0F0F0F0F0F0F0F0FF5F5F5E2E2EFE2F5F5F5F5C3F5F5F5F5F5F5C2F5F50F0F0F0F0F0F0F0FF5F5F5F5F5
310
0FF5F5F5F5F5F5F5F5F5F5F5F5F5F5F5F5F5F5F5C2F5F5F5F5F5F5F5F5F5F5F5F5F5F5F5F5F5F5F5F5F5F5F5F5F5F5F5F5F5F5F5F5F5F5F5F5F5F5F5F5F5F5F5F5F5F5F5F5C2F5F5F5F52727F5F5F5F5F5F5F5F5F5F5BEF5F50F0FF5BEF5F5F5F5F5F5F5F50F0F0F0F0F0F0F0F0F0F0F0FF5F5F5F5F5F57575C2F5C3F5F5F5
310
F5F5F5F5F5F5F5F5F5F5F5F5F5F5F5F5F5F5F5F5F5F5E2E2EFE2F5F5F5F5C3F5F5F5F5F5F5C2F5F50F0F0F0F0F0F0F0FF5F5F5F5F50FF5F5F5F5F5F5F5F5F5F5F5F5F5F5F5F5F5F5F5C2F5F5F5F5F5F5F5F5F5F5F5F5F5F5F5F5F5F5F5F5F5F5F5F5F5F5F5F5F5F5F5F5F5F5F5F5F5F5F5F5F5F5F5F5F5F5F5F5C2F5F5F5F5
310
2727F5F5F5F5F5F5F5F5F5F5BE0FBEF50F0FF5F50F0FF5F5F5F5F5F5F5F5F5F5F5F5F5F5F5F5F5F5F5F5F5F5F57575C2F5C3F5F5F5F5F5F5F5F5F5F5F5F5F5F5F5F5F5F5F5F5F5F5F5F5F5E2E2EFE2F5F5F5F5C3F5F5F5F5F5F5C2F5F50F0F0F0F0F0F0F0F0F0F0FF5F50FF5F5F5F5F5F5F5F5F5F5F5F5F5F5F5F5F5F5F5C2
310
F5F5F5F5F5F5F5F5F5F5F5F5F5F5F5F5F5F5F5F5F5F5F5F5F5F5F5F5F5F5F5F5F5F5F5F5F5F5F5F5F5F5F5F5F5F5F5F5C2F5F5F5F52727F5F5F5F5F5F5F5F5F5F50F0F0FBEF5F50F0F0F0F0FF5F5F5F5F5F5F5F5F5F5F5F5F5F5F5F5F5F5F5F5F5F57575C2F5C3F5F5F5F5F5F5F5F5F5F5F5F5F5F5F5F5F5F5F5F5F5F5F5F5
310
F5E2E2EFE2F5F5F5F5C3F5F5F5F5F5F5C2F5F50F0F0F0F0F0F0F0F0F0F0F0F0F0FF5F5F5F5F5F5F5F5F5F5F5F5F5F5F5F5F5F5F5C2F5F5F5F5F5F5F5F5F5F5F5F5F5F5F5F5F5F5F5F5F5F5F5F5F5F5F5F5F5F5F5F5F5F5F5F5F5F5F5F5F5F5F5F5F5F5F5F5C2F5F5F5F52727F5F5F5F5F50F0F0FF50FBEBEBE0FF5F5F5F50F
310
0F0FF5F5F5F5F5F5F5F5F5F5F5F5F5F5F5F5F5F5F5F5F5F57575C2F5C3F5F5F50F0F0F0F0F0F0F0F0F0F0F0F0F0FF5F5F5F5F5F5F5F5E2E2EFE2E2F5F5F5C3F5F5F5F5F5F5C2C2C2C2C2C2C2C2C2C2C2C2C2C2C2C2C2C2C2C2C2C2C2C2C2C2C2C2C2C2C2C2C2C2C2C2C2F5F5F5F5F5F5F5F5F5F5F5F5F5F5F5F5F5F5F5F5F5
310
F5F5F5F5F5F5F5F5F5F5F5F5F5F5F5F5F5F5F5F5F5F5F5F5F5F5F5C2F5F5F5F52727F5F5F5F5F50F0F0F0FF5BEF5F5F50FF5F5F50F0FF5F5F5F5F5F5F5F5F5F5F5F5F5F5F5F5F5F5F5F5F5F5F57575C2F5C3F5F5F5F5F5F5F5F5F5F5F5F5F5F5F5F5F5F5F5F5F5F5F5F5E2E2E2EFE2E2F5F5F5C3F5F5F5F5F5F5F5F5F5F5F5
310
F5F5F5F5F5F5F5F5F5F5F5F5F5F5F5F5F5F5F5F5F5F5F5F5F5F5F5F5F5F5F5F5F5F5F5F5F5F5F5F5F5F5F5F5F5F5F5F5F5F5F5F5F5F5F5F5F5F5F5F5F5F5F5F5F5F5F5F5F5F5F5F5F5F5F5F5F5F5F5F5C2F5F5F5272727F5F5F5F5F5F5F5F5F5F5BEF5F5F5F50FF5F5F5F5F5F5F5F5F5F5F5F5F5F5F5F5F5F5F5F5F5F5F5F5
310
F5F5F57575C2F5C3F50F0F0F0F0F0F0F0F0F0F0F0F0F0F0F0F0F0F0FF5F5F5F5E2E2E2EFE2E2F5F5F5C3F5F5F5F5F5F5F5F5F5F5F5F5F5F5F5F5F5F5F5F5F5F5F5F5F5F5F5F5F5F5F5F5F5F5F5F5F5F5F5F5F5F5F5F5F5F5F5F5F5F5F5F5F5F5F5F5F5F5F5F5F5F5F5F5F5F5F5F5F5F5F5F5F5F5F5F5F5F5F5F5F5F5F5F5F5
310
F5F5F5F5F5F5C2272727272727F5F5F5F5F5F5F5F5F5F5F5F5F5F5F5F50F0F0F0F0F0F0F0F0F0F0F0FF5F5F5F5F5F5F5F5F5F5F5F5F5F5F57575C2F5C3F50F0F0F0F0F0F0F0F0F0F0F0F0F0F0F0F0F0F0FF5F5F5F5E2E2E2EFE2E2F5F5F5C3F5F5F5F5F5F5F5F5F5F5F5F5F5F5F5F5F5F5F5F5F5F5F5F5F5F5F5F5F5F5F5F5
310
F5F5F5F5F5F5F5F5F5F5F5F5F5F5F5F5F5F5F5F5F5F5F5F5F5F5F5F5F5F5F5F5F5F5F5F5F5F5F5F5F5F5F5F5F5F5F5F5F5F5F5F5F5F5F5F5F5F5F5C2F5F5F5272727F5F5F5F5F5F5F5F5F5F5F5F5F5F5F5F5F5F5F50F0F0F0F0FF5F5F5F5F5F5F5F5F5F5F5F5F5F5F5F5F5F5F57575C2F5C3F5F5F5F5F5F5F5F5F5F5F5F5F5
310
F5F5F5F5F5F5F5F5F5F5F5E2E2E2EFE2E2F5F5F5C3F5F5F5F5F5F5F5F5F5F5F5F5F5F5F5F5F5F5F5F5F5F5F5F5F5F5F5F5F5F5F5F5F5F5F5F5F5F5F5F5F5F5F5F5F5F5F5F5F5F5F5F5F5F5F5F5F5F5F5F5F5F5F5F5F5F5F5F5F5F5F5F5F5F5F5F5F5F5F5F5F5F5F5F5F5F5F5F5F5F5F5C2C2C2C2C2C2C2C2C2C2C2C2C2C2C2
310
C2C2C2C2C2C2C2C2C2C2C2C2C2C2C2C2C2C2C2C2C2C2C2C2C2C2C2C2C2C2C2C2C2C2C2C2C2C2F5C3F5F5F5F5F5F5F5F5F5F5F5F5F5F5F5F5F5F5F5F5F5F5F5F5E2E2E2EFE2E2F5F5F5C3F5F5F5F5F5F5F5F5F5F5F5F5F5F5F5F5F5F5F5F5F5F5F5F5F5F5F5F5F5F5F5F5F5F5F5F5F5F5F5F5F5F5F5F5F5F5F5F5F5F5F5F5F5
310
F5F5F5F5F5F5F5F5F5F5F5F5F5F5F5F5F5F5F5F5F5F5F5F5F5F5F5F5F5F5F5F5F5F5F5F5F5F5F5F5F5F5F5F5F5F5F5F5F5F5F5F5F5F5F5F5F5F5F5F5F5F5F5F5F5F5F5F5F5F5F5F5F5F5F5F5F5F5F5F5F5F5F5F5F5F5F5F5F5F5F5F5C3F5F5F5F5F5F5F5F5F5F5F5F5F5F5F5F5F5F5F5F5F5F5F5F5E2E2E2EFBEE2F5F5F5C3
310
C3C3C3C3C3C3C3C3C3C3C3C3C3C3C3C3C3C3C3C3C3C3C3C3C3C3C3C3C3C3C3C3C3C3C3C3C3C3C3C3C3C3C3C3C3C3C3C3C3C3C3C3C3C3C3C3C3C3C3C3C3C3C3C3C3C3C3C3C3C3C3C3C3C3C3C3C3C3C3C3C3C3C3C3C3C3C3C3C3C3C3C3C3C3C3C3C3C3C3C3C3C3C3C3C3C3C3C3C3C3C3C3C3C3C3C3C3C3C3C3C3C3C3C3C3C3C3
310
C3C3C3C3C3C3C3C3C3C3C3C3C3C3C3C3C3C3C3F5F5F5F5F5F5F5F5F5F5F5F5F5F5F5F5F5F5F5F5F5F5F5F5E2BEE2EFBEE2F5F5F5F5F5F5F5F5F5F5F5F5F5F5F5F5F5F5F5F5F5F5F5F5F5F5F5F5F5F5F5F5F5F5F5F5F5F5F5F5F5F5F5F5F5F5F5F5F5F5F5F5F5F5F5F5F5F5F5F5F5F5F5F5F5F5F5F5F5F5F5F5F5F5F5F5F5F5
310
F5F5F5F5F5F5F5F5F5F5F5F5F5F5F5F5F5F5F5F5F5F5F5F5F5F5F5F5F5F5F5F5F5F5F5F5F5F5F5F5F5F5F5F5F5F5F5F5F5F5F5F5F5F5F5F5F5F5F5F5F5F5F5F5F5F5F5F5F5F5F5F5F5F5F5F5F5F5F5F5F5F5F5F5F5F5F5F5F5F5F5F5F5F5F5F5E2BEE2EFBEE2E2E2E2E2E2E2E2E2F5F5F5F5F5F5F5F5F5E2E2E2E2E2E2E2E2
310
E2E2E2E2E2E2E2E2F5F5F5F5F5F5F5F5F5E2E2E2E2E2E2E2E2E2E2E2E2E2E2E2E2F5F5F5F5F5F5F5F5F5E2E2E2E2E2E2E2E2E2E2E2E2E2E2E2E2F5F5F5F5F5F5F5F5F5E2E2E2E2E2E2E2E2E2E2E2E2E2E2E2E2F5F5F5F5F5F5F5F5F5E2E2E2E2E2E2E2E2E2E2E2E2E2E2E2E2F5F5F5F5F5F5F5F5F5E2E2E2E2E2E2E2E2E2E2
310
E2E2E2E2E2E2F5F5F5F5F5F5F5F5F5E2E2E2E2E2E2E2E2BEE2EFBEF5F5F5F5F5F5F5F5F5F5F5F5F5F5F5F5F5F5F5F5F5F5F5F5F5F5F5F5F5F5F5F5F5F5F5F5F5F5F5F5F5F5F5F5F5F5F5F5F5F5F5F5F5F5F5F5F5F5F5F5F5F5F5F5F5F5F5F5F5F5F5F5F5F5F5F5F5F5F5F5F5F5F5F5F5F5F5F5F5F5F5F5F5F5F5F5F5F5F5F5
310
F5F5F5F5F5F5F5F5F5F5F5F5F5F5F5F5F5F5F5F5F5F5F5F5F5F5F5F5F5F5F5F5F5F5F5F5F5F5F5F5F5F5F5F5F5F5F5F5F5F5F5F5F5F5F5F5F5F5F5F5F5F5F5F5F5F5F5F5F5F5F5F5F5F5F5F5BEE2EFBEF5F5F5F5F5F5F5F5F5F5F5F5F5F5F5F5F5F5F5F5F5F5F5F5F5F5F5F5F5F5F5F5F5F5F5F5F5F5F5F5F5F5F5F5F5F5F5
310
F5F5F5F5F5F5F5F5F5F5F5F5F5F5F5F5F5F5F5F5F5F5F5F5F5F5F5F5F5F5F5F5F5F5F5F5F5F5F5F5F5F5F5F5F5F5F5F5F5F5F5F5F5F5F5F5F5F5F5F5F5F5F5F5F5F5F5F5F5F5F5F5F5F5F5F5F5F5F5F5F5F5F5F5F5F5F5F5F5F5F5F5F5F5F5F5F5F5F5F5F5F5F5F5F5F5F5F5F5F5F5F5F5F5F5F5F5F5F5F5F5F5F5F5F5F5F5
310
F5F5BEEFEFBEBEBEBEBEBEE2E2E2E2E2E2E2E2E2E2E2E2E2E2E2E2E2E2E2E2E2E2E2E2E2E2E2E2E2E2E2E2E2E2E2E2E2E2E2E2E2E2E2E2E2E2E2E2E2E2E2E2E2E2E2E2E2E2E2E2E2E2E2E2E2E2E2E2E2E2E2E2E2E2E2E2E2E2E2E2E2E2E2E2E2E2E2E2E2E2E2E2E2E2E2E2E2E2E2E2E2E2E2E2E2E2E2E2E2E2E2E2E2E2E2E2
310
E2E2E2E2E2E2E2E2E2E2E2E2E2E2E2E2E2E2E2E2E2E2E2E2E2E2E2E2E2E2E2E2E2E2E2E2E2E2E2E2E2E2E2E2E2E2E2E2E2E2BEBEBEBEBEBEEFEF
  0
FIELD
  5
2237
330
2236
100
AcDbField
  1
AcSm
  2
\AcSm ?View.Number \f "%tc1"
 90
        0
 97
        0
 91
       63
 92
        0
 94
       27
 95
        2
 96
        0
300

 93
        2
  6
SheetSetCompName
 93
        0
 90
        4
  1
?View
 94
        0
300

302

  6
SheetSetPropertyName
 93
        0
 90
        4
  1
Number
 94
        0
300

302

  7
ACFD_FIELD_VALUE
 93
        0
 90
        4
  1
ViewNumber
 94
        0
300
%tc1
302

301

 98
       10
  0
FIELD
  5
224D
330
224C
100
AcDbField
  1
AcSm
  2
\AcSm ?View.Number \f "%tc1"
 90
        0
 97
        0
 91
       63
 92
        0
 94
       27
 95
        2
 96
        0
300

 93
        2
  6
SheetSetCompName
 93
        0
 90
        4
  1
?View
 94
        0
300

302

  6
SheetSetPropertyName
 93
        0
 90
        4
  1
Number
 94
        0
300

302

  7
ACFD_FIELD_VALUE
 93
        0
 90
        4
  1
ViewNumber
 94
        0
300
%tc1
302

301

 98
       10
  0
FIELD
  5
2263
330
2262
100
AcDbField
  1
AcSm
  2
\AcSm ?View.Number \f "%tc1"
 90
        0
 97
        0
 91
       63
 92
        0
 94
       27
 95
        2
 96
        0
300

 93
        2
  6
SheetSetCompName
 93
        0
 90
        4
  1
?View
 94
        0
300

302

  6
SheetSetPropertyName
 93
        0
 90
        4
  1
Number
 94
        0
300

302

  7
ACFD_FIELD_VALUE
 93
        0
 90
        4
  1
ViewNumber
 94
        0
300
%tc1
302

301

 98
       10
  0
FIELD
  5
2279
330
2278
100
AcDbField
  1
AcSm
  2
\AcSm ?View.Number \f "%tc1"
 90
        0
 97
        0
 91
       63
 92
        0
 94
       27
 95
        2
 96
        0
300

 93
        2
  6
SheetSetCompName
 93
        0
 90
        4
  1
?View
 94
        0
300

302

  6
SheetSetPropertyName
 93
        0
 90
        4
  1
Number
 94
        0
300

302

  7
ACFD_FIELD_VALUE
 93
        0
 90
        4
  1
ViewNumber
 94
        0
300
%tc1
302

301

 98
       10
  0
XRECORD
  5
23EE
330
23ED
100
AcDbXrecord
280
     1
 10
0.8423
 10
2.117
  0
XRECORD
  5
2405
330
2404
100
AcDbXrecord
280
     1
 10
0.8423
 10
2.1159
  0
XRECORD
  5
241C
330
241B
100
AcDbXrecord
280
     1
 10
0.8423
 10
1.9272
  0
XRECORD
  5
2433
330
2432
100
AcDbXrecord
280
     1
 10
0.8423
 10
1.9354
  0
LAYOUT
  5
22
330
1A
100
AcDbPlotSettings
  1

  2
DWF6 ePlot.pc3
  4
ANSI_A_(8.50_x_11.00_Inches)
  6

 40
5.7937
 41
17.7938
 42
5.7937
 43
17.7938
 44
215.9
 45
279.4
 46
0.0
 47
0.0
 48
0.0
 49
0.0
140
0.0
141
0.0
142
1.0
143
148.9195
 70
 11952
 72
     0
 73
     1
 74
     1
  7

 75
     0
147
0.0067
 76
     0
 77
     2
 78
   300
148
1365.4497
149
-347.9193
100
AcDbLayout
  1
Model
 70
     1
 71
     0
 10
0.0
 20
0.0
 11
12.0
 21
9.0
 12
0.0
 22
0.0
 32
0.0
 14
0.0
 24
0.0
 34
0.0
 15
0.0
 25
0.0
 35
0.0
146
0.0
 13
0.0
 23
0.0
 33
0.0
 16
1.0
 26
0.0
 36
0.0
 17
0.0
 27
1.0
 37
0.0
 76
     0
330
1F
331
94
1001
ACAD_PSEXT
1000
DWF6 ePlot.pc3
1000
DWF6 ePlot
1000
File
1000

1070
     0
  0
LAYOUT
  5
2189
330
1A
100
AcDbPlotSettings
  1

  2
DWF6 ePlot.pc3
  4
ARCH_D_(36.00_x_24.00_Inches)
  6

 40
5.7937
 41
17.7938
 42
5.7938
 43
17.7938
 44
914.4
 45
609.6
 46
0.0
 47
0.0
 48
0.0
 49
0.0
140
0.0
141
0.0
142
1.0
143
1.0
 70
   688
 72
     0
 73
     0
 74
     5
  7

 75
    16
147
1.0
 76
     0
 77
     2
 78
   300
148
0.0
149
0.0
100
AcDbLayout
  1
SECTIONS AND DETAILS
 70
     1
 71
     1
 10
-0.2281
 20
-0.7005
 11
35.7719
 21
23.2995
 12
0.0
 22
0.0
 32
0.0
 14
-0.2499
 24
-0.7499
 34
0.0
 15
35.7499
 25
23.2499
 35
0.0
146
0.0
 13
0.0
 23
0.0
 33
0.0
 16
1.0
 26
0.0
 36
0.0
 17
0.0
 27
1.0
 37
0.0
 76
     0
330
2188
1001
ACAD_PSEXT
1000
DWF6 ePlot.pc3
1000
DWF6 ePlot
1000
File
1000

1070
     0
  0
ENDSEC
  0
EOF
